gene,4C_NC1,4C_NC2,4C_NC3,4C_KD1,4C_KD2,4C_KD3
OR4F29,0.511390982,0.002459185,0.723841954,0.398774215,0.576380639,0.665424263
MRPL20,2.186088001,1.731079382,1.678695208,1.292618841,1.588573833,1.461933371
MIB2,0.409573231,0.248051623,0.159085312,-0.381174788,-0.017598134,-0.292934554
HES2,-0.302022964,0.007171409,0.100999871,-0.384705445,-0.144670645,-1
NOL9,0.905331644,0.889477942,0.367549218,0.162880624,-0.011659911,0.265644158
CA6,0.717858003,0.820633678,0.290492583,-0.531840062,0.111582996,-0.252581354
NMNAT1,0.860519939,1.023583024,1.016941218,-0.006376762,-0.405866837,0.133215769
MASP2,0.059146047,-0.68646319,-0.133650158,-1,-0.379820095,-0.928341462
DISP3,0.234054599,0.253662079,-0.476410435,-0.859080066,-0.476900051,-0.727349664
FBXO2,0.165439737,0.274307431,-0.21982147,-0.208196517,-0.220404543,-0.35850951
FBXO44,0.295310752,0.33122554,0.096852679,-0.945761171,-0.721159375,-0.782629677
FBXO6,0.497949764,0.003865803,0.219662321,0.275253887,-0.130404792,0.079325098
PRAMEF11,2.422979721,2.548812047,2.15787231,-0.133278071,-0.127578055,0.140866477
HNRNPCL1,2.562541993,2.846958569,2.340998176,-0.159380863,0.119946411,0.260809402
PRAMEF4,2.792429723,2.778365006,2.315109397,-0.103220068,-0.036307007,0.039849779
PRAMEF10,2.049759074,2.282299104,2.004984283,-0.205503168,-1,-0.698635258
PRAMEF6,2.685054672,2.8190787,2.286790126,0.396757718,0.114459693,0.587375423
PRAMEF27,2.637431712,2.564944358,2.360987172,-0.453658001,0.082059969,-0.198670075
HNRNPCL3,2.401214689,2.824211549,2.376511749,-0.579260691,-0.000422412,-0.363901988
PRAMEF25,2.229044743,2.240986185,1.963860131,-0.078913449,-0.073108639,0.30345106
HNRNPCL2,2.667671935,2.909552089,2.500219225,-0.332292007,0.421778886,0.110291566
PRAMEF26,2.683787954,2.803330602,2.415327331,0.099836664,0.364731289,0.592424458
HNRNPCL4,2.711409726,3.10653307,2.510593483,-0.377614621,-0.086132956,0.022193324
PRAMEF9,2.656371636,2.849295971,2.359288446,-0.423634302,-0.041112237,0.081626902
PRAMEF18,1.89905822,2.048085598,1.576178828,-0.837445979,-1,-1
PRAMEF5,2.666162957,2.889806431,2.36166237,-0.02429133,0.143768013,0.412693447
PRAMEF33,1.834671989,2.315626535,1.724340481,-0.650471358,-1,-1
PRAMEF15,2.70574173,2.886390518,2.443262557,-0.453991489,0.096688078,0.297453526
PRAMEF19,2.308030338,2.506687292,1.967110089,-0.877517193,-0.677232228,-1
PRAMEF17,2.088080281,1.934731677,1.680993651,-0.659697629,-0.823008658,-1
PRAMEF20,2.326663505,2.430399418,2.192017066,-1,-0.223933786,-0.087623245
RSC1A1,0.633734234,0.940890668,0.766957347,0.436452565,0.557671209,0.437148774
ARHGEF19,-0.926774804,0.089907276,-0.027013748,-0.825233647,-0.150090296,-1
PLA2G2A,-0.074087029,-1,-0.61694474,-0.201323199,-0.474201575,-0.379599407
CELA3B,0.917850192,0.268457988,0.575895862,-1,-0.33642296,-0.224831397
CELA3A,0.932215357,-0.186235884,0.666540016,-0.12461097,0.235251731,0.611358154
CDC42,1.494099131,1.403165871,1.274834495,1.111561781,1.225045028,1.072418147
TEX46,-0.135227007,-0.355222031,0.280407523,-1,0.221091609,-0.249619771
LUZP1,1.483546097,1.492447747,1.232632161,0.536224588,0.96532807,0.880585588
RSRP1,1.433638826,2.090096106,1.587993588,-0.07987999,0.05165548,-0.133446277
TRIM63,-0.681620061,-0.346562435,-0.203850633,-0.406989201,-0.422854106,-0.723443748
FAM110D,-0.457737455,-1,-0.804599758,-0.735628885,-0.732611756,-0.461482881
CNKSR1,0.182698067,0.443085672,-0.250377556,-0.684806114,-0.419445061,-0.751685863
SH3BGRL3,2.545847708,2.490639041,2.142970714,0.927120642,1.217585618,0.3408926
GPATCH3,1.58380319,1.744774916,1.254340335,0.776735396,0.818957508,0.783148209
DNAJC8,2.404226679,2.156659587,1.925934867,2.021117196,2.183229515,1.913322758
ATP5IF1,2.383947376,2.317158393,1.955367438,1.182986586,0.917559927,0.981048664
YTHDF2,1.833037447,1.738107679,1.349939251,0.843993004,1.15728807,0.714236268
TMEM234,0.249299228,0.153769057,0.516445742,0.347997916,0.023657025,0.113136658
RNF19B,1.296616246,1.137926552,1.025761619,0.930070313,0.812096617,0.785203133
A3GALT2,-0.107880502,0.471715746,-0.019977165,0.11140509,-0.191624982,-0.489519502
MANEAL,0.359810003,0.382752864,0.071984214,-1,-1,-1
YRDC,1.863435933,1.765299785,1.404859257,0.076163509,-0.276047616,-0.458487254
PPIE,0.600284722,0.594138407,0.178469869,0.333246289,0.397593194,0.286228913
MFSD2A,1.643873104,1.859759036,1.30881535,0.972439237,1.307272291,0.945902346
ZNF684,1.14571817,1.060926043,0.813631221,0.529321563,0.809508385,0.629605579
CCDC30,-0.204537032,-0.765728712,-0.533962331,-0.710123342,-0.473367786,-0.594283776
ERMAP,0.28702043,0.181241328,-0.139310875,0.069854781,-0.043344521,-0.171280815
CFAP57,0.830872837,1.050739419,0.507565847,-0.506357195,-0.30152136,-0.407291143
ST3GAL3,-1,-0.834838349,-1,-0.782395478,-0.904972363,-0.983295371
KLF17,2.294138454,2.397664087,1.933916687,-0.797541665,-0.454399031,-0.905993955
AL451136.1,0.579163008,1.163978522,1.084111828,0.387227006,0.323813376,0.511241061
TESK2,0.846153462,1.205511897,1.110386139,0.420011864,0.375191024,0.483612927
STIL,1.481708871,1.313578368,1.204163812,0.897227732,0.737847146,0.758543581
FOXD2,0.537594985,-0.110890064,0.251378138,-1,-0.77487639,-1
RNF11,1.503637156,1.366718246,1.283599115,0.605833064,0.605168769,0.645322983
PRPF38A,1.822969818,2.071505213,1.779872448,1.436106996,1.131213268,1.309019442
SHISAL2A,-0.512355625,-1,-0.472349049,-1,-0.798169418,-1
TCEANC2,0.842302678,0.509067182,0.381455688,0.042381182,-0.067094628,0.043038327
GADD45A,1.531464468,1.635161478,1.755106708,-0.761658072,-1,-0.068665201
PTGER3,0.082738161,-0.324755552,-1,-1,-1,-0.629872403
AC118549.1,0.608727842,0.679138625,0.960920433,0.626901929,0.448043189,0.415129803
RPF1,1.859025312,1.81703825,1.492400033,1.474026434,1.468272864,1.269706752
C1orf52,1.895414674,1.998411632,1.53825913,0.068202136,-0.326591788,0.006687576
COL24A1,-0.914306757,-0.767924719,-1,-0.922217046,-0.682211723,-0.830063026
BRDT,2.118873306,2.118612234,1.832305665,1.424360762,1.290419529,1.264169212
EPHX4,0.516495013,0.362258386,-0.767808363,-1,-1,-0.569109788
GLMN,1.227437324,0.898684502,0.772355558,0.67163504,0.746923111,0.617152036
DNTTIP2,1.670444698,1.423743496,0.967097781,1.158847235,1.150926314,1.058285168
WDR47,1.900190258,1.760852564,1.666468194,1.190987267,1.093263168,1.007890817
TAF13,2.677250427,2.378791589,2.162232229,0.137531588,0.404269042,0.033893253
TMEM167B,1.512738425,1.421828981,1.172256206,0.120789412,0.242548751,0.174651316
RBM15,0.91716441,0.879521568,0.92652422,0.905623599,0.624700263,0.638661817
LAMTOR5,2.320166339,1.924609785,1.945682856,1.438833823,1.237747288,1.208275327
C1orf162,0.417191851,0.644799893,-1,-1,-1,-1
SLC16A1,1.868637043,2.167728204,1.778214144,1.196817453,1.24295586,1.16877968
LRIG2,0.417750314,0.588470969,0.220813254,-0.073072727,0.075161654,-0.016055169
PTPN22,-0.790806842,-0.045006941,-0.065322344,-1,-1,-1
SIKE1,1.832687174,1.360924088,1.384466636,1.463639489,1.392387515,1.378899517
SYCP1,0.211820362,-0.167950712,-0.028513127,-1,-0.862911941,-1
SPAG17,-0.085118584,-0.547624308,-0.543490522,-0.979747135,-1,-0.967500465
H3-2,0.797119493,0.65144254,0.762245647,0.532292136,0.797712064,0.800115819
ANKRD35,0.874195703,0.726337872,0.897788298,-1,-0.320830682,-0.719347214
RBM8A,2.39201186,2.304986077,2.007390499,1.241517149,1.231580282,1.230117044
NOTCH2NLA,0.536659085,0.333864752,0.532459876,-0.064697798,-0.23412786,-0.3121229
H2AC18,2.3854151,2.610220638,1.510545807,0.140474616,1.098175914,1.060941443
H2AC19,2.3027379,2.561572102,1.44521872,0.006489087,1.01602138,1.130492955
H2BC21,1.326052871,1.734112972,1.232032895,0.252698988,0.046571286,0.120001553
CTSS,0.736300846,-0.808717801,-0.036029327,-0.424126266,-0.530154213,-1
CTXND2,0.110159439,-1,-1,-0.753623605,-0.2098663,-1
TNFAIP8L2,0.188038106,-0.165168424,-0.187518531,-0.372504619,-1,-1
SCNM1,2.204862991,2.239084242,2.018682089,0.733874648,0.88860061,0.706166821
LYSMD1,1.826111503,1.090489043,1.520323543,0.192888093,-0.710042457,-0.049786336
RPS27,2.669173251,2.675691395,2.484666991,2.259680121,2.316285075,2.090329184
SLC50A1,1.323453473,0.947491658,0.658173975,0.569259599,0.086223719,0.578391234
DPM3,1.410150509,0.886838636,1.019339225,1.157040211,1.225842205,0.851155334
HCN3,-0.504109504,-0.814964321,-0.306491888,-0.750949563,-0.713095829,-1
PKLR,0.130882659,-0.766715748,-0.169208773,-0.691076579,-0.258780903,-0.706806059
ASH1L,0.725474963,0.602715181,0.410297008,0.154993851,-0.120000744,0.210536107
RIT1,1.407623426,1.571212311,1.566860359,-0.642430239,0.853615118,-1
CRABP2,1.424719432,1.062648514,1.66514315,0.502246435,0.8671175,0.683844778
ETV3L,-0.017129672,-0.128614669,0.1872146,-0.361387339,0.117194619,-0.215299092
CRP,0.693159408,-1,-0.472652311,-0.909093202,-0.855737114,-1
TSTD1,1.592798781,1.805522862,1.734335662,1.337180652,1.627523318,1.340826904
PFDN2,2.891237104,2.803990896,2.34687412,2.222500809,1.976370613,2.191156585
DUSP12,1.998244012,1.974070338,1.74196799,1.238745049,1.370786335,1.15844301
CCDC190,0.094971191,-0.383850883,0.016881216,-0.579947997,-0.198292278,-1
TMCO1,1.58906885,1.509683696,1.335660953,1.194810692,1.076605583,1.118376029
ADCY10,-0.403906668,0.141137103,-0.592802266,-0.772730231,-0.045015831,-0.949095799
XCL2,0.318188589,-0.300277143,-1,-1,-1,-1
XCL1,0.459122042,-0.547280872,0.282081244,-1,-1,-1
KIAA0040,1.123615877,-1,0.226524644,-0.092249373,-0.36342575,-0.44815878
AXDND1,-0.203728798,0.040988121,-0.442265527,-0.460211278,-1,-0.454893534
TOR1AIP2,1.194803452,1.127353357,0.847469115,0.184462369,-0.095614619,0.076404731
IER5,1.049031944,0.846207094,0.510832422,-0.408522079,0.181088708,-0.550083189
GLUL,1.609179426,1.468838596,1.104962765,-0.574749425,0.468223614,0.329948617
RGS8,-0.127719343,-0.394367374,-1,-0.826440603,-0.137017507,-0.872017227
KDM5B,1.562931587,1.528851928,1.122369646,-0.268376561,0.02780729,0.061457554
RABIF,1.103878755,1.570009628,0.920900019,1.237882539,1.20779668,0.952474685
PM20D1,0.397592012,0.6615068,0.714836481,-1,0.505346906,-1
UTP25,0.649023759,0.447920778,-0.016332485,-0.031891549,0.07849291,-0.465892369
ATF3,0.923388747,0.927608303,1.069394388,-0.770371471,0.049940715,-0.228063911
TATDN3,0.395762855,0.340064367,-0.037771368,0.278338162,0.285479442,-0.082522853
TGFB2,1.057911468,-0.400225104,-0.687930458,-1,-0.527481422,-0.860535813
ZC3H11B,-0.404230782,-0.334418007,-0.410847894,-0.375422256,-0.224976398,-0.275172834
DNAH14,-0.263512246,-0.54815266,-0.386241972,-0.311280346,-0.75301597,-0.498717896
SRP9,2.299803339,2.071584868,1.858132394,1.703874111,1.41183334,1.561823865
H3-3A,1.483865968,1.571840043,1.293034158,1.033935694,1.264480887,1.006790104
CCSAP,0.801917234,0.7598862,1.010368862,0.809130044,0.674976051,0.498487839
EXOC8,0.373718909,0.485673142,0.424404784,-0.244755656,-0.324583675,-0.184396105
SLC35F3,0.244265496,-0.441975474,-0.101235779,-0.317756028,-0.170182888,-0.283211322
COA6,2.003395565,1.617789573,1.330661388,0.646298377,0.639046471,0.521285687
GGPS1,1.102633047,1.332658426,1.017577613,0.836469714,0.657014126,0.750785447
ACTN2,0.395752313,0.425653523,-0.252438845,-0.834325111,-0.636412918,-0.520572505
TFB2M,2.277168516,2.232894223,1.869509245,1.126487407,0.99128703,0.678150118
CNST,1.45412411,1.379239874,1.023976733,1.159237265,1.014942557,1.033794574
AHCTF1,1.173001165,0.911211601,0.96714734,0.542520298,0.451730698,0.628731424
ZNF670,0.884147031,0.875500892,0.591984715,0.08957167,-0.320278772,-0.255790042
ZNF669,1.814991349,2.080507924,1.862799467,0.00018808,0.188499335,-0.005639613
ZNF124,0.198256684,0.637431256,0.462262639,0.48722793,-0.297354582,0.400996892
OR2T29,-1,-1,-0.396259363,-0.210443376,-0.153581379,-0.728436991
OR2T27,-0.31968917,-1,-0.107511801,-0.269106117,0.164122142,-0.158452643
SH3BP5L,0.359397365,0.829404856,0.521529233,0.206332872,0.269856531,0.008844359
PGBD2,0.798841543,0.35405074,-0.497845357,-0.086382145,-0.348799213,-0.090885719
ACP1,1.730498008,1.802143811,1.627580072,1.437822189,1.282083132,1.559261306
SOX11,0.748376007,0.462840359,0.63749674,-0.482378544,-0.633971247,-0.191831067
ID2,2.054599627,2.166414401,2.239956192,0.181972623,0.987418819,1.260477542
RRM2,1.990169934,2.228797508,2.03200688,1.962782754,1.873697745,1.742370275
TTC32,0.500879614,0.542549398,0.760422303,0.619981718,0.722086856,-0.043894334
UBXN2A,1.054302585,1.354787081,0.856951064,-0.678235534,0.160406134,0.056384512
SF3B6,2.606214801,2.699958622,2.54114343,2.062879427,2.117528575,2.059764834
PFN4,-1,-1,-1,-0.726545212,0.238633089,-1
POMC,1.79033824,2.033650422,1.298900887,-0.14867558,0.324933955,0.252423424
ADGRF3,0.31052354,1.178328085,0.623196108,-0.301852769,-0.159534107,-0.182599688
GPATCH11,1.3789863,1.591945722,1.285794103,0.876265858,1.121462629,0.78612026
NDUFAF7,1.468718333,1.727652917,1.496298201,0.375580382,0.482241381,0.433707776
SRSF7,2.173704701,2.300161861,1.878797141,1.724484822,1.676864983,1.723194613
CRIPT,1.670930627,1.899700537,1.661160831,0.43017226,0.370157686,0.265026836
FOXN2,1.615742112,1.890818727,1.47621915,0.287815655,0.287629625,0.271652783
CLHC1,0.444256308,0.422244569,0.02439187,-0.2470253,-0.156365929,-1
PPP4R3B,0.963853987,1.412833601,0.990222219,0.853360844,0.794180239,0.820529251
CCDC85A,-0.393206413,0.167030595,-0.594088762,-0.836787276,-0.628776058,-0.443842308
TMEM17,-1,-1,-1,-0.516655263,-0.504770194,-0.516169941
OTX1,0.864868953,1.316045404,1.133274956,-0.774809933,-0.551764404,-0.493200222
RAB1A,2.066309504,2.362134775,2.261814684,1.497672197,1.445940654,1.471705071
C1D,0.877405506,0.985094443,0.648588066,-0.003962341,0.212117217,-0.213377375
C2orf42,0.775571007,0.912123638,0.843762166,0.695460147,0.379565836,0.489590408
MPHOSPH10,1.491955856,1.694176502,1.207677734,0.881323233,0.90961709,0.799864598
TPRKB,1.649040025,1.458891968,0.850260337,0.35742028,0.226510243,-0.317786493
INO80B,0.744420428,1.200836868,1.099084816,0.588182909,0.401826664,0.580601646
MRPL53,2.058640527,2.191268272,1.761015516,1.314872222,1.6902806,1.761461887
CCDC142,1.158243812,1.311813428,0.855992651,0.449699864,0.827844484,0.86839013
HK2,1.034736645,1.172324316,0.77513291,0.469249811,0.642747328,0.634154564
POLE4,1.042270893,1.291976172,0.734621572,1.1649743,1.298162397,1.30829567
RETSAT,0.238612693,1.246170807,0.71157657,0.180028484,-0.290934438,0.163751965
ELMOD3,0.332625553,0.822724654,0.558277207,-0.329374058,-0.63593142,-0.310464878
MAT2A,1.91455327,2.28969347,1.814513706,1.272559355,1.220974997,1.217861464
SEMA4C,0.363633177,0.353709822,0.264619592,-1,-0.860049969,-0.86463033
LYG1,0.670500259,0.825801987,0.715393809,-0.502204991,-1,-1
C2orf49,1.401177802,1.467907197,1.23765447,0.806864602,1.251497258,0.916994767
NPHP1,0.324451892,0.39690119,-0.080874764,0.063320447,0.331430054,-0.0690033
BCL2L11,1.572423296,1.735797597,1.712174911,0.168653754,0.146166576,0.185878299
CKAP2L,0.833948986,1.319741911,1.126214807,1.024308294,1.096194679,0.875497907
IL1RN,0.319535576,0.171384173,-0.567101165,-1,-0.406054027,-0.662996044
EPC2,0.263501078,-0.142804362,-0.055848228,0.557401046,0.759765289,0.564846387
MMADHC,2.141224607,1.994789371,1.864632551,0.4273232,0.371527955,0.341566818
TANK,1.021154936,1.120820353,0.832820244,0.384988788,0.646875521,0.806345868
HAT1,1.626318143,1.672292666,1.387772782,1.038545983,1.018768702,0.930393409
DLX1,0.591060613,0.552767522,0.728898696,-1,-0.723644868,0.026376626
DLX2,0.427444982,0.590110664,0.84873792,-1,-0.744327137,-0.900649735
GPR155,0.583661577,0.876423181,1.283053676,-0.885405017,-0.311295179,-0.220895097
HOXD1,-0.328949067,0.454449853,0.705453728,0.259232256,0.550446766,0.235445913
PDE11A,0.060518762,-0.147878484,-0.07436094,-0.738999198,-0.821896183,-0.665909718
OSBPL6,0.471933085,0.88366787,0.509028555,-0.202843619,0.050300803,-0.444595648
DIRC1,-1,-1,-0.49653723,-0.012678259,-1,-1
ASDURF,1.871026683,1.781728337,1.799605368,1.83110612,1.744330809,1.712256811
RFTN2,-0.025437903,-0.309767803,-0.849853504,-0.827581523,-1,-1
SATB2,0.651948462,0.715892887,0.586471799,-0.011691825,0.238079354,0.270256381
C2orf69,1.023420002,1.262368129,1.243530777,0.526435862,0.597546122,0.531387027
BZW1,1.85169323,1.966403005,1.51014075,0.786589431,0.871866129,0.838306116
PPIL3,1.363883552,0.930797375,1.381284627,1.325838938,1.074440218,0.841363354
FAM126B,0.494844009,0.805914702,0.678909771,0.176889017,0.440714594,0.337383985
FLACC1,-0.746649373,-0.212547531,-0.307758029,-1,-0.720359701,-1
RAPH1,0.978175717,0.967935713,1.288908033,0.430679918,0.376866676,0.489003336
MYL1,-1,-1,-1,-1,-1,-1
GPBAR1,0.101079516,-0.164068797,-0.289680394,-1,-1,-1
PNKD,1.330086997,1.329419877,1.02309064,1.014352908,1.042758568,1.015068563
CATIP,0.102278207,0.213084755,0.596712537,-0.792069326,-0.609982074,-0.251963337
ATG9A,0.721731924,0.906562864,0.698830672,-0.722653924,-0.206920351,0.096136998
ANKZF1,0.843459782,0.994856742,0.783010261,0.539973945,0.582113414,0.522233651
SPEGNB,0.380505808,0.690966383,0.611583,-0.823700816,-0.733464921,-0.22987484
NPPC,0.711618823,0.846077416,0.891704623,-1,-0.606066416,-0.61604246
ALPG,1.970855688,2.240643811,1.913540419,-0.540197994,-0.132433807,-0.425036405
ALPI,-0.364346728,0.365223604,0.239891034,-0.943091389,0.066746598,-0.585818377
RBM44,0.678458335,0.316791911,0.380304614,-0.124058568,-0.058312208,-0.394699382
FARP2,0.451827501,0.633600984,0.903474079,-0.239088244,0.064713901,-0.017335783
D2HGDH,0.161390486,0.730147312,0.075291822,-0.928659885,-0.71981085,-0.889211014
ARL8B,1.884805768,1.742193291,1.578639981,1.386406078,1.427686656,1.229442651
EMC3,1.513696059,1.819877322,1.234476896,1.320823234,1.357968304,1.368620995
METTL6,0.502468449,0.619198856,0.197322151,0.157874572,0.352875011,0.072824914
DPH3,1.735520824,2.013809955,1.366397214,0.550053232,0.829393639,0.413465618
UBE2E2,0.962831395,1.386670082,0.699583187,1.095610738,1.183638072,1.057294252
NKIRAS1,1.783293137,1.786793432,1.47215902,0.713148886,0.704194576,0.603580761
STAC,0.076259647,-0.338435171,0.17924645,-0.814277609,-1,-0.33272143
MLH1,0.571846525,0.804497997,0.349304634,-0.106314963,-0.482660911,0.062208398
CSRNP1,1.07800635,1.238745195,0.821120523,-1,-0.702639795,-1
MOBP,-1,-0.653747913,-0.69185206,-0.52564981,-0.819388503,-0.875918864
EIF1B,2.60760207,2.685868912,2.160213064,2.046478605,2.044547618,1.82717056
CCK,1.695811481,1.286004362,0.870615116,-0.549846114,0.026158379,-0.183582339
AC092042.3,0.925726573,0.888046391,0.306011097,0.979815358,0.631032745,0.747753776
KRBOX1,0.846716005,0.760778393,0.281106117,0.853115243,0.490571203,0.644193906
ZNF852,0.530466638,0.776964399,0.229804543,0.486253257,0.210592728,0.063285644
CCDC12,1.930115216,1.83827531,1.486568984,0.579884317,0.647574668,0.407861582
ELP6,1.137340911,1.109546647,0.700808507,0.04383061,-0.269364328,-0.164358043
CSPG5,-0.182059233,-0.113141599,-0.428132903,-1,-0.610057857,-0.86974714
RBM5,0.634638023,0.896927682,0.540398862,0.402012777,0.206851176,0.158959656
PCBP4,-0.063959919,0.458244738,0.015367285,-0.169176261,-0.336241051,-0.579317402
GLYCTK,-0.941150548,-0.367587738,-1,-1,-0.437745068,-0.935804812
SELENOK,2.013733963,2.016479781,1.711776989,1.735338498,2.057653704,1.492537404
RPP14,1.286842971,0.978460179,0.50969427,0.611037339,0.74588191,0.841911368
HTD2,1.864206282,1.566861307,1.08844215,1.171611561,1.322347311,1.418177948
KCTD6,0.58711898,0.500528717,0.628245058,-1,-0.447013096,-0.037804356
SHQ1,1.310122422,1.624904397,1.181594737,0.486858808,0.450577816,0.557356286
TRMT10C,2.154009931,2.184592457,1.866242343,1.611825032,1.855184503,1.583475054
NXPE3,-0.238597083,-0.297351943,-0.558680109,-1,-0.82310073,-0.905940427
MORC1,-0.293741153,-1,-0.916418415,-1,-0.477468479,-1
STXBP5L,0.014987382,-0.65376083,-0.713866205,-0.435750972,-0.258684706,-0.168322843
ARGFX,1.323291271,1.660952907,0.474695726,-0.637998275,-0.64619376,-0.83745396
ALG1L,0.58133798,0.735989914,0.318251183,-1,-1,0.48988519
PRR20G,2.839016773,3.274379555,2.724361307,-0.638565041,0.887440381,-0.226836461
ISY1-RAB43,1.311307939,1.582451181,1.112460126,0.178151779,0.349558874,0.310750942
COL6A5,0.163494419,0.253368108,-0.288389957,-0.725614834,-1,-0.708633587
NCK1,1.007553567,1.234261382,0.842302412,0.437692025,0.583404272,0.425544991
IL20RB,1.002893357,0.928999727,0.462289625,-0.315068648,0.275853668,0.002828014
DBR1,1.98529884,2.346556144,2.09690031,-0.63116552,0.053608342,-0.497875767
PRR23A,0.877854382,1.154113888,0.820500886,-0.371211758,-0.624057633,-0.875813614
PRR23C,0.533411456,0.941360547,0.678751327,-0.93251918,-1,-1
AGTR1,-0.221804142,0.758565772,-0.548355734,-1,-1,-1
AC020636.2,-0.589999843,-1,-0.796331661,-1,-0.469864609,-0.411938795
MBNL1,0.522644579,0.748425994,0.696524195,0.564067467,0.501855597,0.655767575
SHOX2,-0.599141473,0.209056523,-0.49394554,-0.572845509,-0.067853044,-0.411606859
IFT80,0.880658776,0.886775203,0.633526921,0.107060456,0.207853166,0.23227703
EIF5A2,1.436476818,1.503165583,1.274805945,-0.154171551,0.013391589,-0.809306719
CAMK2N2,-0.170730398,0.256891759,-0.153405284,-1,-0.121406648,-0.816460382
LSG1,1.073250879,1.329541932,0.793213853,-0.394754774,-0.365797665,-0.289398988
FAM43A,0.328098961,0.872440103,0.538089305,-1,0.05373381,-1
UBXN7,1.076295708,1.256421547,0.773787731,-0.025649058,0.004576629,-0.318539601
RNF168,1.976892567,2.177340624,1.612281057,0.55748364,0.868659682,0.982815035
SMCO1,1.086261709,1.615190055,0.841931246,0.285540987,0.270280537,-1
SENP5,1.368633365,1.607262289,1.325477036,0.501670879,0.780748664,0.900874558
NCBP2,1.864959572,1.968774788,1.463673525,1.061434112,1.175089452,1.20081087
FYTTD1,0.627413194,0.655318814,0.791835026,0.318969818,0.18685039,0.639951514
ZNF718,0.43445362,0.857661801,0.490508225,0.193473179,0.249081134,-0.467424299
ZNF141,0.248339841,0.673229986,0.504637657,-0.04525358,-0.158051206,0.101152054
POLN,0.285352975,0.416533132,0.138959943,-0.368418709,-0.044777143,-0.263531616
HAUS3,0.609032055,0.646479221,0.403445031,-0.076796048,-0.154149451,-0.263715278
RNF4,1.777547876,1.953391493,1.591521235,1.354286532,1.297406203,1.305922143
GRK4,0.367872886,0.456215862,0.342183883,-0.158395567,-0.497677872,-0.783835014
FAM200B,0.954071591,1.332848771,0.981165333,0.714685971,0.557572845,0.407787399
MED28,1.052247463,1.091232051,0.940738609,0.303501505,0.647527046,0.738248758
DCAF16,1.161859266,1.591808786,1.390987037,0.896737286,0.602809718,0.547174453
SLC34A2,1.935310457,2.28518271,1.810324039,-0.277539564,0.828713956,0.597695954
TMEM156,-1,-1,-0.013649379,-1,-0.458541291,-0.659097621
COX7B2,1.161085225,1.067498208,-0.406723505,-1,-1,-0.324319957
ARL9,-0.073905242,0.289134199,0.571253128,-0.932875577,-0.733181156,-0.89549198
ADGRL3,-0.586505479,-0.210931301,0.06974089,-0.268174131,-0.279358765,-0.520052798
TMPRSS11A,-0.157514708,-1,-0.698644733,-1,-1,-0.629573556
JCHAIN,-1,-0.292970384,0.026648716,-1,-1,-0.327862566
MOB1B,0.859136412,1.200531382,0.678628467,0.464596627,0.423713455,0.413357074
THAP6,0.733990662,0.409191245,0.092740826,0.538743226,0.239925699,0.382826145
ART3,0.765681622,0.632695637,0.558404408,-0.210941152,-0.357465159,-0.110354804
HNRNPDL,1.847841138,1.944368904,1.865288973,1.033471606,0.9741531,1.009057918
NKX6-1,0.487945875,0.250193301,0.392806687,-1,-0.291053077,-0.903971752
PDLIM5,0.722763269,1.093080347,0.519189643,0.007764536,0.20113211,0.092094893
RAP1GDS1,1.239646848,1.108948451,0.826846844,0.626820001,0.338148317,0.413649063
TRMT10A,0.269659409,0.821079263,0.374064814,-0.014815265,-0.047476411,0.120184529
MTTP,-0.184304576,0.305314197,-0.266052164,-0.671638909,-0.72527658,-0.505552092
DNAJB14,0.799379197,0.716566653,0.618959413,0.014218789,0.095047787,0.007974149
H2AZ1,3.395313106,3.561945109,2.830628597,0.716428998,0.899502334,1.242863572
COL25A1,0.109060704,-0.099277938,0.000138008,-0.51727648,-0.439728324,-0.521613309
NEUROG2,0.276110814,0.407240042,0.082340577,-0.652358525,-0.690840188,-0.574501335
NDST3,-0.884555224,-0.203486746,-0.206151948,-0.577926052,-0.449979884,-0.954121609
NOCT,1.704039494,1.662932261,0.940034882,0.920018897,0.77197455,0.995159297
MGARP,-0.213579653,0.142517458,0.75982525,-0.667574872,-1,-1
CLGN,0.073607591,-0.377443739,0.285913893,-0.316603783,0.035290367,-0.581087351
FBXW7,0.812057616,0.844767404,0.329445466,0.274618338,0.420106213,0.105690018
FAM218A,0.903113393,0.959589952,0.162186902,-0.600329341,-0.188743699,-0.009755126
TRIM75P,1.411153451,1.876665025,0.69753469,-1,-0.179854266,-0.457143778
HMGB2,2.309929757,2.58215979,2.161058627,2.195013333,2.443608349,2.129692631
SPCS3,0.875415163,1.095907744,0.852572566,-0.201340089,-0.315474125,-0.328796045
CDKN2AIP,1.593943621,1.80243057,1.063977576,0.835217156,1.028525919,0.833418782
ING2,0.930202255,1.15056913,0.905101803,0.485655182,1.055118515,0.479818098
CASP3,1.208287776,1.415905409,1.245517856,0.95973128,1.032635417,0.670583129
CFAP97,1.154749222,1.750723639,0.291703274,0.269829461,0.475985751,0.417731141
LRP2BP,-0.092095021,-0.047763385,-0.444541546,-0.619351156,-0.515771674,-0.512125753
ANKRD37,1.716828395,2.011123361,1.642122488,1.674559872,1.575922306,1.555023429
CCDC110,0.608182149,0.096031756,0.37932635,-0.854406056,-0.672999552,-0.193660732
SLC6A3,0.265825883,1.157539865,1.048149914,-0.330117899,-0.6158575,-0.93145814
FASTKD3,0.869528906,0.468164846,0.317257781,0.715232819,0.773459919,0.379990307
ZNF622,1.839465514,2.140764508,1.646484768,-0.894540091,0.200930332,0.069560626
H3Y2,2.94799138,2.973235254,2.345728431,-0.687331586,0.900361877,0.994841156
H3Y1,3.304464987,3.488641256,2.841041769,-0.140474323,0.985825197,0.961796584
CDH10,0.366219947,0.214539021,0.317459761,-0.595461779,-0.529848412,-0.848535385
SUB1,1.74967311,1.842986623,1.272762047,1.175255333,1.317532256,1.18157356
TTC23L,0.900080986,0.467479292,0.303145297,-0.322761799,-0.550383036,-0.229819863
BRIX1,1.937717247,1.942900207,1.70916808,1.832162698,1.964812135,1.604544266
TMEM267,0.835117694,0.919284606,-0.152227446,-0.167868431,0.12445328,-0.382612291
PARP8,-0.80943859,0.129891051,-0.505162018,-0.820799268,-0.748182004,-1
LRRC70,-1,0.295521419,-0.607209638,-1,-0.140279115,-1
TAF9,1.80810592,2.016182727,1.717807867,1.6900696,1.583472348,1.607540184
UTP15,0.918268301,1.048408045,0.786965826,0.608708708,0.788945429,0.45165429
NSA2,1.707873538,1.672525052,1.408456044,1.137815197,1.300068451,1.110235853
GCNT4,0.178106999,0.657192304,-0.15824304,-0.726510728,-0.896246178,-0.749889636
TMEM167A,1.788393833,1.854065131,1.58392289,1.46646177,1.177950702,1.479663332
TMEM161B,0.198283172,-0.035489594,-0.255181155,-0.179045352,0.099690218,-0.244551818
ELL2,0.743648784,1.080950547,0.696046436,0.282208321,0.273212401,0.100487863
GIN1,0.465401011,0.287200782,-0.001534867,0.545296848,0.144554641,0.209619812
ATG12,1.479051946,1.72426141,1.137428328,-0.159506609,0.107843234,-0.197925224
AC010255.3,-1,-0.419280688,-0.326334294,-1,-0.825416161,-0.830925765
PHAX,1.926689995,2.150109007,1.551756544,1.123730588,1.419417117,1.224336166
LEAP2,0.250645445,0.770455313,-1,-1,-1,-0.196745017
ZCCHC10,1.836376824,1.915076937,1.474770405,1.107400772,1.525616777,1.306293201
UBE2B,1.991089421,2.126731286,1.671060562,1.082659767,1.230763307,0.805948503
CXCL14,1.516652662,1.060960753,1.082724598,-1,-0.106035171,-0.167486611
FAM13B,0.613388385,0.942999411,0.725998249,0.34143747,0.538887062,0.39997229
NDUFA2,2.164123267,2.699129647,1.832993409,1.177404676,1.255923857,1.097604251
PCDHB3,-1,0.377140952,-0.472349049,-1,-1,-0.48462533
PCDHB5,-0.694634211,0.063358743,-0.284206936,-1,-1,-0.433277099
PCDHGA12,0.016359097,0.836848949,0.220147767,-0.630336675,-0.638643338,-1
SPINK7,1.156213223,-1,0.592029682,-0.793891226,-1,-1
GLRA1,-0.890819844,-0.715437168,-0.703312334,-1,-1,-1
MFAP3,0.411802437,0.48400891,-0.173101661,-0.377784346,0.127931867,0.122092813
HAVCR2,0.541429149,0.430583799,0.075291822,0.108279964,0.133720284,-0.258266676
MED7,1.634014349,1.65846029,0.897158742,1.042771454,1.052395492,0.744055648
FABP6,0.340808565,0.504706761,0.419570027,-0.466174847,-0.146393946,-1
NKX2-5,0.2710023,0.642478721,0.405882367,-1,-0.247811624,-0.442466291
KIAA1191,1.817009989,2.079769716,1.665156911,1.191395741,1.092373128,1.161602903
FAF2,0.945157625,1.109846945,0.566318662,0.875813266,1.022834254,0.692081289
RMND5B,1.704278176,1.933839013,1.278970647,0.737128524,0.758679633,0.749076795
NHP2,2.534902285,2.859561974,2.073656863,1.342523352,1.263498156,1.217119465
CLK4,0.931417553,1.616620952,0.728332537,-0.278673152,0.013683193,-0.686049894
AC113348.2,3.107147758,3.349142192,2.674799125,1.091073212,1.347156812,0.939173991
AC113348.1,3.394224935,3.637403461,2.961793264,-0.11783877,1.046157469,0.370347551
BTNL3,0.546888983,-0.328387292,-0.280801007,0.136592169,-0.704098793,-0.010234946
TRIM7,0.464748112,0.902562166,0.598644624,-1,-0.41873498,-0.957002844
IRF4,1.185718877,1.863547957,1.304612516,-0.935708445,-0.812483935,-0.29882091
RPP40,1.093986462,1.526372202,1.152836597,0.310903179,-1,-0.858148989
CAGE1,0.160583581,0.197507342,-0.837743188,-0.58443347,-0.457506868,-0.46946675
SMIM13,0.950655428,1.484663824,0.82436663,0.614156621,0.425985047,0.478070257
RBM24,0.364364701,0.607094892,0.503503373,-0.381883754,-0.349014719,-0.839849088
ID4,1.077557496,0.976128302,0.740348252,-0.865370872,-1,-0.212775871
H2AC1,2.013037188,1.80105215,1.84372792,0.485998265,1.253893683,0.382767737
SLC17A2,-1,-0.559945266,0.084487645,-0.864740232,-1,-1
H2BC3,0.90045296,2.068848168,1.488276397,-0.651417632,0.81688008,-1
H2BC4,2.465339765,3.080649823,2.462613671,-0.11065954,-1,0.813564291
H2AC6,1.995770507,2.598850101,1.909003992,-0.282397534,0.350605679,0.361279805
H2BC5,1.602451067,1.883109829,1.170223167,0.090323847,-0.255123116,0.027128795
H2BC6,-0.127320681,1.210133649,0.153129469,-0.927566903,-0.461303495,-0.513147313
H2BC8,1.394737814,2.418715664,1.219699187,-0.186733321,0.304255339,-1
H2BC9,1.347405664,2.464879023,1.139989648,-0.836985451,-0.751833646,-1
H3C8,1.648149742,1.853673213,1.769919594,1.247766072,1.550208075,2.101810694
H4C8,1.381901692,1.437570516,1.361794394,0.717590662,0.757072064,1.288082854
H2BC11,1.576804889,2.577344286,1.940696051,0.946522763,1.016157803,1.478340304
H4C9,1.67833391,2.404731473,1.917138446,1.167665938,0.91374106,1.334093159
H2BC12,2.544687026,3.167866597,2.729728832,2.073498322,2.020828837,2.536627637
H2BC13,1.121079883,1.55202809,1.144594197,-1,0.093003433,-1
H2BC15,0.535029488,1.339641407,0.602660344,-0.479793598,0.011867574,-0.230610587
H2AC15,-0.092547206,0.548942456,0.180804785,-1,-0.151171477,-0.056862631
H3C12,1.911729749,2.95652306,1.723797432,-0.794420905,-1,0.24923751
H2AC17,2.191299801,3.244374546,1.994937684,-0.658798096,-1,0.556031246
H2BC17,1.363742249,1.899464755,0.831150227,-0.460566225,-1,-0.300266539
OR2B2,-1,0.084678081,0.10754064,-1,-1,-1
OR2B6,-0.160637665,0.68870228,-0.065635149,-1,-1,-1
PGBD1,-1,-0.270802481,-1,-0.755294794,-1,-0.904361006
ABCF1,1.669804035,1.991056667,1.48810738,1.241374784,1.437462824,1.382030686
IER3,2.343415584,2.517442261,2.020483276,0.366278708,0.665415082,0.768637779
AIF1,-1,0.190320496,-0.030745038,-1,0.261144917,0.14307748
CSNK2B,2.04906291,2.540784657,2.050126395,1.987299232,2.094148743,2.115854156
AL662899.4,2.068572466,2.579253366,2.073127165,2.028789171,2.10836156,2.141239788
LY6G5B,-0.7724808,0.817335133,-0.38213743,-0.937496418,-0.122153296,-0.645934708
DDAH2,1.307418548,1.680883635,1.53303288,-0.270179839,-0.059112999,-0.026747554
STK19,0.780269759,1.261874061,0.602226972,0.371898477,0.344050338,0.666404898
TSBP1,0.272201947,0.166113502,-0.878959558,-1,-1,-1
HLA-DMA,-0.676899965,0.586000983,-0.710711115,-0.674262989,-0.320524197,-0.719162685
PFDN6,1.008882946,1.250408508,0.849689877,0.719970383,0.873114697,0.932298858
SNRPC,2.51829803,2.887206208,2.436776944,1.835874071,1.895397376,1.833530064
TAF11,1.875986248,2.041269225,1.407677445,0.806051026,1.084731774,0.716548427
PPARD,0.988141883,1.224804311,0.883485353,0.872630109,0.624769442,0.788762752
NFYA,1.342533459,1.903538663,1.300703317,0.606330539,0.347305147,0.624069444
AL365205.1,1.882882629,2.104674589,1.343981845,0.786227545,0.878653904,0.780565695
TOMM6,2.726774971,2.943973542,2.158085741,1.585992269,1.66711089,1.552744104
C6orf226,1.199679383,1.925461227,0.997851263,1.026493168,0.469920185,0.824844657
POLR1C,1.340432552,1.964440907,1.440956639,1.080943275,1.05715461,0.99658446
POLH,1.135700751,1.746445375,1.185624366,-0.001269803,0.075932914,0.188064958
MAD2L1BP,2.433341593,2.83770562,2.279850026,0.944958606,1.01543179,1.076302776
RUNX2,0.166505145,0.263057722,0.339845797,-0.975813228,-0.376944455,-0.80706115
C6orf141,-0.175284182,0.270085445,-0.141410316,-0.830105821,-0.896183401,-0.226555831
CRISP2,-1,-1,-0.688737721,-1,-1,-1
BEND6,-0.293150863,-0.266271997,-0.76735985,-0.615918541,-0.942527189,-0.429215815
PTP4A1,2.372040717,2.641096823,2.378166968,1.483576761,1.247917603,1.205357076
AL135905.2,2.433062648,2.704984938,2.439758878,1.569254717,1.329748955,1.29590875
EYS,-0.008661481,-0.220771984,-0.564871179,-0.546467119,-0.293063582,-0.199042626
AL365232.1,3.82814186,4.070954148,3.336567881,0.617378509,1.564545029,1.173110113
KHDC1L,4.030532258,4.266353258,3.519393191,0.792718362,1.773890342,1.319203435
KHDC1,2.00443466,2.013655572,1.829082592,-0.189632048,0.428648551,0.273721265
C6orf163,-0.257532358,-0.479569137,-0.190675642,-1,-0.038264946,-1
SPACA1,-0.646999632,0.646644105,-0.708685111,-1,-0.413113643,-1
PNRC1,1.664277829,2.354233728,1.813987634,0.555921692,0.680933284,0.815048144
MANEA,0.575117084,0.952076876,0.668928884,0.141033148,-0.391539624,-0.841206097
GTF3C6,2.080457535,2.266084291,2.015811389,1.337463716,1.465916772,1.295602165
RPF2,2.176051874,2.304999312,1.83753839,0.418981714,0.473404421,0.258517613
Z84488.2,0.924943406,1.147282959,0.913107602,-0.269730844,-1,-0.090496786
FAM162B,0.446608046,1.180780254,0.481159381,-0.719137169,-1,-1
RFX6,-1,-0.313825577,-0.857375672,-1,-1,-1
CEP85L,1.234332812,1.477716742,0.890714452,0.526278349,0.517390427,0.553268262
SERINC1,1.803244024,1.945095911,1.794951668,1.694820695,1.621334651,1.56359756
CENPW,2.708320684,2.975121025,2.399604295,1.706822962,1.803544912,1.993706676
SGK1,1.245084457,1.774924708,1.086520723,0.187947625,0.671402247,0.319553047
HIVEP2,-0.613247322,-0.281600748,-0.603345069,-1,-0.968789284,-1
SF3B5,2.42003673,2.918089774,1.894684456,1.29856631,1.341658243,1.357723773
STX11,0.020350068,0.466019035,-0.479962353,-1,-0.563692607,-0.423084761
SUMO4,-0.515391234,-0.265165509,0.077243074,-1,-0.384833076,-0.487751818
ULBP2,0.680336985,0.980015366,1.014736459,-0.7688157,-0.239764733,-1
RAET1L,-0.819056164,-0.113790054,-0.557153536,-1,-0.242707444,-1
FBXO5,1.656735097,2.270079165,1.487476078,1.432763881,1.768762388,1.332621582
CNKSR3,-0.474508395,-0.198976162,-0.044151791,-0.685003488,-0.751387099,-0.903879936
TFB1M,1.226249106,1.385021607,0.989100184,0.750903461,1.190095032,0.756641696
TMEM242,0.576289642,0.771338434,0.351190733,0.327318642,0.465902906,0.3945022
PRKN,-0.366147988,0.708041735,-0.111064465,-0.032649557,0.187740917,0.381211575
WDR27,-0.64418551,0.09461442,-0.375091882,-0.659435781,-0.658324632,-0.261098689
TCTE3,-0.50649315,0.982484681,0.436079277,-0.928734908,-0.307789393,-0.801199622
COX19,0.833363459,0.586315856,0.516600945,0.405761032,0.651889518,0.593421502
DAGLB,1.015436093,1.394051615,1.340786678,0.634625852,0.692002208,0.775698302
C1GALT1,1.075405994,1.219886256,0.997894548,0.871907309,0.757983865,0.708472731
TRA2A,1.62475485,1.828522638,1.30206226,0.58391305,0.41978289,0.452816852
NPY,-1,0.044981164,-0.555808348,-0.688081022,-1,-1
CYCS,2.446984221,2.657893601,2.141878734,0.994705398,1.040810146,0.89290475
HOXA9,0.126653944,0.380689094,0.648572355,-1,-0.15363664,-0.107999965
AC004080.3,0.465251753,0.708113958,0.940892322,-1,0.056062802,0.4306393
YKT6,1.874072539,2.152678969,1.692356121,0.795070309,0.860524905,0.928629946
H2AZ2,1.723898373,1.986426318,1.719270333,0.463258512,0.272316873,0.340543347
ZPBP,-0.238792838,-1,0.0973031,-0.061205089,-1,-0.407907499
DDC,0.001004722,-0.406490489,-0.513888569,-1,-0.336864249,-0.650115537
SEC61G,2.042899951,2.034791859,1.811653414,1.428441324,1.264217917,1.244382637
ZNF479,1.479629147,1.026595108,1.37627108,-0.911471451,-1,-0.329720206
ZNF716,0.897522061,1.245827291,0.956359471,-0.431613754,-1,-0.725963863
AC115220.1,1.445136572,2.046985935,1.610260739,-0.783623172,-1,-0.203713248
ZNF735,2.633699436,2.662759972,2.220838643,-0.55392625,-1,-0.530815751
ZNF679,2.645134556,2.90084037,2.44639342,0.024529628,-1,-1
ZNF736,0.758149671,1.197920571,0.73843891,0.009871782,0.012838755,-0.020628061
ZNF680,0.431700993,0.729696568,0.570280063,0.418734922,0.226517589,0.48270205
ZNF138,1.30407308,1.354660637,1.128298038,0.969361821,0.896083332,0.860603733
ZNF273,0.391637297,0.759699233,0.626942552,0.018514071,-0.004331641,-0.06152398
ZNF92,1.653276146,1.792410984,1.365392885,0.6093452,0.259601059,0.601224436
AC068533.4,1.639854381,1.61694338,1.402843813,1.04098585,1.029027142,1.614715674
CRCP,1.132943509,1.275863065,0.935178285,0.600239596,0.569458648,1.232431068
TPST1,1.428720338,2.186347854,1.629649302,-1,-0.329805775,-0.536736291
AC027644.4,1.456719451,2.000857126,1.215645632,1.271084285,1.198915935,1.151612225
RABGEF1,1.360778858,1.930331235,1.147253142,1.168432437,1.131620315,1.047265157
NCF1,0.382088299,0.413962937,0.553396648,-0.257437755,-0.358499969,-0.290848466
MTERF1,0.573012355,-0.154197301,0.317000772,-0.506040658,-0.934437553,-0.454944524
LRRD1,-0.078433578,0.489530772,0.406218587,-0.439399564,-0.011354621,-0.514370732
GNGT1,0.431202841,0.292135083,-0.121291425,-1,-0.163489947,-0.399495315
TAC1,1.172936963,1.004367909,1.085521784,-1,-1,-0.723045645
NPTX2,0.810366888,1.092446352,0.793570015,-0.326292766,0.107028277,-0.167568148
BUD31,2.542275382,2.704558032,2.123341205,1.283545419,1.155724845,1.267178266
ZNF394,1.44041661,1.74541477,1.233955138,0.183985575,0.252175617,0.118925552
ZNF655,0.178334475,0.645176279,0.411609545,0.524360736,0.441687987,0.517287556
AC005020.2,0.444382398,1.144355268,0.844975927,0.976966881,0.889422259,0.997603844
ZNHIT1,1.460212884,1.732986368,1.309040986,0.403699171,0.684421131,0.67215706
IFT22,1.291607447,1.421192354,1.417027968,1.011753199,0.936913324,0.936872464
MYL10,-1,-0.276446545,0.535575617,-1,-1,-1
PRKRIP1,1.408319906,1.657534736,1.400422541,1.271472836,1.480536072,1.488025075
DNAJB9,1.393920872,1.634994901,1.464084503,0.849370151,1.184763692,0.963177554
SMIM30,1.236470453,1.103484766,0.722434723,0.738101118,0.699906032,0.085927905
NRF1,1.286396747,1.551411826,1.123380992,0.249050966,0.049815108,-0.926133894
TMEM209,1.374507507,1.091876173,1.416469281,1.473393805,1.331566205,1.088233035
AKR1B10,0.774256193,0.421820129,0.782834012,-0.898039604,-0.489603674,-1
PRSS58,1.229556651,0.220221399,0.966457647,-1,-1,-0.249619771
ATG9B,-0.955125644,-0.558691824,0.188453502,-0.913556672,-0.292483735,-0.485405035
ASMTL,1.055027309,1.603496804,0.878636224,0.463925955,0.352416543,0.134608734
FAM9A,1.84002627,1.50871407,0.477221474,-1,-1,-0.534439121
FAM9B,0.556806458,-0.279731079,0.086238955,0.513225151,-0.362304762,-0.352960875
FANCB,1.371233483,1.132928079,1.007316509,0.514957698,0.707033801,0.607813661
PDK3,0.842408095,0.523869906,0.324729567,-0.2280466,-0.145705713,-0.358491849
MAGEB3,0.314247295,-1,-1,-1,-1,-1
DYNLT3,1.23219507,-0.273072992,0.602004449,-0.135738691,-1,-1
H2AP,0.056270824,-1,-1,-1,-1,-1
SYTL5,1.101834679,-1,-1,-0.959659261,-1,-1
KRBOX4,0.91774404,0.416072947,-0.372955386,0.40560896,-1,-0.167319105
ZNF674,0.125053009,0.32171272,0.148473946,-0.702617236,-0.241423948,-0.168363353
ZNF157,0.828190829,0.600713688,0.976132726,-0.24754451,-1,-1
TIMP1,1.344131786,1.321748935,1.146533353,-0.406695726,0.339719506,0.063055457
UXT,2.401419306,2.31565809,2.20655458,1.756455951,1.671108,1.848848387
ZNF630,0.443567659,0.455028788,0.204779704,0.177639542,0.064827242,0.05620977
SSX1,1.601216435,0.802660497,0.396067674,-1,-0.653005233,-0.4745156
PQBP1,2.118382239,1.976918603,1.547102763,0.909013801,1.027654222,0.949806377
AC231657.3,1.437794156,1.421160487,0.928653493,1.026005004,0.82948924,0.881922736
WDR45,1.085354849,0.904401994,0.430327137,0.439397878,0.196562739,-0.023861467
SYP,0.180140113,0.055683253,0.278588754,-0.812536689,-0.718190601,-1
GAGE12H,1.033130228,0.752615166,0.206528798,-1,-1,-0.610993416
SSX7,0.294247143,-1,-0.660180914,-0.869624683,-0.472385206,-1
TSPYL2,0.201493655,0.023726276,-0.488125896,-0.336941241,0.206350279,-0.372516707
PAGE2B,0.780044396,-1,0.415536782,-1,-1,-1
FAM104B,1.166121218,0.696195406,0.481079772,0.885636568,0.873346169,0.812036214
SPIN2B,0.537087113,-1,0.37313337,-0.643857284,-1,-1
SPIN2A,-0.384001008,-1,-0.366231775,-0.371815867,-1,-1
OTUD6A,0.213332847,-1,0.098223664,-1,-1,-1
ARR3,0.510334771,-1,-0.716738072,-0.741347041,-0.835893108,-1
PDZD11,1.802266507,1.465547853,1.554998917,1.8380687,1.838876686,1.796176642
ITGB1BP2,-0.00370877,-1,-1,-1,-1,-1
BX276092.9,1.242119126,0.796827181,0.723841954,-0.898953891,-0.386904268,-0.73217316
CXorf49,0.99673815,0.759291396,0.163913795,-1,-0.627762133,-0.637388336
CXorf49B,0.859208873,0.759291396,-0.257399304,-1,-0.380406662,-0.843179829
CITED1,1.270409651,-0.642056995,0.441803986,-0.058951301,-0.062058254,-1
ZCCHC13,0.031974109,-1,-1,-1,-1,-0.089081961
MAGT1,1.184571297,1.029831389,0.412626898,0.356256154,0.674041034,0.578771256
SH3BGRL,1.959241104,-1,0.714232045,-1,-1,-0.867731964
ZNF711,-0.107222731,-0.552708658,-0.276495691,-1,-1,-0.884314224
ARL13A,-0.380032688,-1,-1,-1,-1,-1
TAF7L,0.615362506,0.636836786,0.051339431,-0.162561271,-1,-0.12657304
TIMM8A,2.385248629,1.948969531,1.738767286,-0.021140313,0.35483921,0.291899991
BTK,0.501286849,0.124203976,0.443529661,-0.473830817,-0.591456203,-0.346266881
NXF2,0.099677752,-1,-0.43002754,-1,-1,-1
TMSB15A,1.662445952,1.196869432,1.031855136,0.19866842,0.708327446,0.306908975
TCEAL9,1.647725067,1.335860583,1.345077462,-0.009038831,-0.374947994,-0.279382701
GLRA4,0.681481082,-0.365460487,0.026959375,-1,-0.375892343,-0.892601119
TMEM31,1.551993737,0.214539021,0.791228695,-1,0.288647502,-1
SLC25A53,0.632272697,0.71998728,0.232331533,0.272551166,-0.01225609,-0.125637343
NUP62CL,1.147245592,0.281038613,0.741085757,-0.600709345,-1,-0.099432774
AL772284.2,1.446219565,1.352013855,0.979028188,-1,-1,-1
AKAP14,-0.03037702,0.160730817,0.428566887,-1,-0.51774565,-0.781802178
RHOXF2B,1.721522763,1.666079419,1.052666933,-0.527856829,-1,-0.542644072
RHOXF2,1.713408032,1.554548566,0.853460292,-0.290862096,-1,-0.630649953
CT47B1,1.163117494,0.474791821,0.427289085,-1,-1,-0.481455976
CT47A12,0.718961003,0.264916649,-0.292821876,-1,-1,-1
CT47A11,0.401281437,0.058657503,-0.227959669,-1,-1,-1
CT47A7,0.30865984,-0.098865145,-0.227959669,-1,-1,-1
CT47A6,1.22726388,1.014534929,0.699058222,-0.865995608,-1,-1
CT47A4,1.357390168,0.898200137,0.802691309,-1,-0.792731545,-0.799054298
CT47A1,0.50957163,0.43515772,-0.226281767,-1,-1,-1
USP26,-0.142065863,-1,-1,-1,-1,-1
FAM122C,1.298620083,1.006407579,0.691585285,0.211326829,0.085362186,0.009081833
MOSPD1,2.059943778,1.890946788,1.489155952,1.046415134,0.774667927,0.867247372
ETDC,-0.312924227,-1,-0.266183353,-1,-0.266753353,-1
CT45A5,0.203585284,-1,-1,-1,-1,-1
CT45A7,-0.34819887,-1,-1,-0.832649193,-1,-1
FHL1,0.109501599,0.171301252,-0.148477304,-0.829674293,-0.681213293,-0.689900612
CXorf51A,2.119955595,0.340609793,0.197553556,-1,-0.54637283,0.229088433
FMR1NB,1.884753563,-1,0.760044826,-1,-1,-1
AC231656.1,-1,-1,-1,-1,-1,-1
HSFX3,1.066626661,0.414183109,0.407138047,0.157230772,0.518945265,0.518793118
GPR50,0.027070946,0.122809824,0.362574185,-0.909296274,-1,-0.256749911
MAGEA10,0.289544977,-0.592737771,-0.009770624,-1,-1,-1
MAGEA3,1.571678677,0.783338148,0.017804853,-1,-0.722263294,-1
CSAG2,0.650123848,-1,-0.211850659,-1,-1,-1
MAGEA2B,1.405418434,-0.543581884,0.627040585,-1,-1,-1
CSAG1,1.887897166,0.826193577,0.893144292,-1,-1,-1
MAGEA12,1.613817132,0.691550573,0.760835051,-1,-1,-1
MAGEA2,1.456475246,-0.224905889,0.664166258,-1,-1,-1
CSAG3,0.61094624,-0.511418639,-0.211850659,-1,-1,-1
MAGEA6,1.398066236,-0.152034901,-0.130621912,-1,-1,-1
MAGEA1,-1,-1,-0.478370674,-1,-1,-1
H2AB1,0.997245808,0.931635073,0.120310881,-0.131109891,-1,-0.207333509
RAB39B,-0.312217166,-0.525745899,-0.477570744,-1,-1,-0.839378412
ZNF596,2.179015255,2.393792398,1.958416557,0.493364301,0.68873564,0.503623061
PPP1R3B,1.172584883,0.838369956,0.195617634,-0.652379372,-0.849218838,-0.279104218
DEFB130B,-1,-1,-1,-1,-1,-1
GNRH1,0.234759331,-0.642610222,0.08883383,-0.504765325,-0.838613198,-1
UBXN8,1.01933639,1.047716808,0.809603192,0.757983607,0.88502052,0.879404741
PURG,-0.346287973,-1,-1,-0.903495919,-0.507895656,-0.416214285
TTI2,1.361490509,1.092471087,0.994540238,0.801688798,1.021135057,0.70226053
MAK16,1.53849152,1.273508905,1.062674543,1.136695822,1.221148283,0.983565639
LSM1,1.891929279,2.094954031,1.866278394,0.579229842,0.871704441,0.953530192
BAG4,1.390273657,1.596579307,1.700867627,0.994136812,0.93626621,1.08751261
THAP1,1.815589548,1.963222984,1.520370799,1.76195288,1.807795001,1.547467005
RB1CC1,1.465999536,1.619900953,1.287627194,0.838695201,0.204576633,1.198625232
TGS1,1.811090248,1.801139482,1.554705388,1.510725904,1.57300359,1.618550983
YTHDF3,1.422922818,1.429076093,1.169768635,0.999519719,0.72357065,0.691984185
TCF24,0.330696673,0.70398445,0.380694701,-1,-0.54680777,-1
PPP1R42,1.229988171,1.310182101,0.976146717,0.994741647,0.48124887,0.809357348
COPS5,1.166910558,1.354160108,0.996669002,0.968093627,0.770624184,0.953494801
ELOC,2.125797405,2.212229364,1.567525077,1.184559418,1.278901409,1.079269818
STMN2,0.096450011,0.548227177,0.031938437,-1,-1,-0.026583272
HEY1,0.800078199,1.167184481,1.145433074,-0.294805521,-0.527421913,-0.38961357
MRPS28,1.397047123,1.447118729,1.232497724,1.103830931,1.411481193,1.388013706
C8orf88,0.71981192,1.079282562,1.096030516,-1,0.417757237,-0.761051513
SLC26A7,0.250150653,-0.68190109,-0.033355155,-1,-0.518537632,-0.630308183
RPL30,2.506861488,2.414543683,2.432276825,2.287946945,2.30849227,2.239401628
KLF10,1.245883636,1.464898578,1.39884996,-0.652108143,-0.343692282,-0.14292406
DPYS,-0.368138538,-1,-0.609095053,-1,-0.609509828,-1
LRP12,-0.017285836,-0.269371552,-0.249031799,-0.979643926,-1,-0.679120392
UTP23,1.222616713,1.334925311,0.83555691,0.734269928,1.008514471,0.722993619
SNTB1,-0.424267194,-0.575446829,-0.951930128,-0.943814257,-0.357655607,-0.953737279
ANXA13,-0.119816988,0.182555681,-0.509752901,-0.675530894,-0.059077813,-0.61863195
MYC,1.837706441,2.024745262,1.369162373,-0.883707652,-0.487917305,-0.574146431
ZNF707,0.675787874,0.703241325,0.349587046,-0.320403167,-0.038285328,-0.138080004
MROH1,0.845735267,1.379963369,0.660684663,0.151298021,0.198151269,0.180373405
C8orf33,2.033009084,1.715220075,1.44792465,0.237418394,0.121219071,0.307454007
PUM3,1.762934383,2.051248532,1.166025266,1.267566425,1.538643319,1.429295027
KDM4C,0.739145457,1.152233381,0.70355667,-0.037116017,-0.060945352,-0.028746194
TOPORS,1.917610786,2.151627536,1.649378189,1.65742525,1.433613717,1.467542825
SMIM27,0.948420139,1.113678517,0.600489671,0.062326787,-0.012651287,-0.087045969
SMU1,1.179922029,1.376173903,0.918573696,0.528173124,0.541845096,0.77323381
CHMP5,1.788822811,2.088455355,1.703164953,1.201290096,1.199721104,1.185689172
NUDT2,1.563509917,1.671368881,1.222727417,1.153000065,0.779537715,0.64752907
DCTN3,1.324681206,1.692438373,1.240194941,0.611641068,0.762602499,0.67906281
TPM2,1.072432695,1.354252929,0.901428684,-1,-0.222686067,-0.707811905
AL513165.2,2.219962568,2.392867362,1.744438307,1.860313263,1.506615298,1.432824549
TOMM5,2.253224635,2.427216157,1.7711802,1.965424128,1.612151959,1.519208884
AL138752.2,2.396106202,2.598058377,2.075752093,2.345097567,2.13712288,2.073277849
CBWD6,1.443085551,1.645544059,1.21273495,0.276963423,0.487354982,0.596634828
PTAR1,0.880211275,1.188519004,0.369057807,-0.447858785,-0.818617329,-0.398823151
MAMDC2,-0.664937469,-0.383148257,-0.342465264,-1,-0.047525281,-0.476174747
C9orf85,1.341458645,1.498233097,0.827364048,-0.39588088,-0.41188567,-0.136906752
ZFAND5,1.928564054,2.187134561,1.637932966,1.635605615,1.360055217,1.366689896
RFK,1.893371961,2.211899213,1.626189967,-0.762512508,-0.613187822,-0.58846877
C9orf153,0.076621845,0.36760403,-0.537442014,-0.32924923,-1,-1
CKS2,3.225315215,3.513485934,3.142006557,2.115081801,2.298212215,2.205197741
ROR2,0.355095893,0.473277514,0.067579377,-1,-0.539062539,-0.592010805
ZNF169,-0.266486688,0.161361472,-0.272090184,-0.365771732,-0.34697857,-0.605458366
MFSD14B,1.056405004,1.420504269,0.876170983,0.558735766,0.644718208,0.511080931
MFSD14C,0.442442912,0.729894695,0.465743054,-0.316494092,-0.290819348,-0.755801433
BAAT,0.162812866,-0.302024224,-1,-1,-1,-1
ZFP37,0.412523375,0.672954728,0.214663542,-0.277147127,-0.170854284,-0.57143842
CDC26,1.893216123,1.944428409,1.172190489,0.533642649,0.741147964,0.508173329
POLE3,2.187052352,2.2810193,1.654379706,1.303461567,1.706160806,1.445137476
PDCL,1.632120206,2.278194758,1.64392444,1.585197874,1.562462128,1.563044056
LHX2,0.71354741,0.726967546,0.902968377,0.417934639,0.7122572,0.426354081
ZNF79,0.807276117,1.146034105,0.943019472,0.350251155,0.127611158,0.346971688
DPM2,1.195567007,1.530157754,0.775467262,0.571009535,0.367345477,0.748870073
TOR1B,1.847194049,2.165820655,1.341013673,-0.40836824,-0.011472282,0.269537722
PLPP7,0.187430686,0.326393983,-0.034892747,0.251136383,0.342289819,0.100007479
SNAPC4,0.603820606,1.053407206,0.248161051,-0.293120479,-0.366058832,-0.320179727
MRPL41,2.481782609,3.103457359,1.927050327,1.169431514,1.315928962,1.162377292
POLR2L,2.514873408,2.728765995,2.126866027,1.037100215,1.116385867,1.017406771
ASCL2,0.680834177,-0.654341005,0.128776405,-1,-0.845065795,-1
CHRNA10,-0.640757182,-1,-1,-0.817949363,-1,-1
AC084337.2,2.268738609,2.340476406,1.702293171,0.970107555,1.002977223,1.138284088
TIMM10B,2.018387766,2.12181657,1.542467687,0.952725191,0.963026671,1.120801432
TMEM41B,1.871577595,1.871607478,1.620519844,0.902294165,0.813080755,0.731102307
ZBED5,0.699672481,0.58464014,0.246630299,0.137699376,0.162596139,0.227915075
CALCB,0.030044105,-1,0.300620883,-0.593660973,-0.852878864,-0.453331198
CALCA,-1,-1,0.136882217,-1,-0.542815992,-1
GTF2H1,1.356308893,1.227448275,1.043965921,0.648721911,0.863056907,0.802791373
SPTY2D1OS,1.054778825,1.02770878,1.150352927,-0.086570084,-0.01350942,0.256712381
ELP4,-0.094366681,-0.017770544,-0.269405567,-0.185261024,-0.258350571,-0.22878888
CSTF3,1.381207958,1.192430908,0.951591568,0.575119046,0.664740817,0.374291186
HIPK3,1.61461323,1.557980736,1.101597088,0.593469626,0.258042535,0.218219038
ZNF408,1.038464914,1.403683762,0.92263196,0.112280699,0.091927493,0.06663975
DDB2,0.977934496,1.019165053,0.555243899,-0.048075757,0.255822142,0.331004923
AGBL2,-0.181593188,-1,0.21412807,-0.731495321,-0.665876191,-0.67484462
FOLH1,-0.139110301,-0.734106192,-0.186091855,-1,-0.939751127,-0.844836047
TIMM10,2.427657975,2.23544977,1.810621832,0.947765191,0.681799297,1.014303404
UBE2L6,0.536571229,-0.679320404,1.213131011,-1,0.160639315,-0.759272635
CLP1,1.174866829,2.041694337,1.473055499,0.920409499,0.677942878,0.654804198
SELENOH,2.235564702,2.144497254,2.067088864,1.906128379,2.1285998,2.089262882
CNTF,-1,-1,-1,-1,-1,-1
MS4A3,-0.061215718,0.538375818,-1,-1,-1,-1
MS4A4E,-0.706439722,-0.475483067,-1,-1,-1,-1
SLC15A3,-0.7574178,-1,-1,-1,-0.213050519,-0.951820037
TMEM138,1.13269123,1.346300391,0.873661477,1.166700412,1.407841723,1.021304229
SCGB2A1,-1,-1,-1,-1,-1,-1
UQCC3,1.77332061,1.536626124,0.735684682,0.269886607,0.474438938,0.412469447
GNG3,1.1897475,1.726669279,1.539244843,-1,-0.032924789,0.096579607
TTC9C,1.830451727,2.10390943,1.912137102,1.675669526,1.647500249,1.730702538
NXF1,1.679841657,1.891737345,1.746867972,0.752218256,0.820283397,1.023467842
SYVN1,2.037465362,2.431934189,1.964079966,1.524319106,1.541547812,1.675004571
ZNRD2,1.721363134,2.171747836,1.4977219,0.384625366,0.824937358,0.361856939
FAM89B,0.914425784,1.746062177,0.85343232,-0.013748379,0.788463673,0.286286036
EIF1AD,2.336255566,2.105875159,1.65146187,-0.318077438,-0.142408701,-0.066776839
BANF1,2.328550848,2.321339981,1.859040215,2.013358201,2.274687107,2.302807312
RBM14-RBM4,1.889740755,2.062572865,1.702938082,1.855438413,1.819931854,1.849169127
RBM4,1.508813907,1.719721704,1.370411461,1.448345176,1.419069742,1.436564857
PC,0.213225568,0.036345921,0.164725544,-0.254773678,-0.469550256,-0.303275853
RHOD,0.495488721,-0.334074902,0.262797834,-1,-1,-0.651357315
AP002495.1,0.664261575,0.388246336,0.075182858,-0.666240823,-0.442564677,-0.540227567
LRTOMT,1.412648516,1.265155247,0.964313958,1.093353576,1.035861815,1.057995064
AP000812.5,1.670129104,1.513061356,1.197280892,1.347435306,1.289556712,1.310334183
ANAPC15,1.783993836,1.567091803,1.286731556,1.470160395,1.446235325,1.447457805
PAAF1,0.099332787,0.639254388,-0.522335626,0.078995125,-0.031414155,-0.289261735
LIPT2,0.796692545,0.546622344,0.721388217,0.407171553,0.196813047,0.314867537
DDIAS,1.274723171,1.320206827,0.802128938,0.927219562,0.87708403,0.762894733
TMEM126A,1.96321594,1.941203326,1.534657505,1.087353823,0.83279612,0.500687462
UBTFL1,1.929272294,1.625541777,1.916161836,-0.339857325,-0.520712416,0.309260368
CWC15,2.274431182,2.161010284,1.853801296,1.836249946,2.0099405,1.604346392
JRKL,0.249851,-0.092246349,-0.165181717,-0.176712786,-0.011427594,-0.744556544
MMP13,-0.702763369,-0.470246287,-1,-1,-1,-1
SLC35F2,0.840797326,1.619363306,1.115442429,0.409100601,0.476371068,0.609441927
CRYAB,0.29812336,-0.447686323,0.269005069,-0.845366876,-0.865869006,-0.071419505
IL18,-0.277948335,-0.350732374,-0.884304568,-1,-0.168096984,-0.317760082
RBM7,1.454455337,1.053081928,1.16948179,0.372013933,0.260484992,0.244565216
FOXR1,2.73065322,2.757630068,2.206693942,1.807603558,1.736682475,1.761075207
TRAPPC4,1.896109888,1.827575029,1.728699257,0.220365289,0.351438923,0.380685121
GRAMD1B,-0.154572194,-0.191980732,-0.297219799,-1,-0.218464109,-0.883852344
C11orf45,-0.330033935,-0.339873589,-0.53890569,-0.142701721,-0.05735367,-0.373754762
GTPBP4,1.595017945,1.906104395,1.295691265,0.750825427,0.781064796,0.507731961
IDI1,1.627053476,2.000963211,1.436384917,0.91658498,0.633722838,0.871967091
AKR1E2,0.135594746,-0.027387064,-0.067172774,0.288714392,0.470951841,0.249097849
PFKFB3,0.959605469,1.778523095,0.731867602,0.11808359,0.514331383,0.537502193
OPTN,0.849610131,0.456727479,0.523046081,0.133582932,0.369309246,0.166555256
PHYH,-0.054124533,0.349237605,-0.023329065,-0.551894555,-0.474834003,-0.084257795
AL157392.5,1.572390788,1.859557634,1.256590797,1.362721072,1.299298978,1.219378281
CDNF,1.052811819,1.177496539,0.770114584,0.438507646,0.963342963,0.648337442
NMT2,1.057347058,1.536093665,1.125850569,0.565257021,0.794858921,0.624030444
TRDMT1,-0.155672685,-0.194214591,-0.805195863,-0.916307844,-0.727372002,-0.797775727
STAM,0.527355328,1.503075915,1.148553209,-0.070699575,0.033574135,0.182928686
ACBD5,0.895807978,1.12535582,0.616865291,-0.756623614,-0.012409434,-0.330776237
CCDC7,0.096288398,0.036793676,0.209543394,0.078393299,-0.085386696,-0.127162864
CUL2,1.739315905,2.047539441,1.419448094,0.054195761,0.233562341,0.129194372
CREM,0.82870449,1.437376888,0.359957591,0.348739069,0.570774343,0.313112949
ZFAND4,0.518948268,0.854193179,0.472828246,-0.080847303,-0.597142877,-0.607257893
MSMB,0.602782337,1.370252906,1.638151501,-1,-0.276809172,0.126149592
MRLN,1.26244095,0.937035745,-0.432427259,-0.491358585,-1,-0.7504699
CDK1,1.864033639,2.448141603,1.66522319,1.509699724,1.618492668,1.27613819
NRBF2,2.172676597,2.421639792,1.98460981,0.912246926,1.194118988,0.760746409
SIRT1,1.157837187,1.211939499,1.011785392,-0.650997733,-0.316330426,-0.113901994
SAR1A,1.7276096,2.092456279,1.663636067,1.248533071,1.330420351,1.351968909
NDST2,0.132145178,0.897273687,0.123918052,0.201942679,-0.292934069,0.16003006
SAMD8,1.344945,1.518826974,1.546706311,-0.038417996,-0.359746096,0.160778208
SFTPD,0.824320769,1.137443658,0.377304772,-0.342343657,-1,-1
ADIRF,0.967450256,0.274914586,0.744694066,-1,-0.382776599,-0.298436164
RPP30,1.658080234,1.779847314,0.919241239,1.03009956,1.119014616,1.022096996
RBP4,0.223910401,-0.14383152,-1,-0.211218414,-0.229097677,-0.284810423
RRP12,0.651292838,1.096503505,0.558097324,0.448157364,0.475030774,0.618686492
R3HCC1L,1.391759458,1.173934681,0.469866517,0.42089854,0.705864201,0.468977685
MRPL43,1.806857846,2.411595834,1.795447018,1.016265399,1.16131951,1.28492787
TWNK,1.108998985,1.50625559,0.873050839,0.429263797,0.516821213,0.680427984
KCNIP2,0.348277441,1.073298943,0.395793849,-0.013175504,-1,-1
BBIP1,0.947328954,1.161586696,0.511261606,0.594816651,0.10878845,0.261834859
ENO4,-0.251929146,-0.055501341,-0.601751771,-0.580960337,-0.30117843,-0.273535597
PSTK,0.588295825,0.895964003,0.403213364,0.257709144,0.141351676,0.0648351
IKZF5,1.053438295,1.345449946,1.077795421,0.705281685,0.638281667,0.413623244
HMX3,0.445282218,-0.049968515,0.175088293,0.120405258,-0.893177438,-0.896798961
BUB3,1.716090993,1.950073843,1.571440339,1.377356162,1.432467179,1.382832271
AC068896.3,1.671541773,1.612609738,0.945177505,0.474100174,0.39613311,0.243393376
EEF1AKMT2,1.457660957,1.386251389,0.747683024,-0.058475291,-0.043369703,-0.242256356
PRAP1,1.883371558,1.714622449,1.564992169,1.867478783,1.65971012,2.058799589
PARP11,0.627412175,0.726929622,0.031306966,0.29260108,0.074972146,0.086672672
TAPBPL,0.630224846,1.142393685,1.012912117,-0.254751646,-0.001517689,-0.005980413
VAMP1,0.836484369,1.372409255,1.338921251,0.007482134,0.187931706,0.112127826
C12orf57,1.705147887,1.470404133,1.452147136,0.550857992,1.880163862,0.503360334
APOBEC1,0.198251944,0.374380845,0.649181258,-1,-1,-0.567279628
NANOGNB,2.099047708,2.348108943,1.840857523,-0.119483533,-0.010190329,0.511033417
SLC2A14,0.160677418,0.365968371,0.466002894,-0.304924753,-0.075457805,-0.739477052
SLC2A3,1.89438206,2.232677784,1.963091784,-0.070772262,-0.263905302,0.206688147
KLRG1,0.46892511,0.17322343,0.204844811,0.618363858,0.562486212,0.379706531
KLRB1,0.036811441,-1,-0.321834825,-1,-1,-1
GSG1,-0.51366172,0.380689094,-0.636219509,-1,-0.589974711,-1
C12orf60,1.265014389,1.490886345,0.799021252,-0.082538023,0.428638363,0.15695301
SMCO3,0.544773002,0.258448876,0.196997416,-1,-1,-0.865515669
FGFR1OP2,1.183484259,1.398384371,1.290786037,0.810970993,0.996629374,1.147746496
SYT10,-0.810350127,-1,-1,-1,-1,-0.939199927
YAF2,0.680500418,0.963966535,0.734496521,0.086750563,0.559082813,0.26819452
NELL2,0.026869639,0.233809248,0.323314878,-1,-1,-1
H1-7,1.414988636,1.176196552,0.384604449,-1,-1,-1
CCNT1,1.08374471,0.91642986,0.927933965,0.814251748,0.797546222,0.82142494
TEX49,-1,0.655529846,-0.02648647,-0.055718376,-1,-1
AC073610.2,1.957884199,2.107511676,1.906821567,1.512534931,1.509310816,1.692987307
RHEBL1,2.249532037,2.381071884,2.23612919,1.517132023,1.476922114,1.51492192
LMBR1L,0.776619284,1.016309431,1.022890967,0.402862322,0.024656858,0.172950252
PRPH,0.816216906,0.877029302,1.02820009,-0.10888006,0.13749741,-0.140263446
TROAP,1.199948692,1.634655855,1.362987105,1.659805372,1.323502385,1.351518443
FAM186B,-0.63517173,-0.36493482,-1,-0.280511867,-1,-0.7069854
TMBIM6,2.225699336,2.272606753,1.973143353,1.774526344,1.913780493,1.784619112
AQP6,-0.18302033,-0.173267512,-0.311940798,-0.961986378,-0.621039623,-0.286591435
RACGAP1,1.643997013,1.812712582,1.610552636,1.245090314,1.192619815,1.062102969
DAZAP2,1.484944069,1.751856458,1.511867925,1.427763214,1.398209582,1.296998533
CELA1,-0.080924246,-0.091946934,0.595305695,0.31581231,0.386067377,0.519218146
ATG101,1.550809916,1.86618207,1.361139316,0.341883931,0.11100642,0.17853598
PFDN5,1.976995537,2.025081084,1.983940617,1.701629031,1.930672744,1.670890321
HOXC10,1.171982233,1.225907513,1.387062715,-0.5878691,-0.299460189,-0.128321757
AC012531.3,1.131305072,1.27083023,1.19182801,-0.794842656,-1,-0.228099639
OR6C3,-1,-1,-1,-1,-1,-1
AC023055.1,2.181303542,2.3467185,1.775231844,1.456005241,1.308338084,1.158819343
ORMDL2,2.142299617,2.296623309,1.837161846,1.594998207,1.605915739,1.478588902
MIP,-0.528998383,0.25816005,0.552549458,-0.316102751,0.034697099,-0.312570039
DDIT3,2.564223006,3.001726207,2.631807578,1.027500537,0.854074288,0.950505121
AC022506.1,3.035047166,3.436733185,3.14952514,1.457839762,1.295759289,1.244411942
AC025165.3,1.961299928,2.05860221,1.645662872,1.514094777,1.342119585,1.613935315
TSFM,1.854239587,1.970874859,1.546876598,1.41079496,1.246991174,1.515402122
AVIL,0.04764261,0.626505684,-0.37256118,-0.256399659,-0.126621301,-0.111075316
LEMD3,0.239005591,0.478274693,0.355429506,-0.283531948,-0.10613906,-0.49613624
LLPH,1.428734178,1.120825176,0.683611541,-0.650636971,-0.115213376,-0.267212199
IRAK3,-0.564885956,-1,-1,-1,-1,-1
RAP1B,1.142689363,1.334371035,0.855267604,1.244119067,0.928252337,0.95324358
MDM2,1.09583201,1.510977926,1.170778864,0.21260857,0.187652853,0.487937707
KITLG,0.739795827,1.067519686,1.038068269,-1,-1,-1
DRAM1,1.046714561,1.09916761,1.079458548,-0.907223609,-0.062632228,-0.387086731
MTERF2,-0.092416326,0.76368864,-0.914060631,-0.857823497,0.099638353,-0.917161703
GPN3,1.922030609,1.950568934,1.683744984,1.308500349,1.549402391,1.356946255
MAP1LC3B2,2.234471771,2.632126098,2.206482946,1.368314526,1.532018403,1.451884927
NOS1,-0.733098289,-0.248818884,-0.719053045,-0.577435654,-0.794406486,-0.975416615
AL021546.1,2.667122833,2.889607694,2.446488828,1.837973661,1.927723158,2.000542271
TRIAP1,2.117609034,2.083238056,1.895759024,1.16919629,1.176393496,1.282198375
DYNLL1,2.396305777,2.664689825,2.373507339,1.408504324,1.441650502,1.169352233
MORN3,0.236473735,0.253902451,-0.03391194,-0.950133537,-0.486145169,-0.701093755
B3GNT4,1.438164762,1.597092853,1.068812668,1.222834038,1.324976585,1.229441078
AC048338.2,1.904190561,2.037261641,1.535237509,1.641912668,1.687171358,1.652189174
DIABLO,1.460712755,1.57865825,1.093501862,1.182148582,1.232336579,1.189247688
AC048338.1,1.811967033,1.942787423,1.471098609,1.566339032,1.59252156,1.578578832
RSRC2,1.487304757,1.78607038,1.334191224,0.956852861,1.132947834,1.116501945
CCDC62,0.103910558,0.838232364,0.537095447,-0.752680107,-0.42223284,-0.813810473
SBNO1,1.421719455,1.41957449,1.271524407,0.864895341,1.083552201,0.97180645
KMT5A,1.390175114,1.88250092,1.271078664,0.219878702,0.724858104,0.352912756
SNRNP35,1.137923203,1.47022042,0.991625101,0.63837448,0.564603184,0.504036384
ZNF605,0.351468828,-0.07101306,0.414532673,-0.265965683,-0.3175523,-0.425841879
ZNF140,1.068631912,1.063954599,0.889303923,0.707785895,0.552874666,0.405554253
ZNF891,0.608667953,0.369058359,0.46153674,-0.196877515,-0.392064643,-0.736961295
AC026786.1,1.633321286,1.788329672,1.451551193,1.037039752,1.030668573,0.899648101
ZNF268,0.608357495,0.725145508,0.395573733,-0.428350304,-0.139533064,-0.329356928
TPTE2,-0.464258998,-0.051556176,-0.316529727,-0.515489724,-0.690067201,-0.300418551
SAP18,2.661342013,2.994591478,2.457577897,1.607416517,1.541487925,1.439881361
SKA3,1.874422079,1.862825332,1.240390832,1.180551729,1.192152073,0.702579751
USP12,0.590523732,0.906203877,0.668052621,-0.457696652,-0.234367221,-0.094564565
POLR1D,1.187103917,1.621189852,1.411261737,1.371146296,1.216237699,1.227523758
UBE2L5,-0.428790641,-0.007587116,0.329825796,-0.401269685,-0.275156655,-0.42458835
USPL1,1.160625861,1.273750651,0.785660967,0.25372568,0.24490292,0.116269087
RFC3,1.462666544,1.774200974,1.163403332,0.85782595,0.840953857,0.916443169
NBEA,-0.208892677,-0.257669138,-0.685126556,-0.788283157,-0.533605985,-0.411615376
CCNA1,2.68194212,2.777353198,2.471744968,-0.482445722,-0.868800931,-0.357277625
DNAJC15,1.890220123,1.818400091,1.361020555,1.550046629,1.681916653,1.362585391
GTF2F2,1.86035593,2.095762035,1.428329697,1.557124488,1.631769501,1.439493865
CPB2,0.415288277,-0.205714924,-0.216545458,-1,-1,-1
RUBCNL,-0.567142651,-0.364396416,-1,-0.967844534,-1,-1
MED4,1.900511107,2.159584641,1.560617031,0.630061752,0.783712118,0.968459291
MLNR,0.503544653,1.027192494,0.320058797,-1,-1,-1
CAB39L,1.299430604,1.637384389,0.909870627,-0.150369461,-0.148615376,-0.521715316
KCNRG,0.466208177,0.740907262,0.167368502,-0.002160396,-1,-1
DLEU7,-0.08950285,0.818487082,0.742322783,-0.64776061,-1,-1
WDFY2,1.246268203,1.442797743,0.994906458,0.215831173,-0.014360458,0.239518671
PCDH8,-0.581530441,0.212475357,-0.183188303,-0.625889177,-0.68212421,0.020789614
MZT1,1.40143609,2.008124586,1.205960554,0.938526033,0.847520652,0.637944354
SLITRK1,-0.656271672,-0.443096884,-0.792370705,-0.838008176,-0.652867103,-0.581882275
RNF113B,0.164687156,0.925613404,0.430238004,-1,-1,-1
POTEG,-0.311414196,-0.041853946,0.034427249,-0.757462505,-1,-1
RNASE10,0.383627335,-0.541000342,-1,-1,-0.365728198,-1
TOX4,1.734681421,1.808486351,1.399995315,1.460123418,1.592627131,1.424068792
C14orf119,2.160890387,1.858211524,1.529708017,1.705009977,1.594478847,1.464419828
PPP1R3E,0.430513612,0.193493194,0.539956334,-0.964756152,-0.890727301,-0.380407623
NGDN,1.88358413,1.825218349,1.381911101,1.508331446,1.462962671,1.637288458
G2E3,0.763126753,0.767428103,0.529584727,0.602255831,0.73572518,0.507050483
TRAPPC6B,1.248050958,1.271553265,0.858666506,0.684879143,0.666155826,0.700646002
RPL10L,1.980146608,2.360731713,1.042118899,-1,-1,-0.401466378
ARF6,1.48345713,1.466654677,1.105900833,0.958272706,0.92732476,0.955573152
CNIH1,1.40760733,1.373293777,1.205596665,1.362831782,1.212969605,1.002869108
TBPL2,0.197013816,0.595217201,0.689335505,0.123197307,0.303851953,0.315359815
JKAMP,1.103882612,0.934175091,0.775825347,-1,0.20812363,-0.399628293
C14orf39,1.937515023,1.950383428,1.502503799,0.718331272,0.779861234,0.831065312
KCNH5,-0.199901168,-0.061249018,-0.317828023,-0.372754024,-0.720633293,-0.177570725
ZBTB1,0.491696618,0.590541354,0.773795363,-0.120800998,0.088870657,0.118677658
HSPA2,0.628859334,1.188251867,0.837968496,-0.225187391,0.275665936,0.240346185
MPP5,0.799896722,0.707042325,0.243934704,0.638061349,0.30406411,0.24928158
PIGH,1.531922213,1.617069468,1.413676365,0.351514824,0.833678427,0.57116046
SRSF5,1.924845258,2.096188373,1.78568007,1.606998689,1.902982134,1.645070918
COX16,2.113280249,1.914499593,1.475428872,1.527987257,1.561343246,1.384554851
SYNJ2BP-COX16,2.256864821,2.056397869,1.716780866,1.884368603,1.930162762,1.878193714
MED6,1.704209595,1.699671546,1.227717413,1.290646187,1.136880925,1.342463308
ZFYVE1,1.301722052,1.287205907,0.865945511,0.31899043,0.356562811,0.600733865
DNAL1,1.168601853,1.30446483,0.889967588,0.082437561,-0.02275254,-0.268894816
GPATCH2L,0.363929639,0.648820301,0.117792511,-0.033479981,-0.006717846,0.030407753
LGMN,1.75461863,1.988814066,1.61547196,1.56097604,1.44743659,1.377337765
AL110118.2,2.095140171,1.942114057,1.700976417,1.484943719,1.511355096,1.444431354
GON7,1.61902849,1.637041267,1.21558198,0.978872538,0.397831362,0.575839294
UBR7,1.736411416,1.547566991,1.485110296,1.090163648,1.182228858,1.203773612
EIF5,2.387731769,2.348365622,1.810749243,1.599609778,1.83036697,1.778527148
LINC02203,-0.119183973,0.247920775,-0.321297383,-1,-1,-1
ATP10A,-0.042158452,-0.007649525,-0.086631826,-1,-0.896616804,-1
SCG5,-0.880481241,-1,-0.083958653,-0.244104066,-1,-0.870388182
EMC4,1.901121674,2.086156159,1.453884122,1.00685037,1.029760711,0.74668079
SLC12A6,1.208371836,1.403290643,0.883703486,0.592769916,0.588931947,0.37309239
NOP10,3.019016032,3.159852669,2.31220495,2.481728271,2.524678562,2.369010889
C15orf41,0.496484473,0.693031838,0.278718761,0.138088562,0.130111688,0.133331012
SRP14,2.926917648,2.910904368,2.327306481,1.833609203,1.910785921,1.949039275
ZFYVE19,0.874773221,1.157872649,0.956740565,0.302022021,0.57265493,0.476012178
AC087721.2,2.259480146,2.728475321,1.899000935,1.775788873,1.951815035,1.78908998
NUSAP1,2.23478958,2.707990355,1.864804829,1.737903818,1.920404001,1.752434229
HAUS2,1.240731509,1.447856596,1.111852343,0.364055602,0.081525812,0.139005836
CATSPER2,-0.795410715,-0.422079481,-0.589711492,-0.889456243,-0.44970319,-0.671141455
SERF2,2.291403125,2.319471926,1.925911562,1.919555725,2.122054826,2.00889375
MFAP1,2.405683689,2.537136439,2.175767723,1.875119084,1.87747464,1.692949679
BLOC1S6,0.901525567,0.98845256,0.504711532,0.26086371,0.153320781,0.252803939
SCG3,-0.55985946,-0.616018801,-0.698302215,-0.8404712,-1,-1
PIGBOS1,1.54174698,1.479339643,0.823415618,0.648138821,0.969251808,0.38614605
PIGB,0.502244368,0.654608215,0.047443848,-0.130510831,0.133063181,-0.343818773
C15orf65,1.772291522,1.767014524,1.527670907,0.117526233,-0.27832643,-0.035666402
GTF2A2,2.530251612,2.455722798,1.945987807,1.363975674,1.338085688,1.093383164
BNIP2,1.783522091,1.773456928,1.447157972,0.087961689,0.348688859,0.328708487
PLEKHO2,0.310566974,0.776181927,0.681374362,-0.43796352,-0.376710112,-0.184334651
AC069368.1,0.772993176,1.193817378,1.055794726,-0.365863139,-0.180765523,-1
RAB11A,2.026592727,2.323689511,1.770522452,1.730239146,1.633431475,1.587717582
SNAPC5,1.692087252,1.549046688,1.181685707,1.576714194,1.416708784,1.374656609
GLCE,0.922646692,0.981384812,0.689976681,0.75783852,0.597233856,0.475836889
UBL7,1.815739333,1.827035925,1.415001296,1.467910246,1.273185493,1.403108142
SNUPN,1.404609173,1.507876802,1.272148784,0.615936495,0.674759023,0.75781229
ODF3L1,1.002422098,-0.302740555,0.453258929,-0.849408151,-0.059748542,-1
ISL2,-0.448116083,0.723337933,0.798657569,-0.915027426,-0.495646901,-0.618515053
SAXO2,0.634905324,0.926340973,0.231895449,-1,-1,-1
WDR93,-0.144010356,-0.115283913,-0.404256773,-0.349505294,0.226923197,-0.243409721
ARRDC4,-0.872074836,-1,-0.344502728,-0.207774094,-0.364252941,-0.487307765
LINS1,0.448868382,0.926436209,0.097966948,0.147972404,-0.337480883,0.095830938
POLR3K,2.407234676,2.415547358,1.998327913,0.464120377,0.55938711,0.16088384
HBZ,0.292069943,0.506155063,0.638504472,-1,-1,-0.202958995
HBM,0.741622251,0.762047562,0.66595387,-1,-0.271436771,-0.36156509
HBA2,1.253671886,1.170567719,1.524594458,-0.670675638,-0.112387112,0.171768478
FAM234A,0.68708024,1.230455035,0.734783408,0.431591507,0.724660708,0.797762965
C16orf91,2.258622026,2.521256961,1.881598912,0.824934298,0.963057914,0.796227297
RPL3L,0.157422624,0.83757987,0.349000872,-0.774573358,-0.118003973,-0.676216086
NPW,0.830716058,1.012677106,0.333754569,-0.696555783,-0.354378412,-0.459823265
ELOB,2.390382061,2.402003554,1.782871458,0.46662273,0.991790189,0.796634027
AC025283.2,1.663831477,1.90557176,1.466538894,1.216578703,1.156939223,1.02378568
ZSCAN32,0.800265796,1.189126844,0.729126149,0.007872118,-0.357185001,-0.320597252
ZNF174,1.006986347,1.182503331,0.571942659,-0.371930781,-0.021545682,-0.898167824
NAA60,0.993870681,1.192596608,0.898897084,0.727655771,0.729249816,0.654793732
SEPTIN12,0.553692369,0.868939649,0.291245134,-0.461228613,-1,-1
USP7,1.892513182,1.831019882,1.478142433,1.272659535,1.235922709,1.336645645
C16orf72,0.917916787,1.25825737,0.996441399,0.922714492,0.861946706,0.798094816
RRN3,1.558788854,1.612494233,1.219927767,1.144274606,1.156293366,1.27893973
AC138811.2,3.23953601,3.265199836,2.962252817,2.940700168,3.034127472,2.853270591
REXO5,0.412594898,-0.315757745,-0.078575144,0.051687771,-0.121406648,0.278890046
TMEM159,1.058461276,1.811794354,1.102395995,-0.129625899,0.01329723,-0.088040662
BOLA2B,2.24834424,2.602683359,1.852384023,0.705572778,1.183499362,1.100845322
ITGAL,0.111819568,0.414136584,0.258082942,-0.331695592,-0.650070628,-0.65931873
ZNF668,0.809714929,1.110537053,0.708631663,-0.732374134,-0.739029342,-0.322037187
PYCARD,-0.090203756,0.40532534,-0.016710273,-0.526011048,-0.830249327,-1
MYLK3,0.619652163,-0.043689398,0.493903278,-0.898090835,-0.616693708,-0.626500536
LONP2,1.874949797,2.282841791,1.611321384,1.165610434,0.99367331,1.076973886
SIAH1,2.107114219,2.553850304,1.819812518,0.891459498,0.812799338,0.550034635
CBLN1,1.452471568,1.356154174,0.629190887,-0.927977495,-0.717672807,-0.344544333
CNEP1R1,1.221012583,1.323783871,0.651039553,0.143453576,0.243828721,0.24633701
FTO,0.110921665,0.375876395,-0.00319176,-0.239413497,-0.129340529,-0.211562836
IRX3,0.202296132,0.380711966,0.26339326,-1,-0.015206062,-0.690202776
IRX5,0.584924237,0.775685959,0.486554204,-1,-0.040904686,-0.501732762
LPCAT2,-0.077183495,0.079832277,-0.310781121,-0.973165457,-0.783274256,-0.882318258
MT3,-0.319929737,-0.329831638,-0.843791952,-0.516667473,-0.151780695,-0.193525101
POLR2C,1.720429028,2.069947922,1.313823723,1.276172167,1.408056181,1.832972152
CFAP20,2.062065095,2.307445168,1.825695705,0.909008796,0.767858634,0.666976367
CSNK2A2,1.082736604,1.045038662,0.828578074,1.02558995,1.117595764,0.813443664
GINS3,1.316643093,1.198947009,0.837326917,1.077240874,0.896295517,0.922856827
CIAO2B,2.502089297,2.538677497,2.254712109,2.323840249,2.577097517,2.439028087
TMEM208,2.019486498,2.202632141,1.604633453,1.101180958,1.13514026,0.971902365
TPPP3,0.79600348,1.150195939,0.917129767,-0.057673538,-0.167527825,-0.558831138
GFOD2,0.663698467,0.949883903,0.540181873,-0.336866281,-0.121450512,-0.037291567
NIP7,1.782409728,1.939305916,1.350446444,0.98557672,1.073031346,0.924611299
CYB5B,1.413740942,1.796477878,1.16669836,1.412699011,1.18061694,1.318276986
DHODH,0.430295514,0.546281806,-0.090256626,-0.36434546,-0.482248961,0.047331324
TXNL4B,1.556732297,1.892716231,1.489962949,1.457585729,1.478461801,1.339517812
RFWD3,1.375716351,1.373917288,1.25191087,1.045140436,0.992426617,1.028370562
GABARAPL2,2.349736619,2.592866304,2.124833072,1.699192532,1.630396055,1.849158658
TERF2IP,1.533325404,2.09002888,1.254226638,-0.238486479,-0.1595986,-0.056927898
AC025287.4,1.892874691,2.113955717,1.597024025,-0.538827707,0.230608936,-0.389410279
CPHXL,2.160204944,2.440567467,1.824045334,1.276812214,1.375838967,1.477864418
CENPN,1.904371684,1.986019822,1.440586596,1.570173333,1.796592853,1.653668689
FBXO31,0.288340774,0.841775703,0.320323181,-0.944699898,-0.667777701,-0.464530564
MAP1LC3B,2.12653088,2.583304542,2.025948151,1.181810997,1.248885231,1.243167079
ZNF778,0.497265534,0.650953101,0.160558892,0.0241741,0.196425051,0.378350753
SPATA33,0.633593152,1.232410082,0.749872842,-0.205809331,-0.51250624,-0.053477307
VPS53,0.267394305,0.653035683,0.195539435,-0.088235054,-0.023589541,0.016661736
YWHAE,2.017978151,1.959026713,2.057680174,2.116613877,2.111468123,2.160895289
UBE2G1,1.851176885,1.908501068,1.651021865,1.748265955,1.616223245,1.664482328
VMO1,0.813651141,0.661710233,0.773977595,-1,0.036900588,0.280340256
SCIMP,-0.337049203,-0.686042945,-0.541894933,-1,-0.341980653,-0.764743592
MED31,2.031836747,2.257199611,1.849957995,-0.340770848,0.090042871,-0.498299744
C17orf100,0.393273387,0.944684019,0.666799425,-1,-1,-0.711829675
ACAP1,-0.298293719,-0.008550694,-0.098762509,-0.860314429,-1,-0.957455484
CHRNB1,0.569763104,0.877185665,0.74155132,-0.282008697,0.152141278,-0.296312843
SOX15,1.8427408,2.256068056,1.896851663,2.337564899,2.313814241,2.396128351
ATP1B2,0.66452389,0.667693594,0.552221489,-0.307343877,0.026367296,-0.779530465
EFNB3,-0.729255787,-1,-0.03812364,-0.174599928,-0.701703535,-0.414591511
RNF227,0.381790599,0.723274441,0.450210359,-1,-0.233640716,-0.142266896
TMEM107,0.375850055,0.61874463,0.94209229,0.416751134,0.858998881,0.246901796
CFAP52,-1,-0.60737584,-0.334324874,-0.938161472,-0.818762433,-0.757648259
MYH3,-0.323584345,-0.150765563,-0.502870578,-0.718395161,-0.766327139,-0.625058943
AC005324.4,0.791650704,0.613373277,0.591784544,-0.148990397,-0.074702017,0.002252702
ALDOC,1.089851131,0.900303669,0.342544316,-1,-0.332792809,-0.800040835
UTP6,1.442425688,1.538525426,1.112987495,1.292254164,1.396314504,1.336986288
LRRC37B,-0.274116652,-0.501401939,-0.598732344,-0.133756304,-0.066313997,-0.654459483
CCL2,1.06143796,0.227405804,0.816002721,-0.299635227,-1,0.084624887
HEATR9,-0.47180935,-0.389808682,0.009767726,-0.558870584,-0.344624226,-1
ZNHIT3,1.909588744,1.798642768,1.600726046,1.546567732,1.737715551,1.477758384
C17orf98,0.340733607,0.67523551,0.846347285,-1,-0.64662474,-1
FBXL20,0.569702435,1.015894719,0.598850891,0.500334615,0.267780261,0.288866298
CDC6,1.118379312,1.477813322,1.097853323,1.18877768,1.191081184,1.15858079
KRT222,-0.202823662,-0.341554287,0.139794468,-1,-1,-0.65660791
KRT10,1.427536887,0.92595172,1.009021605,-0.44334756,-0.447418116,-0.686303607
KRT17,-0.449251614,0.225081284,0.129516089,-0.281648203,-1,0.007591859
EIF1,2.64921087,2.993906517,2.677252485,2.707316766,2.705096036,2.472466356
ARL4D,1.945177176,2.315008783,2.193723317,1.483255943,1.728601253,1.414020607
MPP3,-0.152343504,-0.123704239,0.210249358,-1,-0.459058403,-1
PLEKHM1,0.199851293,0.73589063,0.570220537,-0.064380882,0.00123826,-0.048647403
ARL17B,0.270911329,1.152492686,0.8712348,-0.015266984,-0.055879766,0.127331187
ARL17A,0.273138836,0.908384117,0.843041076,0.000152547,-0.00716092,0.08935419
GOSR2,0.683619967,0.431879969,0.483549843,0.816678691,0.819838325,0.767680578
AC005670.2,1.405312277,1.124172301,1.082629826,1.456145912,1.42956075,1.396041842
HOXB9,0.599215636,0.304619616,0.475741064,-1,-0.716470345,-0.798432666
HOXB13,-0.064238236,-0.530263931,0.374869317,-0.273239225,-0.717612934,-0.725592787
GIP,1.545042409,1.686240215,2.034518036,-0.021431236,0.272793269,-0.072316344
GNGT2,0.242434174,-0.435605812,0.581990624,-1,-0.244088727,-1
SLC35B1,1.268568999,1.200726736,1.066489383,1.325929514,1.187276125,1.158200972
TMEM92,0.99229502,1.223444423,1.229944179,-1,-0.512263939,-0.523569213
C17orf67,-0.074104504,0.458903154,0.292742097,-0.249785376,-0.03837092,-0.788477162
RAD51C,1.145628504,1.418307681,1.215594914,0.647148999,0.677401544,0.704030983
SKA2,1.457522593,2.008504918,1.383889192,1.197513544,0.902145861,1.036281578
YPEL2,0.95225854,1.45490095,1.038974756,0.944895115,1.271523904,1.274441839
VMP1,1.212174559,1.512885275,0.964685827,0.713110774,0.50258063,0.463563908
GH2,0.409493118,0.268102403,0.61893615,-1,-1,-0.24992882
GH1,-0.801015639,-1,-0.047119079,-1,-1,-1
AC127029.3,-1,0.312465131,0.540422927,-1,-1,-0.404187063
DDX5,1.941279295,2.246649205,1.866654479,1.623611916,1.478349577,1.4729068
NOL11,1.563424562,1.799508019,1.268838746,-0.14875644,0.040509104,-0.400271446
KPNA2,2.529805073,2.938265096,2.576993928,2.634717887,2.519627222,2.553030892
ARSG,0.684086497,0.609318353,0.24099998,0.177009358,0.046271136,0.159827938
SLC16A6,1.323274535,1.376361574,0.885242362,-0.207684416,-1,-1
ABCA10,-0.524838774,-0.541168941,-0.41586401,-1,-0.652096421,-0.643584794
KIF19,0.417689222,0.624724798,0.766289217,-0.273622554,-0.570381456,-0.775462369
AFMID,0.953523727,1.398513041,1.49163735,-0.870404416,-0.243593601,-0.711465611
CBX4,0.174845357,0.463202828,0.003326139,-0.310256244,-0.047506745,-0.587549893
EIF4A3,1.982940084,2.459487007,2.058628117,0.09782618,0.531033556,0.516427608
NPB,0.077205841,0.448789702,-0.077821703,-1,-0.330328778,-1
TEX19,0.494158926,0.526336008,1.183670766,0.224282713,0.096496853,0.973778035
METTL4,0.826044631,0.736615088,0.112179082,0.195121768,0.321652213,0.223837009
RAB12,0.496167379,-0.333525059,-0.28608397,0.050471365,0.47969713,-0.274248549
TWSG1,0.499525042,0.085486128,0.958222891,0.659372746,0.378639874,0.321689265
ANKRD62,-0.84421544,-0.833937487,-0.02759983,-1,-0.933997444,-1
ZNF519,0.170055413,0.011815228,0.115224601,0.019142315,-0.261559453,-0.051346668
DSC1,-0.554124244,-1,-1,-0.65593021,-1,-0.374843089
TTR,-0.148744191,-1,0.562604791,-0.799234102,-0.575537565,0.597501827
RNF138,1.992794485,1.674252707,1.651767149,1.430570294,1.248441645,1.28082356
AC007998.2,1.07456571,1.395446481,0.850687862,0.729072653,0.632220442,0.800037045
C18orf21,1.200200453,1.410803397,0.79251103,0.498098682,0.798660696,0.194506661
PIK3C3,0.627478077,0.344160728,0.483719062,0.374765298,0.274011102,0.430167233
STARD6,-0.67348625,-1,-0.399088567,-1,-0.315390035,-0.145568763
DSEL,1.049382542,1.029409036,0.534173069,-0.958107114,-1,-0.78006567
C18orf63,-0.281814636,-0.841191204,-0.592052084,-1,-1,-0.886288997
ATP9B,0.317052092,0.508220949,0.262575796,-0.462120222,-0.462757903,-0.474658486
SNRPB2,2.399775843,1.478205501,2.143820827,2.104970328,2.186177597,1.992735864
NKX2-2,-0.00666835,0.137800358,-0.359415672,-1,-1,-0.553062702
CST8,0.146014081,0.450750253,-1,-0.446374957,0.121034673,-0.027239937
DEFB119,0.251874913,-1,-1,-0.155873981,-0.696233633,-1
PDRG1,1.480145673,1.700501994,1.22741029,1.121028742,1.487543425,1.248911962
MAP1LC3A,0.591568919,1.218199711,0.897629229,0.14713769,0.541189358,0.650815019
SPAG4,0.906882392,1.125185781,0.554884961,-0.523142047,-1,-0.371360508
RBM39,1.826462887,1.968779684,1.550995732,1.036907584,1.446029267,1.078522508
PHF20,0.743080393,1.137236335,0.807927555,0.803822607,0.893156956,0.77496828
CNBD2,0.869894551,1.056833845,0.270342869,-0.463787275,-0.644167767,-0.717718846
CTNNBL1,1.629914304,1.817985612,1.198146051,1.069206527,0.916636623,0.895936985
EMILIN3,-0.494562684,-0.340500568,0.098181493,-1,-1,-0.920296304
OSER1,2.188283286,2.511560494,2.169847541,1.793384024,1.712085338,1.438301407
R3HDML,-0.043706213,0.602789028,0.583723941,-1,-1,0.136439791
SLPI,-1,1.312007122,0.974947959,-1,-1,0.46522485
SYS1,0.978935277,1.415734613,1.159166087,0.83309449,0.58485255,0.690056924
WFDC6,-1,-0.415155659,-1,-1,-0.300192601,-1
UBE2C,3.163260878,3.260845575,2.851308543,2.707435875,2.777151073,1.783409558
TNNC2,1.224622655,1.233577504,0.985699252,-0.423702806,0.120085754,-0.136001176
ZNFX1,0.847233977,0.972502655,0.696347565,0.186576135,0.286910921,0.443056867
SNAI1,1.416495867,1.898263252,1.547351012,-0.533692469,0.13265004,0.759183223
DPM1,2.271885062,2.325465124,2.11046927,1.368913862,1.355279247,1.120475544
RTF2,1.428313741,1.406462594,0.947827122,1.202258301,1.470223144,1.154487282
FAM209A,1.270904815,1.348204535,0.36520512,0.99817003,1.11539229,0.70130381
MTRNR2L3,0.011070115,-1,-0.201267412,-0.434637252,0.344995228,0.018578161
TUBB1,0.44097299,0.343005633,-0.237407134,-0.846543718,-1,-0.835674753
TCFL5,0.072131059,-0.103791445,0.679090648,-0.180703609,0.496805635,0.109339789
FSTL3,-0.584091409,-0.491017588,-0.688517991,0.284506393,0.106499962,0.156694937
PALM,-1,-0.330759556,-0.425727681,-0.457995661,-0.78343639,-1
ELANE,1.101046842,1.301957709,0.829455979,0.614503593,1.409302176,1.084024793
GADD45B,1.517188012,1.956696851,1.326100682,-0.095704625,0.299681626,0.44387884
CACTIN,0.823573874,1.158880841,0.559837644,0.23874794,0.077185054,0.358442141
YJU2,0.455258136,0.94837338,0.511406642,0.554835168,0.197416634,0.474855194
STAP2,0.251672037,0.345896976,0.627347089,-0.340839815,-0.35219681,-0.185627249
RPL36,3.144457984,2.861328141,2.773522157,2.600016598,2.781923369,2.638893759
TNFSF9,0.285726482,0.362858912,0.579618674,-0.352071623,-0.356440108,-0.713379226
C3,-0.117772692,0.171716034,0.158944395,-0.976108248,-0.153108005,-0.590927934
ADGRE1,1.295954374,1.267509283,0.534649184,-0.69626137,-0.29506567,-0.577070022
MBD3L2B,2.698638547,2.901166832,2.407994303,-0.037003534,0.889982687,0.99422683
MBD3L2,3.549909605,3.769672431,3.246710216,0.752927387,1.713988065,1.814249196
ZNF557,0.795790168,0.836806482,0.749976602,0.445360908,0.397712108,0.418219597
TEX45,-1,-0.389024531,0.094328645,-1,-1,-0.899193855
AC008878.1,-1,0.182235556,0.394987376,-1,0.042094926,-1
PET100,1.602014836,1.329150191,1.197388672,0.85010845,0.967163906,0.918412178
AC008763.2,1.596803713,1.481174134,1.253172764,1.046308752,1.006665077,0.979917559
TGFBR3L,-1,0.274914586,0.45141244,-0.65015473,-1,-0.822826095
SNAPC2,1.470385044,2.074744383,1.519901504,1.243290201,1.267709058,1.168279898
ANGPTL4,-0.359218361,-0.718909182,-0.059935404,-0.599199785,0.130658837,-0.075444611
MARCHF2,-0.711792634,0.262044816,-0.305636862,-0.536781168,0.042629177,-0.387049685
ZNF266,0.374506498,0.803557194,0.326038186,0.141950107,0.166741065,0.215465926
UBL5,2.490309188,2.782110297,2.399621505,1.745218556,2.047988279,2.106400393
AC011511.1,1.380806558,1.146292645,1.219440606,0.780057715,0.877675778,0.900694559
FDX2,1.472509774,1.300663844,1.320608527,0.701382934,0.770170004,0.425256494
EPOR,0.886304467,0.844002375,1.032343446,-0.121677604,-0.268713724,-0.428282661
RGL3,-0.449264636,-0.247754433,-0.332609286,-0.915310867,-0.350539498,-0.769310592
CCDC151,0.05612304,0.483029355,0.556290788,-0.364015262,0.020195295,-0.731763275
ELOF1,1.816467584,2.16539464,1.641230264,1.659506385,1.731609145,1.623331252
ZNF823,1.512931581,1.762070967,1.661722931,0.853726071,0.280580972,0.257222399
ZNF491,-0.151737262,0.127452648,-0.771684383,-0.740838782,-0.835536636,-1
ZNF700,0.112189302,0.44949776,0.15159335,-0.433464041,-0.765076613,-0.546568923
AC008770.2,-0.038515185,0.307283226,0.164872836,0.369439497,-0.247865324,-0.289896341
AC008770.4,0.603860027,1.710320576,1.136833345,0.409300601,0.499968833,0.268989842
AC008770.1,1.815795831,2.376316536,1.993634967,1.031298788,1.113611276,0.769147124
ZNF878,1.553828345,2.055538257,1.866320541,0.148971379,-0.10892565,-0.637388336
ZNF844,0.275224232,1.412461864,0.843107346,-0.202731963,0.135240948,-0.132205135
ZNF20,0.23817498,0.739586611,1.030954535,-0.645894199,-0.453489884,-0.925752642
ZNF625-ZNF20,0.856885404,1.211075087,1.399648585,-0.336297626,-0.161748219,-0.688395812
ZNF625,1.018275304,1.249042089,1.403093216,-0.280020058,-0.194432967,-0.622904291
GET3,1.590882019,2.221930084,1.596030149,0.459507665,0.661491611,0.922365624
C19orf53,2.588100899,2.786597374,2.202317336,1.220144942,1.524545344,1.32011563
CLEC17A,0.70531833,0.795222522,0.587297182,-0.788100692,-0.131629447,-0.774054524
OR7C1,0.658069691,0.676732999,0.44865841,0.351859454,0.117137113,0.271915181
AKAP8,1.24484869,1.365003675,0.778490701,0.253526982,-0.066669917,0.50178808
CYP4F22,-0.814547283,-0.351636196,-0.654087696,-1,-0.598644745,-0.88861243
FAM32A,2.553895857,2.524945606,2.037462871,0.906443918,0.941389694,0.888335853
DDA1,1.395584561,1.843552148,1.129786906,1.238352412,1.224350818,1.085332221
PLVAP,0.923009573,1.109287759,0.614819206,-0.919217458,-0.870977333,-0.87524923
ARRDC2,0.597229092,1.166590787,0.621323183,-0.958141567,-0.337671471,-1
MAST3,0.779396795,0.844251791,0.080546378,-0.597878139,-0.171051459,0.152106209
CRLF1,0.608806039,0.91511618,0.628815515,-0.278228747,-0.434647779,-0.113952936
TSSK6,0.367257183,0.33501693,0.414362352,-1,-0.444159018,-0.52319096
ZNF506,0.900311768,1.033463197,0.749714641,0.663812538,0.663094984,0.736955692
ZNF682,1.160478,1.603195847,0.951979769,0.911544867,1.145812793,0.966774906
ZNF486,1.336556666,1.598162447,0.898508402,0.255728648,-0.293492609,-0.108384084
ZNF66,0.468426075,0.937731325,0.203428231,-0.666350146,-0.674116996,-0.945232764
AC010615.4,-0.403642554,0.687800071,0.697726149,1.101215403,0.912417018,0.817686295
ZNF429,-0.289462084,-0.105460881,-0.589144312,-0.252917541,-0.572222979,-0.822653182
ZNF100,1.280051184,1.146531117,0.546467262,-0.294315898,-0.465821826,-0.477687481
ZNF208,0.469140788,0.994010248,0.526213799,-0.868179897,-0.778127019,-0.802104844
ZNF257,0.385396076,0.340930473,0.02283302,0.62547765,0.249067052,0.210059435
ZNF676,0.97795808,0.870915476,0.225039668,-0.458710656,-0.777071375,-0.466004518
ZNF729,0.986409865,1.246096265,0.099834269,-0.905142371,-1,-1
ZNF98,0.984745314,1.077107146,0.975473636,0.358164449,0.31767539,0.645041485
ZNF492,0.44000943,0.599150288,0.466559826,-0.365026261,-0.398846884,0.187199616
ZNF99,-0.140797467,0.082207415,-0.521970308,-0.304036162,-0.283461228,-0.467441236
ZNF723,1.856092982,1.936259786,1.18771444,1.019721553,0.949963999,0.82024714
ZNF728,1.65168825,1.816160007,1.119173112,0.264860541,-0.483186648,0.491011807
ZNF724,1.093170194,1.342518193,0.684804253,0.296311264,0.28784436,0.307716071
AC092329.3,1.815292616,1.796398744,1.229751571,0.647079046,0.491667475,0.475358794
ZNF91,0.558255209,0.56635718,0.051539004,0.20094747,-0.009654324,0.180423467
ZNF675,1.260734662,1.314287104,0.65946471,-0.400838953,-0.089504144,-0.116869128
AC092279.1,0.841112814,0.974747381,0.173540569,-0.70169878,-0.848404075,-0.697978267
KRTDAP,-1,-1,-0.085230599,0.116158554,-0.657365112,-0.480084322
HCST,0.124988251,0.113387758,-0.094228127,-0.222485974,0.217064571,-0.29566878
ZNF790,0.558702094,0.354656514,0.216815747,-0.259301356,-1,-0.746515152
ZNF345,0.327530896,0.350103952,0.391982007,-0.19749052,-0.20807516,-0.706221621
ZNF568,0.414818384,0.781347823,0.234985073,-0.199307108,-0.172587655,-0.304058374
ZNF793,-0.34348584,-0.487907965,-0.462129821,-0.451012375,-0.229668818,-0.526998068
RYR1,-0.402122558,-0.671958632,-0.343459155,-0.336029284,-0.227632357,-0.153408488
LGALS7,0.887232606,0.423315512,0.114039053,-0.125419456,-0.301506295,-1
LGALS7B,0.721393393,0.68831538,0.751450938,-0.615873098,0.114909434,-1
CLC,1.489397531,1.457315641,1.5519109,-0.758568349,-1,-1
LEUTX,3.404993394,3.363593111,3.133335855,0.719608115,0.858009498,1.109307272
PRX,0.204847143,0.490213992,0.197521016,-1,-0.695465153,-1
SERTAD1,2.074110058,2.3552152,1.844171471,0.000227566,-0.39279791,-1
SERTAD3,2.38699493,2.707712014,2.082370662,1.864466539,1.839444253,1.780387372
TMEM91,0.12411511,0.502417032,-0.236865746,-0.141134685,-0.879681371,-0.461358809
B9D2,0.838041305,1.290114248,0.661345445,-0.221384306,0.357632563,0.374761752
CNFN,1.434948741,1.345392994,1.311037191,-0.48199749,0.733197789,0.584037345
ZNF576,1.028253342,1.378700637,0.871154393,0.15665001,0.502282517,0.219486757
SRRM5,0.939972221,0.979192876,0.660702607,0.72121818,0.752773013,0.738463968
ZNF230,0.211396648,0.195675159,-0.275693459,-0.757891328,-0.948354341,-0.654686965
ZNF226,0.783182417,0.71682235,0.546959838,0.437217908,0.513956321,0.437241325
RELB,-0.04223587,0.824345624,0.294899288,-1,-0.635230504,-0.318928639
ZNF296,1.768286913,2.458920784,1.862258527,0.830944867,0.588890743,0.421802099
GPR4,-0.027100234,0.095058075,0.548302265,-0.148213702,-0.75539003,-0.531636385
EML2,-0.421184295,0.444763356,0.216709915,-0.773505508,-0.330835489,-0.893272681
GIPR,-0.268267663,-0.168914895,-0.294247362,-0.639065472,-0.198932157,-0.720347483
BHMG1,0.118836427,0.484341346,0.355927962,-0.773998003,-0.379156514,-1
IGFL2,-0.381493037,-1,-1,-0.192801777,-0.279488279,-0.787925335
ZC3H4,1.121671012,0.866259116,0.7235204,-0.436514485,-0.100494151,0.079178662
KPTN,1.767044298,1.315091502,1.543484456,-0.282762881,-0.289959972,-0.552008246
TPRX1,2.567575912,2.969556537,2.330834166,-0.720234984,-0.596805616,-1
SULT2A1,0.672449097,0.884947672,0.651785483,-1,-0.165097649,-1
ELSPBP1,-0.793682381,-0.051724649,-1,-0.515617354,-1,-0.63169494
SULT2B1,0.369837589,0.268652081,-0.065091507,-0.080125067,-0.178710418,-0.015037075
HSD17B14,0.790178283,0.638941371,0.962925656,-0.734277602,-0.222019642,-1
PPP1R15A,1.642530192,2.134266589,1.582200149,0.901350674,1.004250581,1.066736968
DHDH,0.830535281,-0.281105866,1.03590849,-1,-0.603397346,-1
LHB,-0.006645375,0.472074832,0.173371023,0.11174797,-0.136029387,-0.464931032
AC008687.8,-0.010738439,0.879395009,0.204450043,-1,0.165109838,-0.636264598
CD37,0.643140004,0.945319143,0.589266702,0.975311377,0.670167289,0.842864375
DKKL1,0.040438994,-1,0.02539976,-0.557447423,-1,-0.802344823
AC010619.2,1.030018483,1.216276942,1.269408464,0.616098617,0.559726187,0.306067125
FLT3LG,0.485404019,0.751368047,0.685733139,0.125936881,0.198236454,-0.178159446
NOSIP,1.860690377,2.264160389,1.488690588,0.462107585,0.538014829,0.469622613
RRAS,0.885108108,1.194155424,0.959987603,-0.64259107,-1,-0.423432539
CPT1C,0.864102268,0.947407964,0.973244607,-0.185710811,0.208531916,0.244013875
TBC1D17,0.533109469,1.191098797,0.63738982,0.18845184,0.287819562,0.053009259
ZNF473,1.180913318,1.618180668,0.91463893,0.507197752,0.293253086,0.208635792
AC010325.1,1.512458079,1.434214763,1.073931261,-1,0.323017089,-0.547330626
KLK10,-0.547950304,0.669078825,-0.481081253,-0.675350396,-0.788585307,-0.55134646
KLK11,1.248767077,1.759040276,1.159274627,-0.350039967,0.257367989,-0.904719626
LIM2,0.862261453,-1,0.685616634,-0.831245808,-0.375283467,-1
ZNF175,-0.500522614,-0.427688635,-0.620784205,-0.739266331,-0.845153698,-0.850142583
ZNF613,-0.580868689,0.254221637,-1,-1,-1,-0.497541163
ZNF350,1.47509563,1.574021078,0.889344814,0.821405034,0.643444071,0.539418581
ZNF614,0.448629015,0.188183805,-1,-0.06166466,0.141395826,-0.370640417
ZNF432,0.554678587,0.448671275,0.843929755,0.118881204,-0.047804687,-0.020103115
ZNF841,0.871278936,0.824055237,1.001828485,-0.252082163,-0.126002042,-0.263329459
ZNF766,0.7257774,0.772148917,0.218445384,0.273155335,0.271400789,-0.01972349
ZNF880,0.970388329,1.109977969,0.882319573,0.596349535,0.682847046,0.448790749
ZNF578,1.025042906,0.801177683,0.468465287,-0.587297204,0.189572812,-0.13079653
ZNF701,0.679933281,0.866774953,0.444574515,0.237756544,-0.21670378,0.03594087
ZNF611,0.748103874,0.852993065,0.35801692,0.203175164,-0.198511111,0.034591104
ZNF816-ZNF321P,1.113652654,1.370928792,1.270584755,0.718827294,0.821603538,0.792367013
ZNF347,0.185361203,0.341867589,-0.264287104,-0.693007261,-0.278982013,-0.487027735
DPRX,0.476931656,0.593765021,1.070328847,0.455046503,0.827105693,0.018205081
TFPT,2.09412635,1.974943174,1.53096378,0.500340722,1.027925624,0.852534356
LENG8,0.736839733,1.05892618,0.504832716,0.358514216,0.216519602,0.330878855
EPS8L1,0.874969642,1.338916461,1.24829176,0.013318881,0.596585526,0.089753668
TNNI3,1.243267418,1.53420813,1.348419562,0.136295177,-0.00098443,-0.487751818
AC010327.2,1.438193554,1.767595341,1.591099483,0.574857833,0.329533851,0.296625178
DNAAF3,0.610869666,0.831633367,0.932108571,-0.002110786,-0.037406615,0.020458556
COX6B2,-0.009236033,0.845344459,0.362055362,-0.670582565,-0.684641807,-0.850602758
AC020922.1,-0.273889024,0.577902518,0.129745418,-0.883774384,-0.638633311,-0.371969218
GALP,0.128693651,0.109147712,-1,-0.226311253,-0.45505352,-1
ZSCAN5B,2.225982581,2.877987434,2.304700333,0.880627439,1.117074683,1.112943611
ZNF667,0.411538155,-0.074903493,0.328552465,-0.031156765,-0.288591208,-0.265934591
ZFP28,0.854588063,0.674014286,0.665390917,0.09009486,0.09297071,-0.440233056
ZIM3,1.733598796,2.014684202,1.68385408,-0.583797549,0.198887489,-0.517852947
DUXA,3.324799849,3.630998992,3.005796269,0.32522392,-0.485101072,0.359094296
ZNF547,0.923586731,1.24213899,0.492579626,0.608311005,0.606209597,0.297433424
TRAPPC2B,1.506880939,1.843171503,1.192431467,0.690687377,0.784744147,0.430335723
AC003002.1,1.755919602,2.067056647,1.433441438,1.506483743,1.346570269,1.255744854
ZNF530,1.147497287,1.829144778,1.305129279,0.740608105,0.676741436,0.55441585
ZSCAN4,2.449905447,2.882303445,2.404292858,0.232062627,0.89964191,1.134004393
AC010326.3,1.45857566,1.538520212,0.968448139,1.354851606,1.518828953,1.451036743
AC010326.1,1.364999969,1.656297887,1.225776465,1.187091729,0.862994265,1.114167486
C19orf18,-0.598491835,0.952490801,0.917461554,-0.177810207,-0.05507546,-0.736454241
ZSCAN18,0.084159355,0.371248374,-0.457316833,-0.417486416,-0.371669937,-0.394291757
AC020915.5,1.886683824,2.093170341,1.562961878,1.222760457,1.570559884,1.269783629
ERVK3-1,1.715969668,1.929206608,1.321171429,1.071672167,1.465352251,1.131129644
A1BG,1.341434421,1.462403267,0.955602981,-0.541035749,-0.746151112,-0.6684107
RBMY1A1,-1,1.13370645,0.73776322,-1,-1,-1
RBMY1D,-0.865775799,1.338378651,1.008611946,-1,-1,-1
RBMY1E,-1,1.241966486,0.950220943,-1,-0.738366093,-1
RBMY1F,-1,1.328929529,0.975669533,-1,-0.849771811,-1
RBMY1J,-1,0.949268391,0.657823073,-1,-1,-1
POTEH,-0.305909179,0.139013296,0.151615755,-0.488020272,-0.771480391,-1
ZNF280A,2.388905653,2.672170233,1.994248001,0.107035325,-0.005660364,0.010458937
PRAME,0.38733078,0.901601792,0.48371867,-0.605677315,-0.304229839,0.080474198
SNRPD3,2.110527027,2.205212384,1.88751037,1.867752748,1.880014328,1.899789315
GGT1,1.995745442,2.091963434,1.771251305,1.756334796,1.774128426,1.776831473
CABP7,1.308804935,1.698697939,1.066096498,0.415788258,0.481291361,0.248492094
ZMAT5,1.561951484,1.976445201,1.228483367,0.658692768,0.876108295,0.478784937
SELENOM,1.454502118,1.674401057,1.30342801,-0.093325473,0.45714147,-0.186331615
INPP5J,-0.169428362,0.202693851,-0.213879893,-0.066122901,-0.149320401,0.160136352
APOL5,-1,-0.053873891,-0.117145564,-1,-1,-1
NOL12,1.617924195,1.619907057,1.046019779,1.387197946,1.296629449,1.399948188
Z83844.1,1.434269288,1.416670184,0.849573227,1.230580602,1.135139972,1.245983076
C22orf23,0.669397369,0.813863172,0.50039026,0.231203583,-0.09936102,0.126349016
POLR2F,1.967215799,1.956329897,1.617266297,1.049218548,1.200872059,1.420623383
CBX6,0.136954571,-0.02430717,-0.121130151,-1,-0.20312989,-0.77759529
PHF5A,2.302553633,2.474375533,2.183333645,2.098009664,2.331952837,2.329288822
CSDC2,1.288783585,1.51499986,1.094806719,0.373905407,0.535432614,0.318808878
PMM1,1.494597484,1.715633893,1.288722616,0.563793658,0.789574219,0.58661422
SNU13,2.470573556,2.595864168,1.960733736,1.35018094,1.390326995,1.250164235
BIK,2.922140754,2.918677072,2.545973235,-0.3056777,-0.286166544,0.1658794
MOV10L1,0.321044309,-0.403347256,-0.207107694,-1,-0.909721954,-0.330939443
CU639417.1,0.68018289,1.016400891,1.054474306,0.154096346,0.116649255,0.828702419
TPTE,1.056222957,1.736497439,1.314351914,0.882889165,0.869766425,0.700072322
SAMSN1,-0.606266844,-0.272053406,-0.716657816,-0.895697356,-1,-0.303057534
CXADR,1.587744524,1.845066323,1.142641098,-0.19013102,-0.545765504,-0.207590724
C21orf91,1.784536881,1.645731375,1.244687635,0.439603731,0.641785417,0.570225632
GABPA,1.463681581,1.544570597,1.197089651,1.001659154,0.985803727,1.031344577
KRTAP22-2,-1,-1,-1,-1,-1,-1
MORC3,0.875301275,0.803319647,0.721174025,0.345562836,0.075643454,0.520841761
H2BS1,0.894670095,1.308807763,1.242247443,0.280663914,0.522449928,1.056273294
MT-CO1,4.423644907,4.329331798,4.505651391,4.405901661,4.303991708,4.578194824
MT-CO3,4.340475851,4.305434177,4.45590148,4.305866471,4.24372003,4.540619693
MT-ND4L,4.570004815,4.387946255,4.759520857,4.697766781,4.476994045,4.73961029
AC136352.5,-1,-1,0.153911264,-1,-1,-1
AL354822.1,0.017988531,-0.758388749,-0.381702101,-1,-0.223062702,-0.55814527
