gene,logFC,logCPM,PValue,FDR
Charlie21a,2.001329921,7.601795746,1.37E-299,2.90E-296
L1ME3C,1.750462985,8.94953943,2.78E-175,1.52E-172
L1P3b,-1.51446344,5.382379154,2.80E-112,7.70E-110
LTR82A,1.365528714,4.78224837,3.04E-78,4.25E-76
LTR88c,1.251809279,4.950263843,6.68E-70,7.91E-68
L1M2,0.985612858,9.746111869,6.68E-70,7.91E-68
LTR45B,1.714641532,4.04564594,3.70E-68,4.13E-66
MER104,0.960327894,6.47048707,5.87E-60,5.19E-58
HERVH48-int,1.115059057,4.670223538,4.70E-53,3.33E-51
MER52C,-1.017408855,5.374320149,2.52E-46,1.44E-44
Charlie15a,0.768400483,7.322668715,2.74E-44,1.45E-42
MER21A,0.826624395,6.30041512,2.01E-43,1.03E-41
MER65C,1.156253214,4.559552141,3.21E-43,1.64E-41
HERVS71-int,-0.813241567,6.370622732,2.20E-40,1.00E-38
LTR6B,-0.869961574,5.342665985,2.31E-39,1.00E-37
Tigger4a,0.796751693,7.576246609,3.31E-39,1.43E-37
LTR47B4,2.005546861,2.161664873,9.66E-39,4.08E-37
MamGypLTR1b,-0.828911352,6.032575277,3.32E-38,1.37E-36
THE1C-int,-0.7165136,6.894669641,1.30E-37,5.23E-36
Kanga2_a,0.812315278,5.733081659,1.32E-36,5.13E-35
SVA_B,0.71767607,6.29897619,3.00E-36,1.15E-34
L1PA8,0.672609101,8.312462641,9.30E-36,3.48E-34
Charlie1a,0.699956437,8.024522828,3.05E-33,1.03E-31
Looper,0.963012368,4.615501972,1.94E-32,6.33E-31
MER2,0.711130143,8.511827967,4.13E-32,1.32E-30
L1M4a1,0.726870859,6.145715709,3.10E-31,9.63E-30
Tigger17a,0.721535624,6.26993162,4.91E-31,1.50E-29
LTR7,0.568084583,12.32605115,2.80E-29,7.85E-28
LTR38-int,1.796037686,2.015198223,5.75E-29,1.58E-27
HERVH-int,0.626386777,14.52027163,3.13E-28,8.28E-27
MER49,0.667267213,5.799903426,5.16E-28,1.35E-26
L1MEi,0.7095639,6.629739438,3.82E-27,9.63E-26
Charlie11,1.158044182,3.106167315,5.14E-27,1.29E-25
LSAU,-1.173467792,6.990881555,7.68E-27,1.91E-25
L1MC4a,0.586588037,8.421481286,1.62E-26,3.97E-25
L1ME3B,0.566142683,8.148183872,2.85E-26,6.90E-25
Tigger9b,0.850426354,4.386664498,5.38E-26,1.28E-24
L1MA8,0.613447279,8.372332277,1.31E-25,3.07E-24
FordPrefect,-1.05270654,4.303461828,1.33E-25,3.12E-24
L4_B_Mam,0.658398143,6.084267698,2.37E-25,5.48E-24
L1MB4,0.540814388,8.274486907,9.31E-25,2.09E-23
Tigger9a,0.893218056,4.509135178,1.24E-24,2.77E-23
Charlie23a,0.794324894,4.728636403,1.75E-24,3.89E-23
MER45C,-0.844857785,4.33579966,1.89E-24,4.17E-23
MER46C,0.692293386,6.593778928,2.32E-24,5.10E-23
HUERS-P1-int,-0.608544377,5.943602622,3.46E-24,7.56E-23
MER58A,0.65027562,9.08729048,4.13E-24,8.98E-23
LTR24B,1.210986461,3.602351772,4.53E-24,9.80E-23
L1M6B,0.641719599,5.316873035,1.41E-23,2.97E-22
L1MC5a,0.565086654,9.418210347,1.40E-22,2.77E-21
Tigger15a,0.622273783,7.489273951,1.40E-22,2.77E-21
L1ME4b,0.561790344,9.458744623,3.98E-22,7.69E-21
L4_A_Mam,0.583703464,7.666148415,6.40E-22,1.23E-20
L1MC5,0.61311249,9.112103804,7.58E-22,1.45E-20
Cheshire,0.637103648,5.67213978,8.83E-22,1.68E-20
L5,0.884387317,4.027407553,1.04E-21,1.97E-20
MER44B,0.630650114,5.769899526,1.04E-21,1.97E-20
MER52-int,0.971970245,3.313247631,3.50E-21,6.42E-20
Charlie4a,0.581829552,6.66891475,6.00E-21,1.08E-19
HERVP71A-int,1.123523435,2.729934994,8.84E-21,1.58E-19
MER33,0.593655541,8.362899859,1.05E-20,1.87E-19
MER11B,0.682820801,4.523275313,1.20E-20,2.14E-19
Tigger2b_Pri,0.570069668,6.02179418,3.32E-20,5.75E-19
UCON35,1.741150377,1.656182256,4.34E-20,7.46E-19
Tigger10,0.543399488,6.770589048,5.58E-20,9.52E-19
MER103C,0.546540345,7.890362333,7.22E-20,1.22E-18
L1MB7,0.483561385,9.81301334,3.46E-19,5.63E-18
L1MC4,0.548064974,9.87144002,3.46E-19,5.63E-18
MLT1L,0.501985844,8.609370255,3.47E-19,5.64E-18
LTR47A,0.719088633,4.318134688,4.33E-19,6.99E-18
MER68B,0.702723516,4.532568331,4.82E-19,7.75E-18
Charlie2b,0.582830604,6.28017811,9.15E-19,1.45E-17
L1MA7,0.607357994,7.705584978,1.22E-18,1.91E-17
LTR84b,0.716861611,4.541738282,1.29E-18,2.01E-17
L1ME3,0.51131646,7.879084879,3.68E-18,5.59E-17
SVA_D,-0.478580215,8.045699302,3.71E-18,5.65E-17
L1ME3Cz,0.498271167,8.592830901,4.44E-18,6.74E-17
MER67D,0.580503664,5.096884746,4.56E-18,6.91E-17
LTR86A1,0.821644202,3.93901004,5.62E-18,8.46E-17
L4_C_Mam,0.546651169,6.811993122,6.73E-18,1.01E-16
UCON88,1.409992292,1.821919395,6.73E-18,1.01E-16
X7A_LINE,0.644236533,4.539994967,1.26E-17,1.85E-16
L1ME4c,0.557820323,8.197490536,1.65E-17,2.40E-16
HERVK14-int,-0.825808337,4.089610242,1.67E-17,2.43E-16
MER102c,0.528294856,6.409243006,1.81E-17,2.63E-16
MARNA,0.505531388,7.37711264,1.82E-17,2.65E-16
MamGypLTR1a,-0.648498516,4.474369397,1.84E-17,2.67E-16
SST1,1.157163605,2.357307517,1.84E-17,2.67E-16
MER94,0.58820763,6.249789204,4.56E-17,6.43E-16
HAL1,0.504249016,9.500210697,4.75E-17,6.69E-16
MLT2A1,-0.477728223,7.74759719,5.25E-17,7.36E-16
LTR68,0.631411702,4.665245166,5.33E-17,7.47E-16
MER3,0.483435681,8.517357743,5.86E-17,8.21E-16
Tigger3d,0.721625104,4.330065701,6.77E-17,9.41E-16
HERVIP10FH-int,0.622344323,4.929553595,1.02E-16,1.40E-15
Charlie16a,0.554988578,5.903024692,1.12E-16,1.54E-15
Tigger16a,0.53775707,5.686214595,1.19E-16,1.63E-15
L1ME3G,0.472533163,9.189831697,1.53E-16,2.08E-15
L1M2a,0.581476854,4.965351449,1.82E-16,2.47E-15
MER5C,0.665418039,5.347294404,1.97E-16,2.67E-15
Kanga1d,0.785167396,3.703680898,2.04E-16,2.76E-15
LTR7B,0.485230715,5.988272164,2.42E-16,3.25E-15
MER102a,0.493089437,6.762105692,2.65E-16,3.54E-15
MER47B,0.757535414,3.73909489,2.74E-16,3.65E-15
MER123,1.035217132,2.526076794,2.97E-16,3.96E-15
L1ME2z,0.509671683,7.712945967,3.20E-16,4.25E-15
Charlie7a,0.577983807,5.023426939,3.95E-16,5.19E-15
LTR10G,0.932042851,3.383478962,4.70E-16,6.16E-15
LTR87,0.536021272,5.325612198,4.88E-16,6.37E-15
UCON40,1.064915964,2.832426287,5.72E-16,7.43E-15
MER85,0.573722154,5.545253007,5.74E-16,7.46E-15
Tigger3a,0.492600696,7.668574383,6.14E-16,7.95E-15
MER131,0.507581038,6.69322417,6.70E-16,8.67E-15
Charlie15b,0.451789608,6.410659779,7.59E-16,9.76E-15
MER4D1,-0.529659234,6.518527978,8.62E-16,1.10E-14
Charlie10b,1.012141511,3.054754124,1.39E-15,1.75E-14
L1ME4a,0.44474356,10.04892091,1.73E-15,2.17E-14
L1MB2,0.44411944,8.662004375,1.92E-15,2.40E-14
Charlie4z,0.452981318,8.173905049,2.02E-15,2.52E-14
L1M2a1,1.235149035,1.864003877,2.92E-15,3.61E-14
Kanga1c,0.620235008,4.866110459,5.73E-15,6.96E-14
Tigger2a,0.430591131,6.758786816,5.84E-15,7.08E-14
L1MEc,0.435100737,8.893527482,8.80E-15,1.06E-13
LTR3,-0.711797608,4.156533186,9.91E-15,1.18E-13
MER41-int,0.51644405,6.725956722,1.02E-14,1.22E-13
LTR25-int,0.73314465,3.751566862,1.14E-14,1.35E-13
MLT1J,0.408415569,8.49186111,1.28E-14,1.51E-13
LTR22E,-0.707252473,3.670059371,1.29E-14,1.52E-13
MER48,0.79203511,3.387741476,1.77E-14,2.08E-13
L2-3_Crp,0.605470745,5.50288954,2.01E-14,2.34E-13
Tigger17c,0.560652613,4.667827299,2.25E-14,2.62E-13
MER41D,0.675499443,3.878712648,2.31E-14,2.67E-13
MER91A,0.499778135,6.089836113,3.43E-14,3.93E-13
MER21B,0.456651702,6.882781551,3.61E-14,4.13E-13
Tigger4b,0.45931845,7.215667822,4.35E-14,4.95E-13
Tigger6b,0.948876994,2.787058328,5.07E-14,5.75E-13
MamRep605,0.510352586,6.799300036,5.92E-14,6.68E-13
L2c,0.44708562,11.83407078,6.37E-14,7.16E-13
HERV4_I-int,0.40866892,6.963563635,7.32E-14,8.20E-13
Plat_L3,0.451146463,6.962048253,8.57E-14,9.54E-13
L2a,0.428317363,12.25142526,9.17E-14,1.02E-12
MER57E2,1.290578124,1.924044498,1.02E-13,1.13E-12
LTR10E,0.873064506,3.227084183,1.21E-13,1.33E-12
MER61C,0.579237189,4.551524394,1.33E-13,1.46E-12
Tigger19a,0.476855408,7.197221376,1.79E-13,1.94E-12
MER31B,0.541395199,4.782251266,1.98E-13,2.14E-12
MIR,0.431089197,12.15529008,2.08E-13,2.24E-12
L1MEb,0.533412962,4.822286009,2.55E-13,2.73E-12
L2,0.425590891,10.75822802,3.00E-13,3.20E-12
L1ME3F,0.453319325,7.154754141,3.03E-13,3.23E-12
AluYj4,0.411259044,6.353071574,3.19E-13,3.39E-12
L1M5,0.426818031,10.45295408,3.41E-13,3.62E-12
LTR38C,1.395030086,1.590388309,4.33E-13,4.55E-12
L1M2b,1.260362322,1.637275112,4.67E-13,4.89E-12
HERVIP10F-int,0.569385234,4.665374676,6.02E-13,6.26E-12
L1MC2,0.473033096,7.402637813,6.33E-13,6.57E-12
Ricksha_a,1.985108926,0.391126038,6.46E-13,6.70E-12
MER58D,0.731687864,4.886387852,7.22E-13,7.44E-12
LTR10C,0.638678224,4.70657961,7.34E-13,7.56E-12
L1ME1,0.432225747,9.763998029,8.47E-13,8.69E-12
AluJr4,0.431757642,9.739439461,8.91E-13,9.12E-12
MER113,0.456539497,6.724376893,1.01E-12,1.03E-11
MADE1,0.537301331,6.40055273,1.06E-12,1.08E-11
LTR72,-0.85081244,2.881797039,1.08E-12,1.10E-11
MER112,0.471279434,7.083248074,1.19E-12,1.21E-11
Tigger8,0.6320425,4.634224004,1.32E-12,1.33E-11
L1P4e,-0.896297183,2.514892407,1.33E-12,1.34E-11
AluJo,0.400074569,11.76245312,1.52E-12,1.52E-11
MER6,0.684357501,4.464731901,1.53E-12,1.54E-11
Charlie29a,0.445433927,5.848451791,1.91E-12,1.90E-11
Tigger17,1.306446086,1.605160855,1.93E-12,1.92E-11
Tigger3b,0.410544138,7.668359535,2.02E-12,2.00E-11
HERVK13-int,-0.813551515,2.821160425,2.06E-12,2.04E-11
MIRb,0.423260572,12.53464611,2.92E-12,2.86E-11
HERVL-int,-0.468264939,7.57482302,3.19E-12,3.11E-11
MER5B,0.406206097,9.374964073,3.57E-12,3.47E-11
MLT1C-int,0.594567724,4.144049044,3.81E-12,3.69E-11
HERVK-int,0.387469119,9.333481352,4.10E-12,3.97E-11
MER44A,0.433679091,6.535436211,4.68E-12,4.50E-11
Helitron3Na_Mam,0.542532693,4.563760921,5.26E-12,5.05E-11
MER102b,0.403966606,7.117929949,6.44E-12,6.14E-11
Charlie22a,0.504115833,5.227635103,6.64E-12,6.32E-11
MER20,0.390503135,9.094749747,8.40E-12,7.95E-11
FLAM_A,0.437187663,9.178182268,8.84E-12,8.35E-11
L1ME3E,0.42141795,6.794511193,8.95E-12,8.45E-11
MER47A,0.483733087,6.534074616,1.02E-11,9.63E-11
MER110A,-0.364892736,7.499660573,1.24E-11,1.16E-10
MamRep137,0.443054135,6.595370974,1.24E-11,1.16E-10
MER5C1,0.670605006,3.973691379,1.29E-11,1.20E-10
LTR89,0.481842484,4.743595083,1.35E-11,1.26E-10
L1ME3D,0.404974129,7.260657474,1.66E-11,1.53E-10
Tigger20a,0.421906337,5.632361628,1.77E-11,1.63E-10
MER6A,0.513179443,5.20984527,2.05E-11,1.87E-10
Charlie30a,0.685157478,3.765334908,2.13E-11,1.95E-10
CR1-3_Croc,0.611899916,5.103865302,2.19E-11,2.00E-10
LTR21A,0.400472193,6.104771448,2.25E-11,2.05E-10
MER61-int,0.461081612,6.499072849,2.26E-11,2.06E-10
HAL1M8,0.402704744,6.314345592,2.34E-11,2.13E-10
L1PB4,0.404713722,7.175607542,2.62E-11,2.37E-10
MER63A,0.464257391,5.881054413,3.32E-11,2.99E-10
Charlie5,0.362354742,6.661597012,4.93E-11,4.37E-10
L1ME3A,0.395904587,9.019279171,4.97E-11,4.41E-10
L1MEj,0.567418259,5.90810595,5.40E-11,4.79E-10
MamRep1879,0.572857051,4.230185223,5.56E-11,4.92E-10
Tigger12,0.447216461,5.502126103,5.65E-11,4.99E-10
Kanga1,0.529941286,4.32949995,5.85E-11,5.16E-10
HAL1b,0.438780043,6.731365208,5.94E-11,5.24E-10
PrimLTR79,1.040331879,1.811506437,6.23E-11,5.48E-10
LTR37-int,0.494972838,5.369563713,6.29E-11,5.54E-10
MER2B,0.383146007,6.150474269,7.51E-11,6.55E-10
L1MB8,0.386488334,9.470372099,9.24E-11,7.99E-10
MER105,0.52049034,4.956460758,9.63E-11,8.30E-10
UCON18,2.660078635,-0.552933596,1.01E-10,8.68E-10
Tigger4,0.407740332,5.937531584,1.03E-10,8.88E-10
L1MEf,0.448040639,8.627929148,1.05E-10,9.02E-10
Tigger12c,0.547805066,4.974232255,1.06E-10,9.10E-10
MER5A,0.391123786,9.997872339,1.29E-10,1.10E-09
X7C_LINE,0.594694201,3.994751266,1.31E-10,1.12E-09
AluSz6,0.355512862,11.13098289,1.46E-10,1.23E-09
MER63B,0.417676152,5.437979777,1.80E-10,1.51E-09
Tigger3,0.443347867,5.525667707,2.29E-10,1.91E-09
MamRep1894,0.68828456,3.402461718,2.57E-10,2.14E-09
MER90,0.625315143,4.435292617,3.30E-10,2.72E-09
L2-1_AMi,0.443223743,4.798569331,4.45E-10,3.63E-09
MER5A1,0.350237845,8.593620674,4.67E-10,3.79E-09
FRAM,0.353865199,8.0187064,5.01E-10,4.05E-09
MLT2C2,0.522833875,4.383839828,5.30E-10,4.28E-09
LTR67B,0.380833006,5.93631303,5.61E-10,4.52E-09
MER107,0.659570362,3.986080402,5.90E-10,4.74E-09
LTR28C,0.611690667,3.942974992,6.44E-10,5.17E-09
LTR86B1,0.540055218,3.875704407,7.08E-10,5.66E-09
MER77B,0.424606383,4.97277176,7.48E-10,5.97E-09
Tigger12A,0.516127841,4.784116951,9.56E-10,7.56E-09
AluJr,0.341754181,11.95110285,9.93E-10,7.84E-09
MER57D,0.731431748,2.744450228,1.07E-09,8.45E-09
L1M6,0.410771821,6.389786693,1.09E-09,8.57E-09
HERV-Fc1-int,0.816856605,2.312312543,1.15E-09,9.00E-09
MLT1I,0.406773005,7.328369178,1.41E-09,1.10E-08
Tigger13a,0.402355932,6.323251817,1.67E-09,1.29E-08
LTR33A,0.47039391,4.998246978,1.96E-09,1.51E-08
L1MC1,0.390176044,8.634004778,2.06E-09,1.58E-08
Charlie13a,0.435339045,5.090380519,2.11E-09,1.62E-08
LTR7C,0.516340067,3.952186417,2.14E-09,1.64E-08
L2b,0.345864899,11.35973717,2.25E-09,1.72E-08
LTR33,0.311436753,8.079093081,2.67E-09,2.03E-08
MER119,0.525552578,5.258129577,3.04E-09,2.30E-08
ORSL-2b,0.703646284,3.284750386,3.10E-09,2.34E-08
MER58B,0.358593113,8.072494416,3.34E-09,2.51E-08
MER6B,0.411019477,4.82771833,3.34E-09,2.52E-08
LTR73,0.64575182,3.264561417,3.39E-09,2.56E-08
L1MD1,0.386174282,7.834117983,3.89E-09,2.91E-08
MER8,0.36703208,6.845326144,6.13E-09,4.51E-08
MER57E3,0.447426107,4.871613514,6.70E-09,4.92E-08
Charlie8,0.358966581,6.551542475,7.73E-09,5.63E-08
MER44D,0.568782701,4.0102092,8.24E-09,5.98E-08
Tigger2,0.31299778,7.014820815,9.45E-09,6.83E-08
DNA1_Mam,0.844751851,1.930806174,1.05E-08,7.55E-08
ERV24B_Prim-int,0.630513022,3.008908149,1.09E-08,7.79E-08
Tigger3c,0.387431452,6.022770304,1.13E-08,8.09E-08
HERVK3-int,-0.452223078,5.902049323,1.14E-08,8.13E-08
Charlie17,0.394434305,5.068736493,1.17E-08,8.37E-08
Chap1_Mam,0.431265524,4.909526573,1.20E-08,8.55E-08
ACRO1,-0.668580678,2.865564062,1.20E-08,8.60E-08
LTR40a,0.392769947,4.933493465,1.39E-08,9.87E-08
L1ME2,0.350113427,8.388660774,1.53E-08,1.08E-07
MSTD,0.31631631,7.306293634,1.64E-08,1.15E-07
LTR86C,1.082229875,2.020456245,1.69E-08,1.19E-07
HSMAR1,-0.309724608,6.801161123,1.74E-08,1.23E-07
MER11D,0.716388805,2.988982542,1.86E-08,1.31E-07
MER54A,0.317118081,6.700562144,2.51E-08,1.74E-07
LTR48B,0.437752786,4.424675921,2.70E-08,1.86E-07
MLT1G3,0.401684902,5.552485549,2.75E-08,1.90E-07
MER68,0.362004843,6.286113002,2.93E-08,2.01E-07
Charlie24,0.430850903,5.727896643,3.34E-08,2.29E-07
UCON55,0.517471415,4.116286947,3.49E-08,2.39E-07
MER30,0.319507562,7.066343983,3.50E-08,2.39E-07
L1MB3,0.319650999,9.193191642,3.79E-08,2.58E-07
UCON28b,0.67937203,2.621631354,4.01E-08,2.72E-07
L1MA10,0.303418383,7.393226942,4.29E-08,2.90E-07
Charlie20a,0.489579198,4.219289829,4.72E-08,3.18E-07
MIRc,0.319595812,11.5637958,5.46E-08,3.66E-07
Charlie4,0.806923046,2.634689527,5.60E-08,3.74E-07
AluSg4,0.300803211,8.239202682,6.75E-08,4.46E-07
L1ME5,0.33423152,6.319325734,7.28E-08,4.80E-07
MLT1E3-int,0.996507326,1.214941959,7.86E-08,5.15E-07
L1MDa,0.320285083,7.687815155,8.51E-08,5.56E-07
AluSz,0.292284236,12.20704081,8.88E-08,5.79E-07
Harlequin-int,0.353611851,5.470834896,9.09E-08,5.93E-07
HERVK22-int,-0.38617136,4.666159911,1.04E-07,6.75E-07
AluJb,0.294197034,12.51561513,1.11E-07,7.15E-07
LTR22C2,1.305819383,0.872081104,1.20E-07,7.71E-07
AluSx1,0.28292866,12.47704183,1.23E-07,7.91E-07
THE1D-int,0.279862403,8.277916817,1.60E-07,1.01E-06
Kanga1b,0.528060424,3.338258942,1.63E-07,1.03E-06
L1MEg,0.324442561,8.302624002,1.67E-07,1.05E-06
MLT1K,0.292297823,8.335097775,1.69E-07,1.07E-06
MSTB2,0.413983,4.728407481,1.76E-07,1.11E-06
MLT1F1,0.355154654,6.524877452,1.91E-07,1.20E-06
Charlie1b,0.285549866,6.928654505,2.03E-07,1.27E-06
L1M4c,0.295122798,8.582949315,2.32E-07,1.44E-06
MER91B,0.362858513,5.680261146,2.55E-07,1.58E-06
MER47C,0.468270502,4.569024465,2.58E-07,1.60E-06
LTR81C,-0.693061589,2.304439356,2.72E-07,1.68E-06
LTR64,0.624459176,2.802525701,2.78E-07,1.71E-06
L1M2c,0.491671708,3.486262539,2.87E-07,1.76E-06
LTR16B2,0.389499905,4.676915243,3.21E-07,1.97E-06
LTR65,0.59839102,3.130254749,3.48E-07,2.13E-06
MER67B,0.521523294,4.102181356,3.59E-07,2.19E-06
LTR9A1,-0.523164499,4.226181064,3.59E-07,2.19E-06
AluSx,0.269393834,12.33846947,4.66E-07,2.82E-06
LTR31,0.813292532,1.751013588,4.83E-07,2.91E-06
L1MCc,0.358526726,5.669708023,5.88E-07,3.51E-06
LTR06,-0.690502287,2.36278347,6.54E-07,3.88E-06
MER30B,0.692198641,3.321655423,7.48E-07,4.41E-06
L1M4,0.280581666,9.214529102,7.92E-07,4.65E-06
Charlie18a,0.326023947,6.242487641,8.01E-07,4.70E-06
MLT1O,0.350564838,6.4808473,8.66E-07,5.07E-06
LTR57-int,0.550357087,3.085504917,8.83E-07,5.16E-06
L1M3,0.276180309,8.835107414,8.94E-07,5.22E-06
LTR3B_,0.609110198,2.515752142,9.08E-07,5.30E-06
L1MEh,0.338727119,6.0463286,9.31E-07,5.43E-06
LTR79,0.341794087,5.645182207,9.82E-07,5.72E-06
MER34A1,0.409263018,4.480218501,9.86E-07,5.74E-06
MER83A-int,1.229824002,0.424642573,1.02E-06,5.92E-06
LTR17,-0.285390674,6.762861544,1.10E-06,6.34E-06
LTR1A2,0.328071303,5.042320098,1.11E-06,6.43E-06
LTR18A,0.762419568,1.899811566,1.22E-06,7.01E-06
LTR50,0.340448271,5.232679308,1.40E-06,8.02E-06
LTR70,-0.312670528,5.457797759,1.41E-06,8.05E-06
LTR45,0.939584498,1.140115119,1.48E-06,8.45E-06
Kanga1a,0.469105948,4.35252731,1.50E-06,8.52E-06
LTR41C,0.413430579,3.94060883,1.51E-06,8.57E-06
MER20B,0.306040904,7.013579127,1.52E-06,8.66E-06
HERV15-int,0.710555997,2.157506954,1.65E-06,9.33E-06
LTR7Y,-0.288560938,5.761821641,1.66E-06,9.38E-06
UCON29,0.556315806,2.878136586,1.66E-06,9.42E-06
MER76,0.444665664,3.85203531,1.67E-06,9.44E-06
LTR10A,0.487056464,3.475470652,1.69E-06,9.58E-06
MER41E,0.651660666,2.584038337,1.76E-06,9.91E-06
L1M3a,0.293582448,6.316748015,1.82E-06,1.02E-05
SATR2,-0.448457397,4.934916765,1.88E-06,1.06E-05
UCON28c,-0.985231383,1.204360482,2.17E-06,1.21E-05
AluYh7,0.765564898,1.757440462,2.31E-06,1.28E-05
LTR47B3,0.987708366,0.973007303,2.37E-06,1.31E-05
MER53,0.321371978,6.205469685,2.50E-06,1.39E-05
LTR10F,0.526820248,2.855466515,2.70E-06,1.49E-05
MER106A,0.369496486,4.196670222,2.89E-06,1.59E-05
UCON78,0.686225217,1.921202914,2.94E-06,1.62E-05
L1MD3,0.319179032,7.03199287,3.17E-06,1.74E-05
L1PB3,0.308065287,6.239753467,3.30E-06,1.80E-05
HUERS-P3-int,0.325675008,5.23783543,3.43E-06,1.87E-05
HSAT4,-0.692686651,2.565809239,3.57E-06,1.94E-05
Charlie9,0.298774127,5.799301087,3.87E-06,2.09E-05
MamRep488,0.514101049,2.982964649,4.26E-06,2.29E-05
LTR34,0.622840767,2.397623747,4.29E-06,2.31E-05
MER58C,0.291705531,7.059170887,4.61E-06,2.47E-05
Charlie6,0.296990736,5.356447659,4.86E-06,2.59E-05
LTR41,0.343852638,5.951644851,4.97E-06,2.65E-05
LTR82B,-0.426569255,3.921914268,5.01E-06,2.67E-05
L1M4a2,0.378742201,5.347946446,5.25E-06,2.79E-05
LTR14,0.610959799,2.213670041,6.13E-06,3.23E-05
MLT1G-int,0.473826638,3.312174927,6.71E-06,3.52E-05
MER72,-0.368692187,4.187096613,7.07E-06,3.69E-05
Tigger18a,0.361314128,5.060565559,7.36E-06,3.84E-05
MER67A,0.449943974,3.647719888,7.38E-06,3.85E-05
L3b,0.281756211,8.398054087,7.49E-06,3.90E-05
MLT1A,0.244634184,7.707855626,7.58E-06,3.95E-05
AluYk11,0.370010462,5.17847695,7.87E-06,4.09E-05
LTR30,1.054174536,1.956658172,8.79E-06,4.55E-05
LTR5_Hs,0.233564898,7.758997504,1.02E-05,5.23E-05
LTR2C,0.286638139,5.278978246,1.02E-05,5.23E-05
FLAM_C,0.256786906,10.04008958,1.06E-05,5.43E-05
Charlie25,0.416213663,3.915707336,1.06E-05,5.43E-05
AluSq10,0.276093303,6.290517581,1.08E-05,5.50E-05
MamRep434,0.271157867,6.42976899,1.09E-05,5.56E-05
MER52D,-0.318423755,4.915284085,1.14E-05,5.80E-05
L3,0.263836963,10.76115416,1.18E-05,6.01E-05
L1P5,0.573807904,2.899223051,1.23E-05,6.21E-05
L1MEg1,0.439669654,4.350300939,1.31E-05,6.60E-05
AmnSINE1,0.25867575,7.088898693,1.33E-05,6.69E-05
MER117,0.277976911,6.769794878,1.46E-05,7.33E-05
MLT1E3,-0.238125021,7.155038398,1.55E-05,7.76E-05
LTR90B,0.493181391,3.335238884,1.69E-05,8.40E-05
Tigger7,0.277469052,6.898420055,1.76E-05,8.73E-05
UCON12A,0.955039331,0.810014435,1.82E-05,9.02E-05
X6A_LINE,0.242239086,6.410350215,2.20E-05,0.000107335
MLT1B,0.248290544,8.555441603,2.38E-05,0.000116051
MER66B,-0.260430461,6.167934004,2.42E-05,0.000117601
LTR22B,-0.604520567,2.457623102,2.46E-05,0.000119346
MER83B-int,0.630821339,2.293173979,2.48E-05,0.000120396
Eulor6E,1.637129093,-0.814121158,2.53E-05,0.000123053
LTR24,0.398322056,3.557071572,2.69E-05,0.00013003
Kanga11a,-0.359073143,6.057456664,2.69E-05,0.000130165
L1M3de,-0.432520081,3.344905468,2.85E-05,0.000137197
LTR2,-0.265770647,5.862954205,2.88E-05,0.000138557
LTR9D,0.365686557,3.860148646,3.01E-05,0.000144815
MER94B,0.449577103,3.144726423,3.02E-05,0.00014508
MER101-int,0.30594217,5.560132365,3.05E-05,0.000146388
MER96B,0.355948541,5.231701882,3.09E-05,0.000148408
MER81,0.271810145,6.066393225,3.39E-05,0.00016171
L1MB1,0.22827212,7.213768805,3.40E-05,0.000162104
LTR37B,0.329640824,5.114795617,3.48E-05,0.000166138
LTR103_Mam,-0.383544639,3.594309388,3.54E-05,0.000168908
L1MA5,0.299968576,6.881116392,3.75E-05,0.000178138
LTR16E2,0.297764171,4.914955706,3.78E-05,0.000179527
PABL_A-int,0.382530512,4.130675661,3.82E-05,0.000181331
Tigger1,0.226787155,9.425300752,3.85E-05,0.000182428
LTR3A,0.337871024,4.756082023,3.88E-05,0.000183801
MSTA-int,0.263530451,7.105296402,3.93E-05,0.00018576
MIR3,0.248046947,11.64170681,3.95E-05,0.000186741
Tigger17b,0.921076563,0.713186127,4.09E-05,0.000193177
Zaphod3,0.337785697,4.263427845,4.38E-05,0.000205974
PRIMA4-int,-0.333546882,4.582337533,4.60E-05,0.000215879
MER11C,0.294359471,6.404746623,5.00E-05,0.00023365
hAT-N1_Mam,0.662751755,2.955852659,5.05E-05,0.000235542
MER34B,0.384479063,3.899967815,5.10E-05,0.000237861
AluSc,0.215020185,10.6446775,5.19E-05,0.000241546
MER134,1.000464645,0.804627302,5.36E-05,0.000249223
LTR53,0.40181981,3.711038769,5.41E-05,0.000251455
X5B_LINE,0.430301662,4.389623168,5.45E-05,0.00025316
MER21C,0.227088368,7.963370234,5.95E-05,0.000274496
MER124,0.422471421,4.150946402,6.14E-05,0.000282835
L1MA4A,0.241937962,6.925423595,6.34E-05,0.000291492
MamRep1151,0.380212353,4.270944982,6.48E-05,0.000297212
Ricksha_b,0.756042759,1.109281322,6.64E-05,0.000304453
MER52A,-0.243690482,5.55472741,7.53E-05,0.000342619
MER65D,0.421333213,3.396719858,7.66E-05,0.000348251
Charlie10,0.251911885,6.078118222,7.68E-05,0.000349095
LTR56,0.283674388,4.642760875,7.76E-05,0.000352312
MLT2B3,0.223148854,6.671296922,7.83E-05,0.000355256
LTR13A,0.352414818,4.280873751,8.74E-05,0.000393602
MSTA1-int,6.344211178,-2.801100514,0.000104753,0.000466278
MERX,0.44290667,2.976095918,0.00010519,0.000468134
AluSp,0.207201726,11.36095487,0.000108545,0.000481817
MER113A,0.279571876,5.328752828,0.00011121,0.000492657
HERVIP10B3-int,-0.225260894,6.011604128,0.000112522,0.000498041
HERVK9-int,-0.248779395,5.899272856,0.000115827,0.000511792
MER50B,-0.317046451,4.241206601,0.000117599,0.000519125
MER63C,0.347150763,3.793006991,0.000119114,0.000525316
MER72B,-0.881650822,1.36459189,0.00012408,0.000545813
L1MC3,0.223035139,8.245252213,0.000127821,0.00056121
LTR8A,-0.251618693,5.630681645,0.000129935,0.000569843
MER51A,0.248950769,5.456645671,0.000134211,0.00058732
Alu,0.234853747,7.216128107,0.00013712,0.000598861
UCON94,2.105234477,-0.828065843,0.000138196,0.000603223
Tigger5b,0.236391497,6.592857635,0.000140534,0.000612505
MLT1F,0.228876152,7.100952486,0.000141972,0.000618366
AluSq2,0.206755593,11.3810837,0.000150232,0.000652198
Eulor10,2.578648176,-1.93619795,0.000151468,0.00065695
LTR61,0.400242548,3.840420102,0.000154315,0.000668613
MamRep38,0.310733995,5.102746595,0.000156981,0.000678831
L1M3b,0.356908381,3.639685312,0.00016512,0.000712036
MER41C,-0.253476628,5.145236056,0.000175779,0.000754424
MLT1J-int,0.343420682,4.126158579,0.000186025,0.000796043
LTR86B2,0.807873448,1.21165803,0.000189246,0.000808559
LTR54,0.306979722,4.04881568,0.000193313,0.00082457
MLT1E1A,0.249967847,6.018832294,0.000217799,0.000920974
MSTC-int,0.68104636,1.984300421,0.000229391,0.000966554
AluSx4,0.20049349,8.821735975,0.000245462,0.00103006
MLT1E2,0.202933761,6.683909886,0.000255095,0.001067588
MER51D,0.635780099,1.605319524,0.000259289,0.001083383
MER106B,0.362375763,4.595261522,0.000267804,0.001116447
MER113B,0.423795155,3.935546053,0.000272212,0.001132889
MER110-int,0.532923158,2.495650378,0.000276691,0.001150396
AluYm1,-0.224681694,7.320217245,0.000293708,0.0012157
MER66A,0.63331344,1.884429125,0.000296665,0.001227065
MLT1E1-int,-0.775685065,1.023700602,0.000306487,0.00126566
L1PA15-16,-0.399545136,4.572666511,0.000321638,0.00132328
MER65A,0.294820908,4.572989606,0.000322512,0.001326758
THE1B,0.194439681,8.831430369,0.000323478,0.001330497
UCON49,0.542563494,2.008052126,0.000328037,0.001347814
AluSq,0.185322016,9.960498174,0.000333398,0.001367782
MLT1-int,0.552113433,2.133936898,0.000333569,0.001368242
(GAATG)n,2.164802015,-1.101231751,0.000335727,0.001376609
LTR80A,0.533721067,2.163996364,0.000358387,0.00146293
MER136,-1.015085636,1.234852401,0.000360472,0.001470923
MLT1H1-int,-0.638135693,1.500398546,0.000368113,0.001500125
MamGypsy2-I,0.312148644,4.110604759,0.000384853,0.001564086
LTR38B,0.530055309,1.863125739,0.000395592,0.001605198
L1MC,0.236361406,7.747078073,0.000405007,0.001637672
MLT1J1,0.206249098,6.117574334,0.000428949,0.001727259
MER1B,0.205840837,7.792784976,0.000459066,0.001840866
MER34C_,0.401095689,3.04658974,0.000469789,0.001880939
UCON74,0.536086424,2.311368785,0.000491601,0.0019615
UCON83,3.724431375,-2.32258652,0.000507201,0.002019498
LTR1B,-0.423807347,2.720508757,0.000517934,0.0020579
L1MA3,0.198568939,7.94579827,0.000532836,0.002111866
MER57B1,0.320495214,4.239402244,0.000534634,0.002118086
MLT1H,0.211599545,7.612583626,0.000544619,0.002155988
MSTD-int,0.292373796,4.037929046,0.000558918,0.002206569
LTR1C3,0.963303958,0.092497601,0.000571523,0.002253459
L1M,0.30427255,3.982360968,0.00057475,0.002264643
MER41B,0.211963259,6.570194182,0.000605906,0.002379926
LTR27B,0.589550354,2.233481145,0.000608292,0.002388691
MamTip3,0.377676915,3.15406152,0.000609451,0.002393041
Eulor5A,0.667106945,1.461058341,0.000613818,0.002409576
L1PA14,0.22165723,6.132337691,0.000665417,0.002598286
Arthur1,0.278628052,4.191712978,0.000683153,0.002662161
UCON82,-0.742478445,0.805311029,0.000719899,0.002794328
MLT2F,-0.277627519,5.161137877,0.000725759,0.002815662
MER61D,-0.33490743,4.674619109,0.00073567,0.002850773
LTR69,0.753646861,1.041946122,0.000741389,0.002871523
Charlie7,0.235505857,6.303745082,0.000846571,0.00324342
L1MD,0.209753795,7.764394361,0.000852297,0.003263738
X2_LINE,0.773397566,0.61998649,0.000917241,0.003491974
MER31A,0.237391885,4.620335096,0.000930535,0.00353794
MER34C2,0.293949216,3.892543275,0.000931268,0.003540434
MER4B,0.250995913,5.578482762,0.000948467,0.003599335
ORSL-2a,0.500386809,2.099930388,0.000953539,0.003616809
LTR71A,0.46477252,2.107511217,0.000961854,0.003644177
MER51C,-0.240804313,4.609167983,0.000979778,0.003708754
LTR1E,-0.531066849,2.016194959,0.000994979,0.003761997
AluYa5,-0.208431898,6.079648455,0.001004295,0.003794132
Eulor8,0.959384629,0.006128934,0.001022353,0.003857012
ALR/Alpha,0.241453645,4.483404836,0.001034216,0.00389955
UCON46,1.317035564,-0.788544728,0.001067469,0.004015469
LTR38A1,0.710178595,0.809599024,0.001141883,0.004264278
Eulor2A,0.494126722,2.291027081,0.001147688,0.004283544
L1MEa,0.44321454,2.726104434,0.0011587,0.00432117
MLT1G,0.212014472,5.422402498,0.001160919,0.004328402
L1P,1.324741212,-0.654517302,0.001226856,0.004556306
Charlie19a,0.237648527,5.884319822,0.001270596,0.004707445
L1PB2,-0.186478195,6.660506766,0.001273363,0.004716566
ERVL-E-int,0.199315688,7.056545097,0.001314748,0.004857449
MER135,0.259147134,4.743418734,0.001350088,0.004976524
HERVK11-int,0.262839309,5.430255229,0.001359861,0.005007379
MER129,0.713261368,0.918328912,0.001383034,0.005085445
LTR47A2,0.421324422,2.646080583,0.00140457,0.005158094
MER50,0.203825593,5.959253699,0.001444765,0.005297739
MER126,0.42484391,2.617649913,0.00146737,0.005372985
MER9a1,0.375381279,2.723308853,0.001485731,0.005433784
LTR10B,-0.522393922,1.558825969,0.001488664,0.00544251
UCON132b,0.200626515,5.924303823,0.001488703,0.00544251
AluYb8,-0.194913289,6.344004772,0.001514122,0.005528033
MER4E,0.24493737,4.376795442,0.001522119,0.005555483
LTR45C,-0.314186438,3.886080972,0.001617606,0.005869372
AluSc5,0.182400818,7.879350406,0.001628481,0.005890865
Tigger1a_Art,0.488002224,2.801419335,0.001638331,0.005923265
HERVL74-int,-0.296370408,3.840063345,0.001714001,0.006170883
Zaphod,-0.298700272,4.263421845,0.001741844,0.006265778
L1P4d,-1.10953411,-0.093058983,0.00178437,0.006398451
Ricksha_c,-0.271903872,4.265321824,0.001801467,0.006454238
MLT1E2-int,0.402167303,2.551848524,0.001824488,0.006529656
LTR14B,-0.317310632,3.584759838,0.001883265,0.006719802
UCON67,-0.888798071,-0.116539124,0.00194549,0.006921608
UCON73,-0.329203925,3.268684895,0.001959405,0.006966842
MLT2B5,-0.529178249,2.201153932,0.00214157,0.007568729
ERVL-int,-0.222008868,5.392764571,0.00233846,0.00820583
HERVKC4-int,0.460532965,2.21406579,0.002350156,0.008243133
Charlie2a,0.234769153,5.952231179,0.002355503,0.008258764
AluSg,0.165314587,10.82214636,0.002575395,0.008949274
L1M7,0.20759519,5.902728388,0.002594453,0.009011452
LTR27D,-0.469861536,1.690546597,0.002810122,0.009692621
LTR41B,-0.180496424,6.705390909,0.002817413,0.009714611
MST-int,0.285814668,3.575979781,0.002858013,0.009844727
MER91C,0.21705755,4.85848385,0.002871044,0.009885579
MamRep4096,0.368106431,3.429420891,0.002900004,0.009977888
MamGypLTR3,0.318006603,3.02012104,0.002903976,0.009989849
LTR1D,0.38991397,2.717762426,0.002993527,0.010266178
HAL1ME,-0.1570803,8.612093472,0.003147038,0.010752108
CR1_Mam,-0.188617575,6.053784576,0.003208388,0.010944644
HERVK14C-int,0.641216988,0.779188795,0.003221116,0.010982563
L1MA2,0.210541242,7.539452392,0.003264605,0.01111777
LTR43B,-0.593685362,1.074814921,0.003266118,0.011121289
UCON71_Crp,-0.221961248,4.566526824,0.003267687,0.011125816
Tigger14a,0.195244081,5.689698504,0.003328181,0.01131021
7SK,0.26009556,3.910456874,0.003410366,0.011568321
Charlie17a,0.197856996,5.749732929,0.00346269,0.011730373
AluSg7,0.160719933,8.549665744,0.003622329,0.012190191
MamTip1,0.267109788,3.729501533,0.003636087,0.012232058
FAM,0.177971994,8.032854893,0.003661103,0.012308182
UCON53,0.888425388,0.185280119,0.003701762,0.012436763
UCON15,-1.775504533,-1.880741933,0.003802905,0.0127498
LTR27C,0.466945182,1.776057871,0.003859891,0.012928711
LTR12C,-0.147660469,8.787788897,0.003892806,0.013031437
AluSq4,0.166823029,6.552023546,0.003946867,0.013193373
L1MA4,0.205436403,7.68024345,0.003975504,0.013280491
LTR58,0.392248512,2.295954947,0.003998511,0.013347739
D20S16,0.477408453,2.934480064,0.004022762,0.013421574
LTR6A,0.179872489,7.742339842,0.00405481,0.013521085
LTR19A,-0.266983681,3.549952778,0.004076565,0.01358777
HERVI-int,0.334064322,3.300515152,0.004142887,0.013796936
L1P3,0.179834801,6.259884292,0.004143441,0.013797793
L1MA6,0.189152597,6.834363147,0.004199109,0.013973143
MADE2,0.196879646,6.112629003,0.004569109,0.015091816
LTR35B,-0.490425887,2.537335932,0.004631521,0.01527513
MER74B,0.185710671,5.244869494,0.004675895,0.015411623
HERVE-int,0.191080336,5.192732382,0.00500311,0.016398102
L1PA3,0.170315592,9.308111191,0.005013495,0.016426338
MLT1I-int,0.298400094,3.078896168,0.005095309,0.016679087
LTR26C,0.38531736,2.470732603,0.005109137,0.016719633
L1MCb,-0.27246088,4.870188294,0.005185258,0.016955316
UCON34,0.365156773,3.155036589,0.005256414,0.01717495
L1PA17,0.205409147,6.666546238,0.005273224,0.017225024
LTR81B,-0.243282825,4.033663847,0.005430918,0.017630916
LTR22C0,-0.497242231,1.632171624,0.005728211,0.018505425
MLT2B2,0.232480862,4.381177904,0.006043654,0.019428453
MER66C,0.322416015,3.535607051,0.006210314,0.019873346
LTR1,-0.301834665,3.014174786,0.006398468,0.020421933
LTR4,0.336926668,2.96883247,0.006454575,0.020592513
LTR16B,0.33824242,3.642969514,0.00669794,0.021289898
LTR62,-0.277536306,3.313395348,0.006785775,0.021549898
Eulor6D,1.200804449,-1.054087566,0.006823382,0.021658951
AluY,0.149091778,11.70153359,0.006830944,0.02167999
LTR12_,-0.240767492,3.969027081,0.007166699,0.022634145
BSR/Beta,-0.172953326,7.288589463,0.007695089,0.024141462
Penelope1_Vert,0.153386964,7.167827515,0.007704278,0.024164199
MER101B,0.50640246,1.670859672,0.007799986,0.024429681
L1MA9,0.150661749,7.997841615,0.008078663,0.02519581
UCON100,5.353556033,-3.438680343,0.008140298,0.025251847
MER4E1,-0.18351543,5.237286097,0.008231184,0.025509909
X6B_LINE,0.150350675,6.692100255,0.008274469,0.025635495
MER34,0.221369498,4.594535413,0.008535323,0.026355679
MER92B,-0.187931729,5.410992023,0.008601211,0.026537938
Eulor9B,-1.476119528,-1.500019086,0.008646608,0.026642782
HERV9N-int,-0.300773034,3.163520621,0.009193004,0.028193256
MSTA,0.143907969,8.955161611,0.009741612,0.029687383
Charlie26a,0.284944923,3.481886584,0.009827099,0.029912542
Tigger11a,0.219674627,3.928990596,0.010068846,0.030557082
HERV35I-int,-0.208079681,4.149129034,0.010139414,0.030756268
THE1C,-0.151990405,7.883951803,0.010222808,0.030988973
MIR1_Amn,0.155796919,8.893676175,0.010396859,0.031477515
UCON65,1.143027621,-1.19889162,0.010498416,0.031760121
MSTA1,0.239125463,3.646547655,0.010622723,0.032071361
LTR36,0.290858721,3.029003703,0.010645182,0.032128717
LTR43-int,0.28419616,3.224978389,0.010849113,0.032678323
MLT2B1,0.192187094,5.215365159,0.011044256,0.033218672
MamTip2,0.187349257,7.02956567,0.011400848,0.034138538
LTR43,-0.209654046,3.996283574,0.011754158,0.035087805
LTR52,-0.177153274,4.771791345,0.01182097,0.035262297
Charlie1,0.154446864,6.566278085,0.011858216,0.035366581
HERVL40-int,0.177586088,4.964797338,0.012006482,0.035746747
HERV16-int,-0.203128692,4.799636866,0.012106424,0.036000416
MamRep1527,0.22686872,3.808203355,0.012186286,0.036191921
UCON19,-3.394160338,-3.149107003,0.012197342,0.036191921
Charlie13b,0.266441973,3.794926549,0.012577996,0.037211942
MER125,0.602985402,0.61606484,0.012585982,0.037216231
MamGypLTR2b,-0.370822935,2.438413208,0.012824461,0.03763875
Charlie17b,0.253047639,3.48701346,0.013214,0.038667074
MLT1N2,0.147790117,6.332727711,0.013773677,0.040157937
LTR53B,0.501551083,1.054011542,0.015461895,0.044603616
AluYd8,0.382463843,2.313031234,0.015480671,0.044653829
UCON51,-1.942346605,-2.360478459,0.016200619,0.046537918
MLT1B-int,0.198187195,5.099245391,0.016671443,0.047775066
LTR23-int,0.397548768,1.479243437,0.016976292,0.048543743
LTR46-int,0.193897017,4.866044028,0.017032553,0.048674628
Eulor6C,3.289893452,-3.216353802,0.01736822,0.049375414
MLT1D-int,-0.15796824,5.063975809,0.017971242,0.050918152
LTR12B,0.274874434,2.855447502,0.01825295,0.051653207
LTR78,0.1434083,6.199404163,0.018265542,0.051675665
LTR57,0.298842905,2.755226683,0.018288456,0.051725331
AluYe5,-0.169621812,5.448710988,0.018298299,0.051746863
Ricksha_0,0.290603525,2.749343723,0.01859076,0.052504351
MLT1G1,0.168730853,5.874954725,0.018974163,0.053456199
MLT1F2,0.133540962,7.039943725,0.01911966,0.053763224
MER9B,0.884773295,-0.585988195,0.01937972,0.054409015
LTR109A2,1.325089949,-1.1326843,0.019397451,0.05444709
LTR24C,0.286766936,2.676513401,0.01955268,0.054842999
LTR18C,-0.504552926,0.694916103,0.019702157,0.055155372
L1PA12,-0.173580261,6.035237048,0.020021435,0.055576057
LTR107_Mam,0.334021039,2.074688118,0.020049924,0.055576057
UCON76,0.978385046,-1.053780155,0.02033822,0.056257436
MLT1A1-int,-0.309851985,3.024328477,0.02109683,0.058151311
Arthur1B,-0.233551511,4.585108708,0.021199011,0.058398273
MER90a,0.191343917,4.881858843,0.02135946,0.058787924
MER95,0.30916416,2.465203471,0.021412866,0.058917439
LTR16,0.169061853,4.763322309,0.021762327,0.059808055
MSTB2-int,0.641683342,-0.023735949,0.02266028,0.062044349
MER73,0.369579244,1.598383139,0.022946197,0.062708795
AluSc8,0.126663042,9.705605337,0.023022636,0.062891765
LTR101_Mam,0.243304736,3.978687653,0.02323047,0.063396068
LTR86A2,-0.252674004,3.096359666,0.023589696,0.064247999
MER57F,0.206736306,4.205817141,0.02360174,0.064269417
MER11A,0.174658652,5.098648194,0.023691485,0.064483476
THE1B-int,-0.117001612,7.803434128,0.023759238,0.064656561
MER83,0.296863242,3.262585619,0.02443719,0.066310938
LTR10B1,-0.186396626,4.093720781,0.024669317,0.066882155
LTR26,0.275844426,2.930952736,0.025740075,0.069263116
HUERS-P3b-int,0.254552025,4.925961064,0.025958631,0.069669423
UCON8,-0.256168641,2.81527158,0.026397287,0.070670957
ERV3-16A3_LTR,0.161480667,5.12267039,0.026567139,0.071096973
MER89-int,0.333510557,2.396680698,0.0266111,0.071194091
MER45R,0.335489704,2.091611454,0.026812303,0.071670397
LTR1C,-0.387292955,1.797807384,0.02696118,0.0720476
LTR33C,0.22092694,3.918583679,0.026987655,0.072114198
LTR108d_Mam,0.50523858,0.835201597,0.027336451,0.072957997
Tigger19b,0.130782624,8.132804083,0.027523271,0.073414374
LTR22A,0.320366291,2.429685393,0.028865005,0.076553221
REP522,-0.18447667,4.068957953,0.029394067,0.077796287
MER34A,0.16483545,4.427549694,0.029601699,0.078256283
LTR3B,0.460530832,1.291968301,0.030426276,0.080194304
L1MB5,0.117984523,8.512674632,0.030568695,0.080542229
L1PA11,0.133563185,7.199011356,0.030707964,0.080849496
MER132,-2.314024921,-2.853580093,0.031036912,0.081617189
L1MEg2,-0.187847035,4.207843862,0.031042308,0.081622777
UCON22,0.90302798,-1.008597867,0.031378662,0.08239096
MER4D0,0.203125927,3.505188271,0.031821983,0.083441986
HERVE_a-int,-0.204857455,3.555369217,0.032024523,0.083906384
MLT1J1-int,0.319878749,2.144216445,0.032165301,0.083912066
L2-3_AMi,-4.848927687,-3.701710145,0.032428133,0.083912066
MER88,0.385048909,1.304164707,0.03246474,0.083993578
Eulor1,-1.827630138,-2.43853517,0.032564035,0.084226158
ORSL,0.151552684,4.753369194,0.033228263,0.085781788
LTR76,0.265932311,3.034604089,0.033313328,0.085918872
MamGypLTR3a,0.224403833,3.478938808,0.033558115,0.086498404
LTR32,0.202384056,4.222002574,0.03364837,0.086721409
MER127,0.392340384,1.494361684,0.034116798,0.087767817
LTR16A2,-0.186192922,4.154070525,0.034986043,0.089770103
Tigger6a,0.171327898,4.844646309,0.035030106,0.089868258
MER61B,0.267532677,2.672036437,0.037097888,0.094070514
LTR49,0.147131602,4.724625082,0.037229281,0.094357288
MER96,-0.192679139,5.428942665,0.037867626,0.095818163
LTR22C,0.654323065,-0.01649998,0.039659391,0.099840198
MSTB-int,0.170608487,4.312467548,0.040516352,0.10174915
LTR16A1,0.14773299,5.124989421,0.041221684,0.103280116
MER66D,0.35708511,1.425372199,0.042162199,0.105397548
CR1-16_AMi,0.33227154,1.594067689,0.042219945,0.105530531
UCON85,1.013365326,-0.979541466,0.042637351,0.106499281
L1PA16,0.116962506,8.504358028,0.043211069,0.107839435
OldhAT1,0.117858888,9.451826663,0.043828111,0.109121132
MER31-int,0.190310534,4.591400419,0.045842637,0.113588303
LTR16D1,-0.211742344,3.919118346,0.046759838,0.115675633
MSTB1,0.124858751,6.835178727,0.046968504,0.116142302
BLACKJACK,0.148222053,6.565751981,0.047249092,0.116780125
SVA_C,-0.150573246,5.333887601,0.047539432,0.117441429
L1P4b,-0.229497072,3.573851868,0.049879916,0.122434679
AluYh9,0.446270793,0.890862425,0.05044697,0.12356512
AluSx3,0.113620298,10.65574442,0.051449541,0.125735439
MER4A1_,0.178047164,4.078003752,0.052051952,0.127061798
UCON89,-0.688092381,-0.542119323,0.052058132,0.127068832
LTR21B,-0.44851768,1.197983491,0.053291663,0.127762376
MER21-int,0.192019224,4.230441072,0.054023766,0.12867872
LTR72B,0.482740513,0.95497143,0.055700954,0.132225654
L1PA4,-0.114259148,9.10705844,0.056736726,0.134388802
MLT1F1-int,-0.215555665,2.986533761,0.056741858,0.134394098
LTR16A,0.116941406,6.626538519,0.057044022,0.134999531
MLT1O-int,2.136254379,-2.964773058,0.057431824,0.135688935
MER57A1,-0.156309433,4.689073401,0.058026584,0.136961628
L1M8,0.131730732,5.388003031,0.061741925,0.144715239
MER39,0.12419112,5.443708662,0.061754626,0.144737697
LTR88b,-0.196225404,3.860375616,0.061766924,0.144759208
L1PA15,0.117881887,7.815001506,0.062472446,0.146257575
MER83C,0.502233505,0.499237505,0.062911906,0.147212146
LTR29,0.142788681,4.762859161,0.063274146,0.147953069
LTR60,0.22781315,2.672912665,0.063774203,0.148981982
MER1A,0.112324707,7.236522734,0.063865872,0.149158586
MER99,0.242746089,2.701468808,0.064751755,0.150863104
UCON23,0.615272206,-0.458990896,0.065093847,0.151561209
LTR10B2,0.270331221,2.123590491,0.067053907,0.155376486
LTR13_,0.413854395,0.75315327,0.067301485,0.155911244
LTR12,-0.13399422,4.607736112,0.068136342,0.157617089
L1M3e,-0.200038269,4.257195109,0.068139888,0.157617435
PABL_A,0.160955406,4.209740923,0.068946181,0.159221377
LTR19C,-0.22480188,2.754771918,0.069338924,0.160047921
UCON60,0.588319823,-0.351405392,0.069749825,0.16090539
L1P4a,0.157578167,4.146714706,0.069755726,0.160905936
LTR81,-0.314351055,1.365658419,0.070210657,0.16180251
MSTC,0.110184283,6.146797385,0.070853548,0.163154428
LTR51,-0.196514278,2.955400725,0.070989603,0.163443389
L1MEd,0.10331774,9.559716705,0.070994295,0.163446083
UCON16,1.09444028,-1.90793567,0.071022225,0.163486052
L1PB,0.141350247,4.873329137,0.071548221,0.164476551
L1M4b,0.120488076,7.132513053,0.072246931,0.165926581
Tigger16b,-0.138263201,6.436965338,0.074055865,0.16971151
L1M3f,-0.183480297,5.31549284,0.074355042,0.170313015
UCON4,0.335525549,1.310779176,0.074617986,0.170856262
LTR53-int,0.31626532,2.038355935,0.0746438,0.170898504
LTR33A_,0.129820009,4.929734801,0.075038714,0.171684078
MER89,0.126638292,4.670912628,0.075509412,0.172638915
LTR26B,-0.451933797,0.610288268,0.077219807,0.175911042
GSATII,0.408789231,0.530948854,0.077548118,0.176598266
SVA_E,0.11988608,6.285501936,0.077711296,0.176883062
Tigger5,0.121183021,5.228038644,0.078624348,0.178663348
CR1-8_Crp,2.730621342,-3.52104057,0.079258623,0.179314376
LTR44,-0.302538821,1.677303875,0.079763879,0.180404691
hAT-16_Crp,0.77862735,-1.216130857,0.079922657,0.180710956
Charlie10a,0.148959114,4.53827982,0.080131482,0.181059613
UCON37,0.490519824,0.152831602,0.080821,0.182439932
MER6C,0.239828352,2.930994714,0.082359253,0.18539939
LTR80B,0.237657381,3.175576879,0.083960353,0.188463029
LTR12F,-0.14478829,4.286647768,0.085439727,0.191330234
AluYi6,0.180878231,3.559876561,0.085507651,0.191463859
LTR106_Mam,0.198236288,2.851442679,0.087083838,0.194541366
MER51-int,-0.118425981,5.157542519,0.089141046,0.197142037
LTR37A,-0.125236014,5.241189989,0.089921548,0.197142037
LTR48,-0.192615777,3.759767032,0.091791554,0.199358574
LTR108c_Mam,-1.153728052,-2.149061528,0.095407652,0.20573896
PABL_B,0.179141841,3.511226397,0.095543406,0.205964705
MER61A,0.091520451,7.402873582,0.097560326,0.209776625
LTR27,-0.428092455,0.185556132,0.097766938,0.210172194
AluYc,0.103734214,6.718399247,0.097916602,0.210454934
MLT2A2,-0.089874594,7.45255949,0.098164948,0.210892177
LTR60B,0.318102671,1.640568546,0.099337204,0.213152854
MLT1L-int,0.581524497,0.231945671,0.099445015,0.213354593
LTR75B,0.345295016,0.85130675,0.099636668,0.213693118
UCON68,1.905863747,-3.085152556,0.100950306,0.21576611
LTR15,0.134559743,4.721748021,0.103388325,0.220479403
LOR1a,0.176866305,3.804770053,0.107285167,0.227670047
UCON50,-0.291187308,1.53339682,0.113404876,0.239027973
PRIMA41-int,-0.140464383,4.063406683,0.114024227,0.240213385
LTR12E,0.167471669,3.231659647,0.116745879,0.24520122
MER97b,0.333544226,0.899852534,0.118133593,0.247792133
MER45B,0.146339651,4.179393302,0.118279077,0.247864567
MSTB1-int,0.245245913,1.880933717,0.11880325,0.247864567
LTR14C,-0.341607848,1.012803766,0.121242662,0.25197709
AluYc3,0.127550013,4.993741006,0.12277064,0.254798908
MER66-int,0.130943614,4.37603158,0.123863133,0.256764413
L1P1,-0.105096508,6.716184415,0.12397301,0.25696103
Charlie3,0.125941168,4.121110085,0.125188069,0.259213205
Helitron1Nb_Mam,0.208129854,2.243073378,0.126673953,0.261974246
L1MA1,-0.090245746,6.557530792,0.127087181,0.262746872
MER83B,-0.174243562,3.625197043,0.128553744,0.26540054
MLT2B4,0.101799014,6.237786459,0.130354979,0.267832298
LTR84a,0.149325754,3.739756328,0.131867611,0.270532942
MER77,0.096592083,5.654558333,0.132850426,0.272260354
CER,-0.337710928,0.625028034,0.132946309,0.272408731
MER44C,0.1015859,5.150517147,0.133597971,0.273623174
UCON28a,0.228473696,1.813677274,0.133836496,0.273978681
MLT1D,0.083614493,8.914015852,0.134094528,0.27437376
L1P4,0.102803417,6.277121341,0.134339503,0.274676812
UCON105,-0.201794246,3.498276081,0.135191775,0.275646519
MER92C,-0.293875254,1.175585358,0.135269769,0.275793426
AluYg6,0.141988492,3.499243534,0.136070179,0.27717842
PABL_B-int,0.188013109,3.284324132,0.136447611,0.277439091
MLT2C1,0.106284749,5.493287367,0.13706611,0.278367359
Chompy-6_Croc,0.464457963,-0.182312196,0.13844218,0.280854722
L1PA5,0.085531721,8.939633299,0.141267543,0.285972113
MamGypLTR2c,-0.190749928,2.725202663,0.141529003,0.286390714
HSAT5,-0.162889699,3.469048736,0.143910779,0.290614726
LTR26E,0.298279721,1.242487382,0.145129612,0.292782998
LTR108a_Mam,-0.214654485,2.249239093,0.146979422,0.296069791
AluYk12,0.210545647,1.983846227,0.149781111,0.300976169
UCON27,0.396741782,1.507577095,0.151400681,0.303757067
MER70B,0.185804492,2.422305513,0.152293679,0.305097863
AluYb9,-0.224999218,2.309456758,0.15288,0.305097863
X9_LINE,-0.086378454,6.225494752,0.15403548,0.305097863
UCON70,0.145970037,3.913502939,0.156443723,0.305097863
UCON103,-4.087911658,-4.023519884,0.157545794,0.305097863
MER74C,0.287285869,1.258260951,0.158232258,0.30629942
SATR1,-0.172100785,2.762568213,0.158505366,0.306776903
LTR10D,0.196100193,2.219902393,0.159065818,0.307694786
L1M1,0.085224411,7.999907888,0.162154634,0.313004311
MLT1C,0.07828358,8.87475878,0.162308086,0.313248395
UCON6,0.179422891,2.548892605,0.166936779,0.321086559
L1PBb,-0.164297332,2.897522631,0.167831165,0.322432615
Eulor2B,0.144124342,3.265031445,0.170093531,0.326292692
HERV-Fc2-int,1.438855728,-2.853784976,0.171470529,0.328350532
Eulor9A,-0.179467454,2.510869473,0.173243034,0.331361846
MER51B,0.092553911,5.217787689,0.17505426,0.334385126
AluYi6_4d,0.235177265,1.328126101,0.17542148,0.335003843
ERV24_Prim-int,0.161482563,2.973858444,0.176172578,0.335678422
HERV1_LTRd,1.062356051,-2.438650456,0.177578561,0.337996537
MER84-int,0.280544271,1.056316222,0.179977545,0.339431969
(CATTC)n,-1.642838229,-3.216239758,0.180032864,0.339431969
MER50-int,0.136022303,4.182324561,0.181283413,0.340771105
MER4CL34,0.131128507,4.036847227,0.183472528,0.343162403
MLT1E1,-0.105968847,4.755319183,0.184240967,0.344460831
LTR2752,-0.214079968,2.450643967,0.185638246,0.346905492
L1M3c,0.12434106,4.003946079,0.186435781,0.348199548
MLT1A0,0.072998603,8.753928322,0.187184178,0.349330168
MER65B,-0.202965242,1.802792639,0.18994649,0.353702926
LTR88a,0.220339607,2.316512805,0.192322215,0.357552887
MER57C1,-0.134351099,3.191487803,0.193617367,0.359643755
L1MA5A,0.089544532,6.321453143,0.193975141,0.360236221
LTR75_1,0.272119747,1.806999163,0.194303738,0.360750929
MER54B,0.173553616,2.916428047,0.194745402,0.361478625
HERV9NC-int,0.073276748,7.08728317,0.19742203,0.365482002
LTR54B,0.112164866,3.960876539,0.199261914,0.368491206
MLT1J2,0.078190045,6.617835734,0.20291633,0.374264851
X7D_LINE,0.937915583,-2.084746296,0.203121093,0.374568081
Eulor9C,0.527210235,-0.788473896,0.203640509,0.375481153
HERV-Fc1_LTR1,0.367763897,-0.085073834,0.205591345,0.378544479
MER4A,-0.084259253,5.287353915,0.207371806,0.381345855
MER74A,-0.09613417,5.036503558,0.207727983,0.381910037
HERV9-int,0.088251048,4.860605768,0.208847127,0.383845932
Helitron2Na_Mam,0.122403619,4.634666141,0.210710819,0.386811649
UCON17,-0.756840598,-1.853593838,0.214171559,0.392404036
HERVFH19-int,0.324091383,0.385719883,0.214798111,0.393337637
HERV30-int,0.32136403,0.292675588,0.216358824,0.395459071
LTR103b_Mam,-0.196806933,2.265218307,0.224041409,0.407622723
LTR16C,0.084701916,6.520992132,0.226605165,0.411593318
MER75A,-0.2650779,0.915467648,0.226934458,0.411780147
MER34D,0.24287611,1.473732804,0.228502317,0.413937442
MLT1H2,0.07246216,6.426401018,0.229048315,0.414732246
UCON99,0.999448805,-2.36041033,0.231629989,0.418834822
HERVL32-int,-0.373913222,0.604629768,0.231794155,0.419099005
HUERS-P2-int,0.127655458,3.185456207,0.236259951,0.426309709
Ricksha,0.210681304,1.295714372,0.236866579,0.42725479
UCON43,0.760537267,-1.853887851,0.23760639,0.428489311
MER61F,-0.250354871,0.863445414,0.242140783,0.434393109
L1MD2,-0.071954351,8.740583356,0.243387441,0.436252881
ERVL-B4-int,-0.075402,6.690619272,0.245676433,0.439896944
LOR1b,-0.11540557,3.812011006,0.250756906,0.44792222
LTR35,-0.113669059,3.414804191,0.251278012,0.448766688
LTR13,0.063190806,6.5579178,0.254327005,0.453304794
LTR1B0,-0.410374593,-0.642707413,0.254680964,0.453778815
MER75B,0.311029756,0.274424846,0.25690606,0.456445405
MER92D,-0.190439086,1.897550511,0.257012604,0.456445405
UCON107,0.131041756,2.905246951,0.257291036,0.456445405
LTR85c,0.14953826,3.117865172,0.257507435,0.456445405
HERV-Fc1_LTR2,1.695458471,-3.520984924,0.258056314,0.456445405
UCON58,-1.211359435,-2.964658271,0.261328501,0.461160928
L1MDb,-0.078723644,6.122801446,0.262614417,0.463236379
LTR1F2,-0.214811915,1.169035681,0.272006557,0.467138282
MLT1H2-int,-0.145840228,2.251113828,0.274391073,0.467138282
UCON1,0.243689206,1.242259501,0.275374522,0.467138282
LTR16E1,0.081004517,5.429360392,0.276371333,0.467138282
UCON12,-0.651125335,-1.908058624,0.277925594,0.467138282
MER101,0.176413526,2.334182632,0.278056973,0.467138282
LTR26D,-0.194880252,1.891860534,0.278135633,0.467138282
L1PREC2,-0.068283745,8.01849716,0.279574148,0.467138282
LTR22B1,0.146023243,2.442770053,0.280206866,0.467138282
LTR19-int,-0.149941617,3.250352231,0.281132323,0.467138282
LOR1-int,0.065628754,5.956360716,0.28142134,0.467138282
LTR39,-0.07975254,5.201122371,0.281770532,0.467138282
HERV-Fc2_LTR,3.701050138,-4.14910483,0.281919825,0.467138282
LTR108e_Mam,0.330540983,0.557354545,0.286306661,0.473477344
LTR18B,-0.145315095,2.418594881,0.28716448,0.4747606
MER110,-0.103479894,3.592189499,0.292323877,0.482139584
MER115,0.080087455,5.242119919,0.295262583,0.485296103
LTR1C1,-0.635868992,-0.936657485,0.298251172,0.489670513
Eulor12,0.71084726,-2.116689879,0.299339116,0.490970322
LTR102_Mam,0.1356794,3.612024578,0.300227051,0.492235313
HERVL18-int,-0.135637041,2.477124833,0.300963912,0.493216887
UCON86,0.160017281,2.254862586,0.305986416,0.500563832
AluYh3,0.061643049,6.381737883,0.307700079,0.503048002
Charlie12,-0.238564993,0.961230397,0.312126157,0.508992909
MER4A1,0.063283346,6.316908902,0.315777791,0.51415457
UCON33,0.198344158,1.757651552,0.315778925,0.51415457
UCON96,0.707974461,-2.116728849,0.318271337,0.5176134
UCON31,-0.253584345,0.680684658,0.321477488,0.52205919
MER68-int,-0.079024862,4.53803373,0.321626506,0.522280228
L1MCa,-0.071833409,7.849129673,0.323221743,0.52345511
L1PA6,-0.060687526,8.587462499,0.323560843,0.52345511
LTR5A,-0.063035089,5.518854789,0.324745616,0.525069532
LTR23,0.084651129,4.276707121,0.32480797,0.525152051
LTR90A,-0.100547704,3.314864845,0.32493522,0.525339487
HERV1_LTRb,0.487744037,-1.053298122,0.325002823,0.525430477
MLT1A0-int,0.093511046,4.379349371,0.33153806,0.534747728
CR1-11_Crp,0.480605936,-1.05350625,0.331779473,0.535044124
MER51E,0.121436434,2.45480694,0.337910074,0.543382163
MER4B-int,0.074098127,5.28140289,0.339436523,0.545463285
MER39B,0.083147879,4.155630788,0.341164473,0.547117645
LTR7A,0.546549048,-1.654190622,0.341252604,0.547221156
LTR55,0.168928545,1.819437556,0.347823024,0.556105925
LTR28,0.20661512,1.352079949,0.348531134,0.557062184
UCON66,0.3464423,-0.438283294,0.354472916,0.565139875
HERV3-int,0.074319173,4.87429463,0.356420942,0.567816444
LTR85a,-0.077628136,4.093502977,0.35656731,0.568030122
HERVFH21-int,0.157711476,2.176725629,0.361197279,0.574577441
UCON61,1.468249772,-3.608702062,0.364870864,0.5766714
LTR16D,-0.101629215,3.428808895,0.367847195,0.580716515
L1PA8A,0.066817387,5.940412784,0.38709934,0.60428439
LTR5B,-0.068869823,5.693384511,0.389512309,0.607601492
LTR104_Mam,0.080944971,4.616002978,0.389621442,0.60773087
LTR14A,-0.155721875,1.594203936,0.392052167,0.610885758
MER97a,0.234571387,0.414045069,0.394928714,0.61470741
L1PA2,0.052283151,8.142905423,0.395332117,0.615232127
UCON39,0.194914875,1.688928428,0.397144044,0.617596253
MER57C2,0.120459542,2.074532961,0.398239538,0.619133862
SVA_A,0.050134207,6.159024566,0.398526179,0.619433683
MER57B2,0.0555906,5.185368116,0.399168897,0.620157474
UCON5,-0.257251948,-0.173997134,0.400623004,0.621922584
MER70A,0.076941939,3.946289918,0.401680191,0.623313522
MER34C,0.158292981,1.49476178,0.404926737,0.627595868
LTR1F,-0.185852507,1.446268711,0.405818881,0.628768593
HERV1_LTRe,-0.430533961,-1.542331475,0.40595044,0.628909432
UCON80,-0.376853718,-0.750869829,0.410866922,0.635105552
MER121,0.169664224,1.98860586,0.413208458,0.638129834
Zaphod2,0.072680855,4.441511316,0.41636647,0.642386863
LTR39-int,0.233473969,0.647947365,0.41652913,0.642573729
Arthur1A,0.069023792,4.590846374,0.419414908,0.646295058
MER97c,0.141087499,1.730126335,0.421638914,0.646995185
LTR85b,-0.086356211,3.274883018,0.422274598,0.646995185
LTR83,0.07043245,3.862468355,0.429002391,0.651064582
LTR40c,0.093604864,3.76545048,0.433645432,0.654948544
UCON44,0.275872395,0.82845113,0.434967065,0.656717479
MLT1H-int,-0.076241315,3.769575741,0.435655287,0.657521236
AluYk2,-0.053460163,4.89176142,0.436204373,0.658307133
MER97d,-0.118218452,1.881436945,0.438190105,0.660874079
MER4-int,-0.049877264,6.925074286,0.439993323,0.663095439
THE1A,0.042860576,7.103358343,0.443573514,0.667756215
LTR9B,-0.061627041,4.869869122,0.44698267,0.672473863
L2-1_Crp,0.128725771,2.168672901,0.450146244,0.676641064
LTR75,-0.081100334,3.882274753,0.452226398,0.678866259
LTR66,-0.084925895,3.067681722,0.46146716,0.690816249
LTR81AB,0.231812323,-0.038420172,0.462214873,0.691733388
LTR42,0.0698286,4.002488125,0.464988381,0.695011301
MER57-int,0.057077499,5.034387012,0.466199114,0.696484457
MER34-int,0.052407558,4.752089179,0.467550262,0.697201143
UCON47,-0.121134637,2.185358997,0.469053018,0.69921733
UCON77,0.49904971,-1.99387637,0.470113523,0.700618169
L1HS,0.041088659,6.883296891,0.478262785,0.711081703
LTR105_Mam,-0.115352633,3.145708932,0.478905412,0.711204037
MER4C,0.070903506,3.79396126,0.48564303,0.711204037
MamGypLTR1c,0.071017705,3.396605095,0.487329169,0.711204037
LTR8B,0.053110828,4.827775504,0.490958102,0.711204037
L1PB1,0.043315944,8.689065415,0.492681506,0.711204037
MSTB,0.036611128,7.690680993,0.499083578,0.711204037
LTR8,-0.03965594,6.885232311,0.502346026,0.711204037
Eulor5B,0.660356821,-2.521481654,0.50729686,0.711204037
MLT1F2-int,0.077066901,3.172305553,0.513058979,0.711204037
MER121B,0.489267161,-2.14897224,0.513408709,0.711204037
MER84,0.096146831,2.301289299,0.513676813,0.711204037
MER65-int,0.067335865,4.12951397,0.515389482,0.711204037
UCON57,3.173359122,-4.2865812,0.521279884,0.711204037
SAR,-3.168917014,-4.286570749,0.521279884,0.711204037
Eulor7,3.166864094,-4.286641594,0.521279884,0.711204037
UCON21,-0.67734316,-2.75064623,0.522376695,0.712482351
UCON69,0.578634608,-2.564105669,0.52992969,0.721076074
HERVK11D-int,0.156233666,0.510370052,0.531591078,0.722806857
LTR16D2,0.11411123,2.185568125,0.537043625,0.727750849
AluYh3a3,-0.056891975,3.737828047,0.537046377,0.727750849
UCON54,0.099781776,1.62765967,0.537779968,0.728659823
UCON101,-0.258762089,-1.05382761,0.545167293,0.737355885
MER41A,0.037453288,6.134532878,0.545250489,0.737446916
LTR38,-0.108333923,1.744169029,0.546533871,0.738924239
LTR2B,-0.048750978,4.2516435,0.547743207,0.740257333
LTR52-int,0.156690249,0.958466611,0.547874169,0.74041276
UCON11,0.426770924,-1.775497451,0.551895402,0.745109372
MER9a2,0.067930589,3.340163046,0.552698217,0.746084712
MLT1K-int,0.162896639,0.639997154,0.553545988,0.747055259
MLT1M,-0.036978762,5.562593403,0.555362226,0.74912228
MER130,0.102591386,1.619727314,0.559984546,0.754537672
AluYa8,0.063307974,3.227525052,0.561774114,0.756356002
MER70C,-0.086044756,2.004275946,0.562098746,0.756683305
Eulor3,0.544851177,-2.479117686,0.562681308,0.757401619
MLT1G3-int,0.095592297,1.610933974,0.563553272,0.758289385
GSAT,0.543816283,-2.05344779,0.564293987,0.75913197
MER67C,-0.047391481,5.085849734,0.56758768,0.762899394
UCON62,-0.702628815,-3.023474494,0.570356393,0.765003268
L1PA13,-0.033979173,8.248291948,0.57352242,0.7683836
LTR35A,0.179016639,-0.046621257,0.574129782,0.769130703
MLT1F-int,-0.049256254,3.913577047,0.574966692,0.770007342
LTR27E,-0.077856526,2.546293843,0.579113377,0.771264735
MER87,-0.113634118,1.204804607,0.579794476,0.772043874
UCON79,-0.287829825,-1.379575595,0.580673917,0.772943761
L1PA10,-0.033822328,7.51232367,0.580762188,0.773039085
X7B_LINE,-0.039894493,5.133422939,0.581269551,0.773581285
MER41G,-0.097544159,2.358788212,0.584924031,0.777619675
HERV1_I-int,0.105675541,1.795735673,0.591018295,0.78423874
LTR47B,-0.205223051,-0.350635773,0.599202675,0.793329365
MER45A,-0.038148251,5.437107963,0.600201949,0.794516367
LTR21C,-0.406302219,-2.182412882,0.605530787,0.799563232
LTR25,-0.039908691,5.292820764,0.606272593,0.800337773
Arthur1C,0.060984496,2.914831322,0.612144509,0.806941474
Tigger1a_Mars,0.196919268,0.071559351,0.614143197,0.809095421
SVA_F,0.026800228,7.316839647,0.614465467,0.809472123
LTR108b_Mam,0.375490356,-1.341486365,0.617387761,0.812721955
MamGypsy2-LTR,0.061069035,3.409836027,0.625112896,0.819751863
MER63D,0.037664039,4.999019454,0.626174557,0.819985443
Eulor11,0.253812019,-1.323064043,0.628595605,0.822459552
LTR19B,-0.05635599,2.980679803,0.630382357,0.824030617
LTR77,0.09079179,1.404943707,0.631249449,0.825024628
MER9a3,0.032948488,4.966717082,0.632597892,0.826414588
LTR47B2,-0.07048897,2.338533046,0.643583279,0.83878215
MamGypLTR1d,-0.059953565,2.477445825,0.649203437,0.841008364
MER57E1,0.052873804,3.081849547,0.649738502,0.841008364
LTR46,-0.045746388,3.439362026,0.65092657,0.841008364
UCON93,1.392955117,-4.023445062,0.655041921,0.841008364
LTR81A,0.047897547,3.305394094,0.657606903,0.843881274
MSR1,-0.028172461,5.306792395,0.666723961,0.852116853
L1M3d,0.068613804,2.153784991,0.673714403,0.859529506
MER57A-int,0.02656685,6.273380012,0.676554631,0.862544437
MER70-int,-0.044349577,3.70718673,0.678667674,0.86499778
MER50C,0.123831227,0.436735798,0.680974151,0.867462515
MLT1J2-int,0.043946535,3.298515767,0.683619402,0.870569301
HSMAR2,0.022288936,6.90217287,0.683773518,0.870717772
LTR78B,0.028323934,4.990902522,0.68684768,0.873769217
LTR16B1,0.030312903,4.609561012,0.696589177,0.882556496
UCON20,0.347919097,-2.216211479,0.708721822,0.895581052
ERV3-16A3_I-int,-0.021714599,6.622729767,0.711732431,0.898871397
MamGyp-int,-0.023751857,5.922451157,0.713932161,0.900891017
MER61E,-0.070221708,1.716224972,0.716827322,0.90301211
UCON75,0.926708019,-3.80117276,0.72298959,0.90301211
CR1-L3B_Croc,0.27311241,-1.964804022,0.728449097,0.908494033
LTR28B,-0.05005184,2.285193104,0.730954447,0.910949648
MamRep564,-0.029681861,4.189707701,0.731117062,0.911029972
X1_LINE,-0.114379071,-0.173543262,0.732904489,0.912889543
CR1-L3A_Croc,0.050449171,2.444409303,0.733590702,0.913548103
Chompy-7_Croc,-0.397092619,-2.750481045,0.734466976,0.91443941
LTR71B,-0.057299083,2.243390443,0.737972535,0.918364062
Charlie14a,-0.020215668,5.684309042,0.743496052,0.923479411
X8_LINE,-0.052473882,2.71948591,0.74388453,0.923887743
MamRep1161,-0.340479244,-2.21612886,0.748128088,0.928090034
Eulor6B,-0.209692855,-1.085037512,0.748983516,0.929051886
THE1A-int,-0.017382803,7.073200219,0.752871934,0.933301344
LTR40b,-0.024970865,5.0182939,0.755975899,0.936698769
AluYe6,-0.059749302,2.029133429,0.756599731,0.936795881
Mam_R4,-0.02182845,4.7057092,0.765314892,0.941795968
LTR1B1,0.063753409,1.313182864,0.765519199,0.941795968
UCON56,-0.692999836,-3.608616655,0.765833313,0.941795968
UCON92,-0.692999836,-3.608616655,0.765833313,0.941795968
UCON63,-0.690550874,-3.608515694,0.765833313,0.941795968
HERV1_LTRc,0.188508463,-1.165915818,0.772710716,0.948770091
MLT1G1-int,-0.065860481,2.055438672,0.773919117,0.949876817
LTR1F1,-0.052556318,1.481136644,0.775878898,0.951879346
MER68C,-0.054585792,1.298128811,0.779091478,0.955441765
MER92-int,0.03088589,3.951313216,0.780089156,0.956463054
MLT1E1A-int,0.063994132,1.519727599,0.780625412,0.956968843
UCON25,-0.290769495,-2.39902397,0.782750051,0.959063374
MLT1N2-int,-0.061157406,0.634678631,0.782908986,0.959185462
HERVL66-int,0.053048647,1.886212659,0.783793649,0.959863837
MLT1E,0.031528098,3.479744973,0.784093956,0.960180923
Eulor6A,0.563724157,-3.438580206,0.79594123,0.969348049
UCON59,-0.243723197,-2.182407433,0.79893413,0.972221943
UCON97,0.241244578,-2.116468191,0.806970208,0.9802017
MamRTE1,0.013642901,10.17950777,0.810399239,0.983826033
AluYf1,0.016298637,6.403538973,0.810872777,0.984297905
LTR12D,-0.018131626,4.523109479,0.815844998,0.988959239
UCON81,0.116305459,-0.775413205,0.819544989,0.990439288
HERV17-int,0.023738534,5.039749393,0.820694068,0.991525099
MER4D,-0.015312474,5.506245933,0.821861934,0.992780976
CR1-13_AMi,-0.057245923,0.541291029,0.827654013,0.998555894
LTR91,-0.067246225,0.535608841,0.828591432,0.999504973
UCON71,0.15475449,-1.586276549,0.834789927,1
PRIMA4_LTR,-0.025425157,3.270965671,0.841896966,1
UCON26,0.052170172,0.961267204,0.847146966,1
UCON24,-0.201817095,-2.053509744,0.848159541,1
LTR33B,-0.012830063,5.242699615,0.853886303,1
THE1-int,-0.037919103,1.380814834,0.854645269,1
UCON41,0.290177618,-2.801205429,0.865300016,1
MLT1H1,0.010482415,5.764775521,0.866255909,1
UCON80_AMi,0.012053865,4.946213725,0.867863492,1
MER92A,-0.047647483,0.748595711,0.86787535,1
L1PBa,-0.01187889,5.756272374,0.870442695,1
MLT2E,0.029111143,2.110025353,0.872714784,1
TAR1,-0.024224454,2.527928854,0.87558482,1
LTR9C,-0.016011683,3.783605479,0.877805922,1
UCON38,0.051590502,0.468389687,0.883137604,1
FordPrefect_a,0.04736111,1.259141698,0.883802717,1
Merlin1_HS,0.023044677,2.345721956,0.88848716,1
PRIMAX-int,0.07099558,-0.468938946,0.890556647,1
THE1D,0.007888468,7.936549372,0.893328179,1
LTR40A1,-0.028422981,2.401700027,0.897184865,1
L1P4c,-0.166529498,-2.216362934,0.897278884,1
MER87B,0.022734884,2.297365515,0.90229091,1
UCON72,-0.126550151,-1.964702744,0.905963064,1
UCON2,0.011195845,4.463760017,0.906670189,1
L1P2,-0.007180014,6.29344937,0.909568223,1
LTR22,0.055558152,0.249948143,0.913281497,1
L1PA7,0.006293284,9.018608589,0.921396973,1
MER133B,-0.106407113,-1.654177229,0.936801226,1
UCON48,-0.040699583,0.134046198,0.93836105,1
MLT1A-int,-0.009201473,3.399772353,0.938570468,1
MLT-int,-0.007737781,4.003967276,0.94001042,1
UCON84,-0.047918295,-0.826807259,0.943829996,1
UCON14,-0.038667325,0.187135584,0.945065121,1
ERVL47-int,-0.01514,1.494632785,0.949159823,1
MER76-int,-0.016714008,1.402993045,0.952987385,1
LTR1A1,-0.013098942,2.814896891,0.954203855,1
AluYk4,-0.004767949,4.919857086,0.954811824,1
MER34B-int,0.003014505,7.131627954,0.959155178,1
LTR59,-0.013449412,0.510401931,0.962040074,1
HERV1_LTRa,-0.021292002,0.634922452,0.964074114,1
LTR22B2,-0.01374329,1.997070012,0.965055854,1
MLT1A1,0.002657784,7.015235531,0.965627264,1
L1PBa1,0.004821344,4.121385883,0.966190764,1
LTR9,-0.004704013,3.768441404,0.96647244,1
AluYk3,0.003305305,4.572405175,0.974485795,1
MLT2D,-0.001320401,6.028668804,0.985019745,1
LTR1D1,0.00365552,2.913420808,0.985802873,1
MER75,0.001867736,4.286567113,0.98929839,1
UCON64,-0.045156595,-1.631592244,1,1
Helitron1Na_Mam,0.008134467,1.462448228,1,1
Eulor4,0.034412891,-0.762848094,1,1
MER133A,-0.038251927,-1.269161769,1,1
UCON87,-2.31785092,-4.438602597,1,1
HERV-Fc1_LTR3,-0.220757686,-3.216262788,1,1
GSATX,0.038063769,-0.840043406,1,1
UCON9,-0.031197694,-1.630871103,1,1
UCON7,0.020917301,-2.360415458,1,1
CR1-12_AMi,0.010203214,1.009338722,1,1
Eulor2C,0.007729145,-2.60862317,1,1
MLT1E-int,0.005452611,-3.438504219,1,1
HSATI,0.004933891,-2.521158637,1,1
LTR5,-0.004760265,1.286590042,1,1
LTR49-int,0.000283219,5.347232598,1,1
