TE,4C_NC_average,4C_ASO_average
MLT2A1_dup1,0,0
MLT2A1_dup2,0,0
MLT2A1_dup3,0,0
MLT2A1_dup4,0.191356767,0
MLT2A1_dup5,0,0
MLT2A1_dup6,0,0
MLT2A1_dup7,0.126052467,0
MLT2A1_dup8,0,0
MLT2A1_dup9,0.476434733,0
MLT2A1_dup10,0.981666367,0
MLT2A1_dup11,0,0
MLT2A1_dup12,0.11851706,0.077694667
MLT2A1_dup13,0,0.059924067
MLT2A1_dup14,0,0
MLT2A1_dup15,0,0.194611603
MLT2A1_dup16,0.069419233,0
MLT2A1_dup17,0,0
MLT2A1_dup18,0,0.02433202
MLT2A1_dup19,1.666231733,0
MLT2A1_dup20,0.0940913,0.1601762
MLT2A1_dup21,0,1.689858667
MLT2A1_dup22,0,0.045964867
MLT2A1_dup23,0.029089033,0
MLT2A1_dup24,0,0
MLT2A1_dup25,0.1407843,0.589057667
MLT2A1_dup26,0,0
MLT2A1_dup27,0,0
MLT2A1_dup28,0,0.376183567
MLT2A1_dup29,0,0
MLT2A1_dup30,0,0
MLT2A1_dup31,0,0
MLT2A1_dup32,0,0
MLT2A1_dup33,0,0
MLT2A1_dup34,0,0
MLT2A1_dup35,0,0
MLT2A1_dup36,0.488809733,0.0357131
MLT2A1_dup37,0,0.046171
MLT2A1_dup38,0,0
MLT2A1_dup39,0,0
MLT2A1_dup40,0,0
MLT2A1_dup41,0,0
MLT2A1_dup42,0.130338167,0
MLT2A1_dup43,0,0
MLT2A1_dup44,0.9641721,0
MLT2A1_dup45,0,0
MLT2A1_dup46,2.066724567,0
MLT2A1_dup47,0,0
MLT2A1_dup48,0,0
MLT2A1_dup49,0.959513167,0
MLT2A1_dup50,0,0
MLT2A1_dup51,0,0
MLT2A1_dup52,0,0
MLT2A1_dup53,0,0
MLT2A1_dup54,0,0
MLT2A1_dup55,0,0
MLT2A1_dup56,0,0
MLT2A1_dup57,0,0.073642667
MLT2A1_dup58,0,0
MLT2A1_dup59,0,0
MLT2A1_dup60,0.02902524,0
MLT2A1_dup61,0,0
MLT2A1_dup62,0,0
MLT2A1_dup63,1.0029586,0
MLT2A1_dup64,0,0
MLT2A1_dup65,0,0
MLT2A1_dup66,0,0
MLT2A1_dup67,0,0
MLT2A1_dup68,0,0
MLT2A1_dup69,0,0
MLT2A1_dup70,0,0
MLT2A1_dup71,0,0
MLT2A1_dup72,0,0
MLT2A1_dup73,6.496898333,0.030425277
MLT2A1_dup74,3.351218,0
MLT2A1_dup75,0,0
MLT2A1_dup76,0,0
MLT2A1_dup77,0,0
MLT2A1_dup78,0.067942233,0.029962037
MLT2A1_dup79,0,0
MLT2A1_dup80,3.605583667,0
MLT2A1_dup81,0,0
MLT2A1_dup82,0,0
MLT2A1_dup83,0.029162417,0.0771625
MLT2A1_dup84,2.736322233,0
MLT2A1_dup85,0.2219792,0
MLT2A1_dup86,0,0
MLT2A1_dup87,0.09019019,0
MLT2A1_dup88,0,0
MLT2A1_dup89,1.0778744,0
MLT2A1_dup90,0.026956233,0
MLT2A1_dup91,0.556698667,0
MLT2A1_dup92,0,0
MLT2A1_dup93,0,0
MLT2A1_dup94,0,0.0853464
MLT2A1_dup95,0,0.614494
MLT2A1_dup96,0,0
MLT2A1_dup97,0,0
MLT2A1_dup98,0.031739833,0.0656956
MLT2A1_dup99,0,0.064369633
MLT2A1_dup100,0.744355333,0.052520867
MLT2A1_dup101,0.164620767,0
MLT2A1_dup102,0,0
MLT2A1_dup103,0,0
MLT2A1_dup104,0,0
MLT2A1_dup105,0,0
MLT2A1_dup106,6.824636333,0
MLT2A1_dup107,0.640428,0
MLT2A1_dup108,0.305951093,0
MLT2A1_dup109,0.243127267,0.159169
MLT2A1_dup110,0.08740347,0
MLT2A1_dup111,0,0
MLT2A1_dup112,0.029774217,0
MLT2A1_dup113,0,0
MLT2A1_dup114,0,0
MLT2A1_dup115,0.243692633,0.037020367
MLT2A1_dup116,0,0
MLT2A1_dup117,0,0.025720833
MLT2A1_dup118,0,0
MLT2A1_dup119,0,0
MLT2A1_dup120,0,0
MLT2A1_dup121,1.809595667,0.339329567
MLT2A1_dup122,2.8492977,0
MLT2A1_dup123,0,0
MLT2A1_dup124,0,0
MLT2A1_dup125,0,0
MLT2A1_dup126,0,0
MLT2A1_dup127,1.3888316,0
MLT2A1_dup128,0,0
MLT2A1_dup129,0,0
MLT2A1_dup130,0,0
MLT2A1_dup131,0,0
MLT2A1_dup132,0,0
MLT2A1_dup133,0.22436042,0
MLT2A1_dup134,0,0
MLT2A1_dup135,0,0
MLT2A1_dup136,1.336801433,0
MLT2A1_dup137,0,0
MLT2A1_dup138,0,0
MLT2A1_dup139,1.427885667,0
MLT2A1_dup140,0,0
MLT2A1_dup141,0.746094667,0
MLT2A1_dup142,1.916017333,0.2169301
MLT2A1_dup143,1.398687833,0
MLT2A1_dup144,0,0
MLT2A1_dup145,0,0
MLT2A1_dup146,0,0
MLT2A1_dup147,0,0
MLT2A1_dup148,0,0
MLT2A1_dup149,0,0
MLT2A1_dup150,0,0
MLT2A1_dup151,0,0
MLT2A1_dup152,0,0.1435815
MLT2A1_dup153,0,0
MLT2A1_dup154,0,0
MLT2A1_dup155,0.137345567,0
MLT2A1_dup156,0,0
MLT2A1_dup157,0,0
MLT2A1_dup158,0,0
MLT2A1_dup159,0,0
MLT2A1_dup160,0,0
MLT2A1_dup161,218.5785,8.262173333
MLT2A1_dup162,0.6056856,0
MLT2A1_dup163,0,0
MLT2A1_dup164,0,0
MLT2A1_dup165,5.338445667,0
MLT2A1_dup166,0.081168033,0.6114895
MLT2A1_dup167,0,0.065753267
MLT2A1_dup168,0.226824533,0
MLT2A1_dup169,0,0
MLT2A1_dup170,0,0
MLT2A1_dup171,0,0
MLT2A1_dup172,0,0
MLT2A1_dup173,0,0.094142567
MLT2A1_dup174,0.093502367,0.016786197
MLT2A1_dup175,0,0
MLT2A1_dup176,1.081748333,0
MLT2A1_dup177,0,0
MLT2A1_dup178,0,0
MLT2A1_dup179,0,0
MLT2A1_dup180,0,0
MLT2A1_dup181,0,0
MLT2A1_dup182,0,0
MLT2A1_dup183,0,0
MLT2A1_dup184,0,0
MLT2A1_dup185,0,0
MLT2A1_dup186,0,0
MLT2A1_dup187,0,0
MLT2A1_dup188,0.190643867,0.196169333
MLT2A1_dup189,0,0
MLT2A1_dup190,0,0
MLT2A1_dup191,0,0.029615737
MLT2A1_dup192,0,0
MLT2A1_dup193,0,0
MLT2A1_dup194,0,0.675009133
MLT2A1_dup195,0,0
MLT2A1_dup196,0,0
MLT2A1_dup197,0,0
MLT2A1_dup198,0,0
MLT2A1_dup199,0,0
MLT2A1_dup200,0,0.127656933
MLT2A1_dup201,0,0.165672433
MLT2A1_dup202,0,0
MLT2A1_dup203,0,0
MLT2A1_dup204,0,0
MLT2A1_dup205,0.031363767,0
MLT2A1_dup206,0,0
MLT2A1_dup207,0,0
MLT2A1_dup208,0,0
MLT2A1_dup209,0,0
MLT2A1_dup210,0,0
MLT2A1_dup211,0,0
MLT2A1_dup212,0,0
MLT2A1_dup213,0,0
MLT2A1_dup214,0.098527367,0
MLT2A1_dup215,0,0
MLT2A1_dup216,0,0
MLT2A1_dup217,0,0
MLT2A1_dup218,0,0
MLT2A1_dup219,0,0
MLT2A1_dup220,0,0
MLT2A1_dup221,0,0
MLT2A1_dup222,0,0
MLT2A1_dup223,0.987907793,0
MLT2A1_dup224,0,0
MLT2A1_dup225,8.865500333,0
MLT2A1_dup226,0,0
MLT2A1_dup227,0.056082667,0
MLT2A1_dup228,0,0
MLT2A1_dup229,0.365016533,0.300996
MLT2A1_dup230,0,0.360991667
MLT2A1_dup231,0.167187667,0.147457133
MLT2A1_dup232,0,0
MLT2A1_dup233,0.271015633,0.1045543
MLT2A1_dup234,0.5763168,0
MLT2A1_dup235,0,0
MLT2A1_dup236,0.720884333,2.920743667
MLT2A1_dup237,0.4423608,0.320049
MLT2A1_dup238,2.976936333,0.487397133
MLT2A1_dup239,0,0
MLT2A1,0,0
MLT2A1_dup240,0,0.1837494
MLT2A1_dup241,0,0.184684033
MLT2A1_dup242,0,0
MLT2A1_dup243,0,0
MLT2A1_dup244,2.9296572,0.03035613
MLT2A1_dup245,0.114045867,0.149070267
MLT2A1_dup246,0,0.429411
MLT2A1_dup247,0.05703651,0.117164
MLT2A1_dup248,0,0
MLT2A1_dup249,0,0
MLT2A1_dup250,0,0.05380013
MLT2A1_dup251,0,0
MLT2A1_dup252,0,0
MLT2A1_dup253,0,0
MLT2A1_dup254,0,0
MLT2A1_dup255,4.213176,0
MLT2A1_dup256,1.012488333,0
MLT2A1_dup257,0,0.060989467
MLT2A1_dup258,0,0
MLT2A1_dup259,0,0
MLT2A1_dup260,0,0
MLT2A1_dup261,0.291624167,0
MLT2A1_dup262,1.633211333,0
MLT2A1_dup263,1.497886,0
MLT2A1_dup264,0,0
MLT2A1_dup265,0,0
MLT2A1_dup266,0,0
MLT2A1_dup267,0,0
MLT2A1_dup268,0,0
MLT2A1_dup269,0,0
MLT2A1_dup270,0,0
MLT2A1_dup2588,0,0
MLT2A1_dup2589,0.289369433,0
MLT2A1_dup2590,0.0878463,0
MLT2A1_dup2591,2.7876128,1.006393433
MLT2A1_dup2592,0.0975677,0.259313367
MLT2A1_dup2593,0,0
MLT2A1_dup2594,0.2659933,0.0291104
MLT2A1_dup2595,0,0
MLT2A1_dup2596,2.3671297,0.187744733
MLT2A1_dup2597,0,0
MLT2A1_dup2598,0,0
MLT2A1_dup2599,0,0
MLT2A1_dup2600,1.379660267,0
MLT2A1_dup2601,0,0
MLT2A1_dup2602,0,0
MLT2A1_dup2603,0,0
MLT2A1_dup2604,0,0
MLT2A1_dup2605,0,0
MLT2A1_dup2606,0,0.180871733
MLT2A1_dup2607,0,0
MLT2A1_dup2608,0,0
MLT2A1_dup2609,0,0
MLT2A1_dup2610,0,0
MLT2A1_dup2611,0,0
MLT2A1_dup2612,0,0
MLT2A1_dup2613,0,0
MLT2A1_dup2614,0,0
MLT2A1_dup2615,0,0
MLT2A1_dup2616,0,0.029261623
MLT2A1_dup2617,0,0
MLT2A1_dup2618,0,0
MLT2A1_dup2619,0,0
MLT2A1_dup2620,0,0
MLT2A1_dup2621,0.339239667,0
MLT2A1_dup2622,0.840161433,0
MLT2A1_dup2623,0,0
MLT2A1_dup2624,0,0
MLT2A1_dup2625,0,0
MLT2A1_dup2626,0,0
MLT2A1_dup2627,0,0
MLT2A1_dup2628,0.0637856,0
MLT2A1_dup2629,0.808188767,0.24295372
MLT2A1_dup2630,0.090037467,0
MLT2A1_dup2631,0,0
MLT2A1_dup2632,0,0
MLT2A1_dup2633,0,0.1203306
MLT2A1_dup2634,0,0
MLT2A1_dup2635,0,0
MLT2A1_dup2636,0,0
MLT2A1_dup2637,0,0
MLT2A1_dup2638,0,0
MLT2A1_dup2639,0.3166894,0
MLT2A1_dup2640,0,0
MLT2A1_dup2641,0,0
MLT2A1_dup2642,0.717972333,0
MLT2A1_dup2643,0.824740333,0
MLT2A1_dup2644,0,0
MLT2A1_dup2645,0,0
MLT2A1_dup2646,0,0
MLT2A1_dup2647,0,0
MLT2A1_dup2648,0,0
MLT2A1_dup2649,0,0
MLT2A1_dup2650,0,0.057552667
MLT2A1_dup2651,0,0
MLT2A1_dup2587,1.411511,0.313047567
MLT2A1_dup2652,0,0.494692333
MLT2A1_dup2653,0,0
MLT2A1_dup2654,0,0
MLT2A1_dup2655,0.394697,0
MLT2A1_dup2656,0,0
MLT2A1_dup2657,0,0
MLT2A1_dup2658,2.302043933,0.330005967
MLT2A1_dup2659,0,0
MLT2A1_dup2660,0,0
MLT2A1_dup2661,0,0.1024157
MLT2A1_dup2662,0,0
MLT2A1_dup2663,0,0
MLT2A1_dup2664,0.087487267,0
MLT2A1_dup2665,0.107314933,0
MLT2A1_dup2666,0,0
MLT2A1_dup2667,0,0
MLT2A1_dup2668,0,0
MLT2A1_dup2669,0,0
MLT2A1_dup2670,0,0
MLT2A1_dup2671,0,0
MLT2A1_dup2672,0,0
MLT2A1_dup2673,0,0
MLT2A1_dup2674,0,0
MLT2A1_dup2675,0,0
MLT2A1_dup2676,0.031363767,0
MLT2A1_dup2677,2.3743685,0
MLT2A1_dup2678,0,0
MLT2A1_dup2679,0.296722597,0
MLT2A1_dup2680,10.67117867,0
MLT2A1_dup2681,0,0
MLT2A1_dup2682,0,0
MLT2A1_dup2683,0.035200833,0
MLT2A1_dup2684,0,0
MLT2A1_dup2685,0.031078197,0
MLT2A1_dup2686,0,0
MLT2A1_dup2687,0,0.101722133
MLT2A1_dup2688,0,0.242273667
MLT2A1_dup2689,0,0
MLT2A1_dup2690,0,0
MLT2A1_dup2691,0,0
MLT2A1_dup2692,0,0
MLT2A1_dup2693,0,0
MLT2A1_dup2694,0.1400583,0.035335167
MLT2A1_dup2695,0,0
MLT2A1_dup2696,0,0
MLT2A1_dup2697,0,0
MLT2A1_dup2698,0,0
MLT2A1_dup2699,2.376305333,0.374207667
MLT2A1_dup2700,0,0.278264533
MLT2A1_dup2701,0,0.0714262
MLT2A1_dup2702,0,0
MLT2A1_dup2703,0,0
MLT2A1_dup2704,0,0
MLT2A1_dup2705,0,0
MLT2A1_dup2706,0,0
MLT2A1_dup2707,0.1135749,0.134582767
MLT2A1_dup2708,0,0
MLT2A1_dup2709,0,0
MLT2A1_dup2710,0,0
MLT2A1_dup2711,0,0
MLT2A1_dup2712,0,0
MLT2A1_dup2713,0,0.028060287
MLT2A1_dup2714,0,0
MLT2A1_dup2715,0,0
MLT2A1_dup2716,0,0
MLT2A1_dup2717,0.0855358,0
MLT2A1_dup2718,0,0
MLT2A1_dup2719,0,0
MLT2A1_dup2720,0,0
MLT2A1_dup2721,0,0
MLT2A1_dup2722,0,0.196103543
MLT2A1_dup2723,0,0.016910537
MLT2A1_dup2724,0,0
MLT2A1_dup2725,0,0.0964615
MLT2A1_dup2726,0,0.2263847
MLT2A1_dup2727,0.058976527,0
MLT2A1_dup2728,2.063676667,0.3600426
MLT2A1_dup2729,1.651405567,0.2115314
MLT2A1_dup2730,0,0
MLT2A1_dup2731,0,0.027826453
MLT2A1_dup2732,0,1.045543
MLT2A1_dup2733,0,0
MLT2A1_dup2734,0,0
MLT2A1_dup2735,0,0
MLT2A1_dup2736,0.327529867,0.03070505
MLT2A1_dup2737,0.0982549,0.034247933
MLT2A1_dup2738,0,0
MLT2A1_dup2739,0,0
MLT2A1_dup2740,0.428191,0
MLT2A1_dup2741,0,0
MLT2A1_dup2742,0,0
MLT2A1_dup2743,0,0
MLT2A1_dup2744,0,0
MLT2A1_dup2745,0,0
MLT2A1_dup2746,0,0
MLT2A1_dup2747,0,0
MLT2A1_dup2748,0,0
MLT2A1_dup2749,0.619589,0.061980033
MLT2A1_dup2750,0,0
MLT2A1_dup2751,0.437808667,0
MLT2A1_dup2752,1.341005,0
MLT2A1_dup2753,0,0
MLT2A1_dup2754,0,0
MLT2A1_dup2755,0,0
MLT2A1_dup2756,0,0
MLT2A1_dup2757,0,0
MLT2A1_dup2758,0,0.0351492
MLT2A1_dup2759,1.054033667,0
MLT2A1_dup2760,13.83348667,0.182551667
MLT2A1_dup2761,0,0
MLT2A1_dup2762,0.065039367,0
MLT2A1_dup2763,0,0
MLT2A1_dup2764,0,0
MLT2A1_dup2765,0.295176767,0.067973
MLT2A1_dup2766,0.643832967,0
MLT2A1_dup2767,0,0
MLT2A1_dup2768,0,0
MLT2A1_dup2769,0,0
MLT2A1_dup2770,0,0
MLT2A1_dup2771,0,0
MLT2A1_dup2772,0,0
MLT2A1_dup2773,0,0
MLT2A1_dup2774,0,0
MLT2A1_dup2775,0,0
MLT2A1_dup2776,0,0
MLT2A1_dup2777,0,0
MLT2A1_dup2778,0,0
MLT2A1_dup2779,0.158954033,0
MLT2A1_dup2780,0,0
MLT2A1_dup2781,0,0
MLT2A1_dup2782,0,0
MLT2A1_dup2783,23.20010667,0.0714262
MLT2A1_dup2784,0,0.1300892
MLT2A1_dup2785,0,0
MLT2A1_dup2786,0,0
MLT2A1_dup2787,0,0
MLT2A1_dup2788,0,0
MLT2A1_dup2789,0,0
MLT2A1_dup2790,0,0
MLT2A1_dup2791,0,0
MLT2A1_dup2792,0,0
MLT2A1_dup2793,0,0
MLT2A1_dup2794,0,0
MLT2A1_dup2795,0,0
MLT2A1_dup2796,0,0
MLT2A1_dup2797,2.209516833,0
MLT2A1_dup2798,0,0
MLT2A1_dup2799,0,0
MLT2A1_dup2800,0,0
MLT2A1_dup2801,0,0
MLT2A1_dup2802,0.3251081,0
MLT2A1_dup2803,0,0
MLT2A1_dup2804,0.028321817,0
MLT2A1_dup2805,20.82869467,0
MLT2A1_dup2806,0.088103867,0
MLT2A1_dup2807,0,0
MLT2A1_dup2808,0,0
MLT2A1_dup2809,0,0
MLT2A1_dup2810,0,0
MLT2A1_dup2811,0,0
MLT2A1_dup2812,0,0
MLT2A1_dup2813,0,0
MLT2A1_dup2814,0,0
MLT2A1_dup2815,0,0
MLT2A1_dup2816,0,0
MLT2A1_dup2817,0,0
MLT2A1_dup2818,0,0
MLT2A1_dup2819,0,0
MLT2A1_dup2820,0,0
MLT2A1_dup2821,0,0
MLT2A1_dup2822,0,0
MLT2A1_dup2823,0,0
MLT2A1_dup2824,0,0
MLT2A1_dup2825,0,0
MLT2A1_dup2826,0,0
MLT2A1_dup2827,0,0.261896
MLT2A1_dup2828,0,0
MLT2A1_dup2829,0,0
MLT2A1_dup2830,0,0
MLT2A1_dup2831,0,0
MLT2A1_dup2832,0.196007233,0
MLT2A1_dup2833,2.960738667,0.0351492
MLT2A1_dup2834,3.762998667,0
MLT2A1_dup2835,0.286393233,0
MLT2A1_dup2836,0,0
MLT2A1_dup2837,0,0
MLT2A1_dup2838,0,0
MLT2A1_dup2839,0,0
MLT2A1_dup2840,0,0
MLT2A1_dup2841,0,0
MLT2A1_dup2842,10.48227033,0
MLT2A1_dup2843,0,0
MLT2A1_dup2844,28.092761,0.087873
MLT2A1_dup2845,0,0
MLT2A1_dup2846,0.146164633,0
MLT2A1_dup2847,7.083312333,0.03165094
MLT2A1_dup2848,1.825229,0
MLT2A1_dup2849,0,0
MLT2A1_dup2850,0.393288333,0
MLT2A1_dup2851,0,0.392844
MLT2A1_dup2852,0.224875167,0
MLT2A1_dup2853,0,0
MLT2A1_dup2854,0.408014067,0
MLT2A1_dup2855,0.417151867,0.166899633
MLT2A1_dup2856,0,0
MLT2A1_dup2857,2.0603771,0
MLT2A1_dup2858,0.617874,0
MLT2A1_dup2859,0,0
MLT2A1_dup2860,0.118670863,0
MLT2A1_dup2861,0,0
MLT2A1_dup2862,0.5889505,0
MLT2A1_dup2863,0,0
MLT2A1_dup2864,0,0
MLT2A1_dup2865,0,0
MLT2A1_dup2866,0.070401633,0
MLT2A1_dup2867,0,0
MLT2A1_dup2868,0,0
MLT2A1_dup2869,0.031538613,0
MLT2A1_dup2870,0.261892267,0
MLT2A1_dup2871,0,0.179227433
MLT2A1_dup2872,0,0
MLT2A1_dup2873,0.038242933,0
MLT2A1_dup2874,0,0
MLT2A1_dup2875,0,0
MLT2A1_dup2876,0,0.079980233
MLT2A1_dup2877,0,0
MLT2A1_dup2878,0,0
MLT2A1_dup2879,0,0
MLT2A1_dup2880,0,0
MLT2A1_dup2881,0,0.034513433
MLT2A1_dup2882,0,0
MLT2A1_dup2883,0,0
MLT2A1_dup2884,0,0
MLT2A1_dup2885,0,0
MLT2A1_dup2886,0.729702833,0.059924067
MLT2A1_dup2887,0,0
MLT2A1_dup2888,0.679346933,0.116743267
MLT2A1_dup2889,0,1.213232
MLT2A1_dup2890,0,0
MLT2A1_dup2891,0,0
MLT2A1_dup2892,0,0
MLT2A1_dup2893,19.79923067,0.052277133
MLT2A1_dup2894,1.749990667,0
MLT2A1_dup2895,0,0
MLT2A1_dup2896,0,0.1129396
MLT2A1_dup2897,0,0
MLT2A1_dup2898,0.308339733,0.185486203
MLT2A1_dup2899,0,1.155459
MLT2A1_dup2900,0.9021453,0.309034867
MLT2A1_dup2901,0,0
MLT2A1_dup2902,0.6215908,0
MLT2A1_dup2903,0,0
MLT2A1_dup2904,0,0
MLT2A1_dup2905,0,0
MLT2A1_dup2906,0,0
MLT2A1_dup2907,0,0
MLT2A1_dup2908,1.597901333,0.061269267
MLT2A1_dup2909,0.532259,0
MLT2A1_dup2910,0,0
MLT2A1_dup2911,66.88519333,0.0491953
MLT2A1_dup2912,2.022446633,0.0762916
MLT2A1_dup2913,0.0864998,0
MLT2A1_dup2914,0.294122433,0
MLT2A1_dup2915,1.8486851,0.229532967
MLT2A1_dup2916,0.032419133,0
MLT2A1_dup2917,0,0
MLT2A1_dup2918,0,0
MLT2A1_dup2919,0,0
MLT2A1_dup2920,0,0
MLT2A1_dup2921,0,0.360991667
MLT2A1_dup2922,0,0
MLT2A1_dup2923,0,0
MLT2A1_dup2924,0.030080703,0
MLT2A1_dup2925,0.304804433,0
MLT2A1_dup2926,0,0
MLT2A1_dup2927,0,0
MLT2A1_dup2928,0.192559867,0
MLT2A1_dup2929,0,0
MLT2A1_dup2930,0,0
MLT2A1_dup2931,0.410146667,0
MLT2A1_dup2932,0.206473867,0.382321
MLT2A1_dup2933,0,0
MLT2A1_dup2934,1.580392,0
MLT2A1_dup2935,2.509304,0
MLT2A1_dup2936,0.100778,0.085779633
MLT2A1_dup2937,0,0
MLT2A1_dup2938,0.0859211,0
MLT2A1_dup2939,0,0
MLT2A1_dup2940,0,0
MLT2A1_dup2941,0,0
MLT2A1_dup2942,3.010811033,0.119523
MLT2A1_dup2943,0,0
MLT2A1_dup2944,0,0
MLT2A1_dup2945,0,0
MLT2A1_dup2946,0,0
MLT2A1_dup2947,0,0
MLT2A1_dup2948,2.372256,0
MLT2A1_dup2949,0.280942433,0
MLT2A1_dup2950,0,0
MLT2A1_dup2951,0,0
MLT2A1_dup2952,0,0
MLT2A1_dup2953,0,0
MLT2A1_dup2954,0,0
MLT2A1_dup2955,0.355633733,0
MLT2A1_dup2956,0.857280333,0
MLT2A1_dup2957,0,0
MLT2A1_dup2958,0,0
MLT2A1_dup2959,0.2610376,0
MLT2A1_dup2960,0,0
MLT2A1_dup2961,0,0
MLT2A1_dup2962,0,0
MLT2A1_dup2963,0,0
MLT2A1_dup2964,0,0
MLT2A1_dup2965,0,0
MLT2A1_dup2966,0.084404,0
MLT2A1_dup2967,0.084777467,0
MLT2A1_dup2968,0.756997133,0.110614467
MLT2A1_dup2969,0,0
MLT2A1_dup2970,0.911373567,0.179227433
MLT2A1_dup2971,0,0
MLT2A1_dup2972,4.238866,0.015530087
MLT2A1_dup2973,0.276687767,0
MLT2A1_dup2974,0,0
MLT2A1_dup2975,0,0
MLT2A1_dup2976,0,0
MLT2A1_dup2977,0,0
MLT2A1_dup2978,0,0
MLT2A1_dup2979,0,0
MLT2A1_dup2980,0.4030774,0
MLT2A1_dup2981,0,0
MLT2A1_dup2982,0,0
MLT2A1_dup2983,0,0
MLT2A1_dup2984,0,0
MLT2A1_dup2985,0,0
MLT2A1_dup2986,0,0
MLT2A1_dup2987,0,0
MLT2A1_dup2988,0,0
MLT2A1_dup2989,0,0
MLT2A1_dup2990,0,0.030203017
MLT2A1_dup2991,0,0
MLT2A1_dup2992,0,0
MLT2A1_dup2993,0.02432998,0
MLT2A1_dup2994,0,0
MLT2A1_dup2995,0,0
MLT2A1_dup2996,0,0
MLT2A1_dup2997,0,0
MLT2A1_dup2998,0.036599267,0
MLT2A1_dup2999,0.088908167,0
MLT2A1_dup3000,0,0
MLT2A1_dup3001,0.794642333,0
MLT2A1_dup3002,0,0
MLT2A1_dup3003,0,0
MLT2A1_dup3004,0,0
MLT2A1_dup3005,0,0
MLT2A1_dup3006,0,0
MLT2A1_dup3007,0,0.534268
MLT2A1_dup3008,0,0.242849033
MLT2A1_dup3009,0,0
MLT2A1_dup3010,0,0
MLT2A1_dup3011,0,0
MLT2A1_dup3012,0.206804833,0
MLT2A1_dup3013,0,0
MLT2A1_dup3014,20.08521,0
MLT2A1_dup3015,0,0
MLT2A1_dup3016,0,0
MLT2A1_dup3017,0,0
MLT2A1_dup3018,0,0
MLT2A1_dup3019,0,0
MLT2A1_dup3020,0,0
MLT2A1_dup3021,0,0
MLT2A1_dup3022,0,0
MLT2A1_dup3023,0,0
MLT2A1_dup3024,0.156818833,0.213568267
MLT2A1_dup3025,0.210575067,0
MLT2A1_dup3026,2.161663333,9.1649114
MLT2A1_dup3027,0,0
MLT2A1_dup3028,0.156079133,0
MLT2A1_dup3029,0.042155567,0
MLT2A1_dup3030,0,0
MLT2A1_dup3031,0,0
MLT2A1_dup3032,0,0
MLT2A1_dup3033,0.263974167,0.276407667
MLT2A1_dup3034,0,0
MLT2A1_dup3035,0,0
MLT2A1_dup3036,0,0
MLT2A1_dup3037,0,0
MLT2A1_dup3038,0.133750133,0
MLT2A1_dup3039,0,0
MLT2A1_dup3040,0,0
MLT2A1_dup3041,0,0
MLT2A1_dup3042,0,0
MLT2A1_dup3043,0,0
MLT2A1_dup3044,0,0
MLT2A1_dup3045,6.619110667,0
MLT2A1_dup3046,0,0
MLT2A1_dup3047,0,0
MLT2A1_dup3048,0.605129867,0.1444484
MLT2A1_dup3049,0.143864233,0.189847367
MLT2A1_dup3050,0,0
MLT2A1_dup3051,0,0.1265812
MLT2A1_dup3052,0.389790667,0.03135375
MLT2A1_dup3053,0,0
MLT2A1_dup3054,0.491610333,0
MLT2A1_dup3055,0,0
MLT2A1_dup3056,0,0
MLT2A1_dup3057,0.108377767,0.2879777
MLT2A1_dup3058,0,2.543942
MLT2A1_dup3059,0,0
MLT2A1_dup3060,0,0
MLT2A1_dup3061,0,0
MLT2A1_dup3062,34.11029667,0.034783067
MLT2A1_dup3063,0,0
MLT2A1_dup3064,0.136448567,0
MLT2A1_dup3065,0,0
MLT2A1_dup3066,0,0
MLT2A1_dup3067,0.667864617,0
MLT2A1_dup3068,0,0
MLT2A1_dup3069,0,0
MLT2A1_dup3070,0,0
MLT2A1_dup3071,0,0
MLT2A1_dup3072,0,0
MLT2A1_dup3073,0,0
MLT2A1_dup3074,0,0
MLT2A1_dup3075,0.159080633,0.2708107
MLT2A1_dup3076,0.671354,0.583262
MLT2A1_dup3077,1.619760667,2.293668467
MLT2A1_dup3078,0,0
MLT2A1_dup3079,0,0
MLT2A1_dup3080,0,0
MLT2A1_dup3081,0.986354163,0.1290502
MLT2A1_dup3082,0,0
MLT2A1_dup3083,0,0
MLT2A1_dup3084,0,0
MLT2A1_dup3085,14.93510633,0
MLT2A1_dup3086,0,0
MLT2A1_dup3087,0.032501627,0
MLT2A1_dup3088,0,0
MLT2A1_dup3089,0,0
MLT2A1_dup3090,0,0
MLT2A1_dup3091,0,0
MLT2A1_dup3092,0.402303667,0
MLT2A1_dup3093,0,0
MLT2A1_dup3094,0,0
MLT2A1_dup3095,0,0
MLT2A1_dup3096,0,0
MLT2A1_dup3097,0,0
MLT2A1_dup3098,0,0
MLT2A1_dup3099,0,0
MLT2A1_dup3100,0,0
MLT2A1_dup3101,0,0
MLT2A1_dup3102,0,0
MLT2A1_dup3103,0,0
MLT2A1_dup3104,0,0
MLT2A1_dup3105,0,0
MLT2A1_dup3106,0.300529733,0
MLT2A1_dup3107,0,0
MLT2A1_dup3108,0,0
MLT2A1_dup3109,0,0
MLT2A1_dup3110,0.101460033,0
MLT2A1_dup3111,0,0
MLT2A1_dup3112,0.033091033,0
MLT2A1_dup3113,0,0
MLT2A1_dup3114,0,0
MLT2A1_dup3115,0,0
MLT2A1_dup3116,0,0
MLT2A1_dup3117,0.0335253,0
MLT2A1_dup3118,0,0
MLT2A1_dup3119,0,0
MLT2A1_dup3120,0,0
MLT2A1_dup3121,0,0
MLT2A1_dup3122,0,0
MLT2A1_dup3123,0,0
MLT2A1_dup3124,0,0
MLT2A1_dup3125,0,0
MLT2A1_dup3126,0,0
MLT2A1_dup3127,0,0
MLT2A1_dup3128,2.992796667,0
MLT2A1_dup3129,0,0
MLT2A1_dup3130,0.141178767,0
MLT2A1_dup3131,5.3912318,0
MLT2A1_dup3132,0,0
MLT2A1_dup3133,1.527125667,0.033729033
MLT2A1_dup3134,0,0.774301333
MLT2A1_dup3135,0,0
MLT2A1_dup3136,0,0.057921467
MLT2A1_dup3137,0,0
MLT2A1_dup3138,0,0
MLT2A1_dup3139,0,0
MLT2A1_dup3140,0.786203287,0
MLT2A1_dup3141,0,0.017036737
MLT2A1_dup3142,0,0
MLT2A1_dup3143,0.02934703,0
MLT2A1_dup3144,0,0
MLT2A1_dup3145,0,0
MLT2A1_dup3146,0,0
MLT2A1_dup3147,0,0
MLT2A1_dup3148,0,0
MLT2A1_dup3149,0.202584333,0
MLT2A1_dup3150,0,0
MLT2A1_dup3151,0,0
MLT2A1_dup3152,0,0
MLT2A1_dup3153,0,0
MLT2A1_dup3154,0,0
MLT2A1_dup3155,0,0
MLT2A1_dup3156,0,0
MLT2A1_dup3157,0,0
MLT2A1_dup3158,0,0
MLT2A1_dup3159,0,0
MLT2A1_dup3160,0,0
MLT2A1_dup3161,0,0
MLT2A1_dup3162,0,0
MLT2A1_dup3163,0.1670096,0
MLT2A1_dup3164,0,0
MLT2A1_dup3165,0,0
MLT2A1_dup3166,0.032501627,0
MLT2A1_dup3167,0,0
MLT2A1_dup3168,2.517466333,0
MLT2A1_dup3169,1.3318611,0
MLT2A1_dup3170,0,0
MLT2A1_dup3171,0,0
MLT2A1_dup3172,0,0
MLT2A1_dup3173,0,0
MLT2A1_dup3174,0.0339372,0
MLT2A1_dup3175,0,0
MLT2A1_dup3176,0,0
MLT2A1_dup3177,0,0
MLT2A1_dup3178,0,0.061693733
MLT2A1_dup3179,0,0
MLT2A1_dup3180,0,0
MLT2A1_dup3181,0,0
MLT2A1_dup3182,0.154982567,0
MLT2A1_dup3183,0,0
MLT2A1_dup3184,0,0.133059733
MLT2A1_dup3185,0.028703683,0
MLT2A1_dup3186,0.152482833,0
MLT2A1_dup3187,0,0
MLT2A1_dup3188,0,0
MLT2A1_dup3189,0,0
MLT2A1_dup3190,0.03201288,0
MLT2A1_dup3191,0,0
MLT2A1_dup3192,0.123411967,0
MLT2A1_dup3193,0,0
MLT2A1_dup3194,0,0
MLT2A1_dup3195,0,0
MLT2A1_dup3196,0,0
MLT2A1_dup3197,0,0
MLT2A1_dup3198,0,0
MLT2A1_dup3199,0.169252033,0
MLT2A1_dup3200,0,0
MLT2A1_dup3201,0,0
MLT2A1_dup3202,0,0
MLT2A1_dup3203,0.483276733,0
MLT2A1_dup3204,0,0
MLT2A1_dup3205,0,0
MLT2A1_dup3206,0,0.034602833
MLT2A1_dup3207,0,0
MLT2A1_dup3208,0,0
MLT2A1_dup3209,0,0
MLT2A1_dup3210,0,0
MLT2A1_dup3211,0,0
MLT2A1_dup3212,0,0
MLT2A1_dup3213,0,0
MLT2A1_dup3214,0,0
MLT2A1_dup3215,0,0
MLT2A1_dup3216,0,0
MLT2A1_dup3217,0,0.1936801
MLT2A1_dup3218,0,0
MLT2A1_dup3219,0,0
MLT2A1_dup3220,0.316699667,0
MLT2A1_dup3221,0.453271,0.046909367
MLT2A1_dup3222,0.624615067,0
MLT2A1_dup3223,1.1050978,0
MLT2A1_dup3224,0,0
MLT2A1_dup3225,0,0
MLT2A1_dup3226,0,0
MLT2A1_dup3227,0,0
MLT2A1_dup3228,0,0
MLT2A1_dup3229,0,0
MLT2A1_dup3230,0,0
MLT2A1_dup3231,0,0
MLT2A1_dup3232,0.529420333,0
MLT2A1_dup3233,0,0
MLT2A1_dup3234,0,0
MLT2A1_dup3235,0,0
MLT2A1_dup3236,0,0
MLT2A1_dup3237,0,0
MLT2A1_dup3238,0,0.100678633
MLT2A1_dup3239,0,0
MLT2A1_dup3240,0,0
MLT2A1_dup3241,0.443604333,0.024072063
MLT2A1_dup3242,2.134287133,0.034873867
MLT2A1_dup3243,0,0.3180166
MLT2A1_dup3244,0,0
MLT2A1_dup3245,0.442040267,0
MLT2A1_dup3246,0,0
MLT2A1_dup3247,0,0
MLT2A1_dup3248,0,0
MLT2A1_dup3249,0,0
MLT2A1_dup3250,0,0
MLT2A1_dup3251,0,0
MLT2A1_dup3252,1.5485402,0
MLT2A1_dup3253,1.0452117,0
MLT2A1_dup3254,0,0
MLT2A1_dup3255,0,0
MLT2A1_dup3256,0,0
MLT2A1_dup3257,0.085728033,0.025316237
MLT2A1_dup3258,0.396272667,0
MLT2A1_dup3259,3.723859,0.02708107
MLT2A1_dup3260,0,0
MLT2A1_dup3261,0.127571167,0
MLT2A1_dup3262,0.463817333,0
MLT2A1_dup3263,0.1205969,0
MLT2A1_dup3264,0,0
MLT2A1_dup3265,0,0
MLT2A1_dup3266,0,0
MLT2A1_dup3267,0,0
MLT2A1_dup3268,0,0
MLT2A1_dup3269,0,0
MLT2A1_dup3270,0.38735727,0
MLT2A1_dup3271,0,0
MLT2A1_dup3272,0.616909333,0
MLT2A1_dup3273,0,0
MLT2A1_dup3274,0,0
MLT2A1_dup3275,0,0
MLT2A1_dup3276,0,0
MLT2A1_dup3277,1.219804833,0.208142733
MLT2A1_dup3278,0,0
MLT2A1_dup3279,0,0.2037728
MLT2A1_dup3280,0,0
MLT2A1_dup3281,0,0
MLT2A1_dup3282,0,0
MLT2A1_dup3283,0,0
MLT2A1_dup3284,1.057559,0
MLT2A1_dup3285,0,0
MLT2A1_dup3286,3.289565667,0
MLT2A1_dup3287,0,0.1821249
MLT2A1_dup3288,0,0
MLT2A1_dup3289,1.173502167,0
MLT2A1_dup3290,0,0
MLT2A1_dup3291,0.567693567,0.052890733
MLT2A1_dup3292,0.269851233,0
MLT2A1_dup3293,0,0.293739467
MLT2A1_dup3294,0,0
MLT2A1_dup3295,0,0
MLT2A1_dup3296,0.3220119,0
MLT2A1_dup3297,0,0
MLT2A1_dup3298,0,0
MLT2A1_dup3299,4.0698132,0
MLT2A1_dup3300,0.253932253,0
MLT2A1_dup3301,0,0
MLT2A1_dup3302,0,0
MLT2A1_dup3303,0,0
MLT2A1_dup3304,0,0
MLT2A1_dup3305,0,0
MLT2A1_dup3306,0,0
MLT2A1_dup3307,0.276379567,0
MLT2A1_dup3308,2.1445448,0
MLT2A1_dup3309,0.492349333,0
MLT2A1_dup3310,7.087514333,0.2361644
MLT2A1_dup3311,0.698409433,0.032737003
MLT2A1_dup3312,0,0
MLT2A1_dup3313,0,0
MLT2A1_dup3315,0,0
MLT2A1_dup3316,0,0
MLT2A1_dup3317,0,0
MLT2A1_dup3318,0.3228173,0
MLT2A1_dup3319,0.034024433,0
MLT2A1_dup3320,0,0
MLT2A1_dup3321,0.577265433,0.166488567
MLT2A1_dup3322,0.523264333,0.550186667
MLT2A1_dup3323,0.02851147,0.029814057
MLT2A1_dup3324,0,0
MLT2A1_dup3325,0,0
MLT2A1_dup3326,13.56164267,0
MLT2A1_dup3327,0,0
MLT2A1_dup3328,0,0
MLT2A1_dup3329,0.339372,0
MLT2A1_dup3330,0.151436033,0
MLT2A1_dup3331,0.03251968,0
MLT2A1_dup3332,0.388372867,0
MLT2A1_dup3333,0,0
MLT2A1_dup3334,0.290535567,0
MLT2A1_dup3335,0,0
MLT2A1_dup3336,0.507135167,0.031062087
MLT2A1_dup3337,0.085344467,0
MLT2A1_dup3338,0,0
MLT2A1_dup3339,0,0
MLT2A1_dup3340,0,0
MLT2A1_dup3341,0.4573678,0
MLT2A1_dup3342,0.800481633,0.029261623
MLT2A1_dup3343,1.719571767,0
MLT2A1_dup3344,0,2.171560333
MLT2A1_dup3345,0,0.298455467
MLT2A1_dup3346,1.6345541,0.299894967
MLT2A1_dup3347,0,0
MLT2A1_dup3348,0,0
MLT2A1_dup3349,0,0
MLT2A1_dup3350,0.218510767,0.126006567
MLT2A1_dup3351,0,0
MLT2A1_dup3352,0,0
MLT2A1_dup3353,10.71041,0
MLT2A1_dup3354,0,0
MLT2A1_dup3355,0,0
MLT2A1_dup3356,0,0.034329667
MLT2A1_dup3357,0,0
MLT2A1_dup3358,0,0
MLT2A1_dup3314,0,0
MLT2A1_dup3359,0,0
MLT2A1_dup3360,0,0.0514945
MLT2A1_dup3361,0,0.580726
MLT2A1_dup3362,0.277910967,0
MLT2A1_dup3363,0,0
MLT2A1_dup3364,0,0
MLT2A1_dup3365,6.005090667,0.402491467
MLT2A1_dup3366,0,0
MLT2A1_dup3367,0,0
MLT2A1_dup3368,0.264181833,0
MLT2A1_dup3369,0.768422333,0.091693567
MLT2A1_dup3370,2.451905333,0
MLT2A1_dup3371,0,0
MLT2A1_dup3372,0,0
MLT2A1_dup3373,0,0
MLT2A1_dup3374,0,0
MLT2A1_dup3375,0,0
MLT2A1_dup3376,0,0
MLT2A1_dup3377,0,0
MLT2A1_dup3378,0.228675133,0
MLT2A1_dup3379,1.625672333,0
MLT2A1_dup3380,0,0
MLT2A1_dup3381,0.031438267,0
MLT2A1_dup3382,0,0
MLT2A1_dup3383,0,0
MLT2A1_dup3384,0,0
MLT2A1_dup3385,0,0
MLT2A1_dup3386,0,0
MLT2A1_dup3387,0,0
MLT2A1_dup3388,0.03236066,0
MLT2A1_dup3389,0,0
MLT2A1_dup3390,0,0
MLT2A1_dup3391,0,0.052280667
MLT2A1_dup3392,0.064250033,0
MLT2A1_dup3393,0,0
MLT2A1_dup3394,0,0
MLT2A1_dup3395,0,0
MLT2A1_dup3396,0,0
MLT2A1_dup3397,0,0
MLT2A1_dup3398,0,0
MLT2A1_dup3399,0,0
MLT2A1_dup3400,0,0
MLT2A1_dup3401,23.86114767,0.1780893
MLT2A1_dup3402,0,0.190809967
MLT2A1_dup3403,0.267384033,0
MLT2A1_dup3404,0,0
MLT2A1_dup3405,15.628954,0
MLT2A1_dup3406,0,0
MLT2A1_dup3407,0,0
MLT2A1_dup3408,0,0
MLT2A1_dup3409,0.224806967,0
MLT2A1_dup3410,0.474591467,0
MLT2A1_dup3411,1.127041667,0
MLT2A1_dup3412,0.086305,0
MLT2A1_dup3413,0,0
MLT2A1_dup3414,0,0
MLT2A1_dup3415,0.034377933,0.034692733
MLT2A1_dup3416,0,0
MLT2A1_dup3417,0,0
MLT2A1_dup3418,0,0
MLT2A1_dup3419,0.271201233,0
MLT2A1_dup3420,2.365755967,0
MLT2A1_dup3421,0,1.478566367
MLT2A1_dup3422,0,0.1208751
MLT2A1_dup3423,0,0
MLT2A1_dup3424,0,0
MLT2A1_dup3425,0,0
MLT2A1_dup3426,0,0
MLT2A1_dup3427,0.296871233,0
MLT2A1_dup3428,0.346026333,0
MLT2A1_dup3429,0.472696667,0
MLT2A1_dup3430,1.791873967,0.0987803
MLT2A1_dup3431,0,0
MLT2A1_dup3432,0.030496567,0
MLT2A1_dup3433,0,0
MLT2A1_dup3434,0,0
MLT2A1_dup3435,0,0
MLT2A1_dup3436,0,0
MLT2A1_dup3437,0,0
MLT2A1_dup3438,0,0
MLT2A1_dup3439,0,0
MLT2A1_dup3440,9.720208,0
MLT2A1_dup3441,0.178266233,0
MLT2A1_dup3442,0.208199033,0
MLT2A1_dup3443,0.060025,0
MLT2A1_dup3444,1.571269233,0.2427958
MLT2A1_dup3445,4.094844667,0.477361333
MLT2A1_dup3446,3.294939,0
MLT2A1_dup3447,8.320553,0
MLT2A1_dup3448,7.500457,0.058982867
MLT2A1_dup3449,0.330887733,0
MLT2A1_dup3450,0.02883327,0
MLT2A1_dup3451,0,0
MLT2A1_dup3452,0,0
MLT2A1_dup3453,6.54484,0.580713267
MLT2A1_dup3454,0.441183667,0.413421667
MLT2A1_dup3455,1.308413567,0
MLT2A1_dup3456,15.390745,0
MLT2A1_dup3457,0,0.10567312
MLT2A1_dup3458,0,0
MLT2A1_dup3459,0.5589074,0
MLT2A1_dup3460,0,0
MLT2A1_dup3461,0,0
MLT2A1_dup3462,0,0
MLT2A1_dup3463,0.03070884,0
MLT2A1_dup3464,0,0
MLT2A1_dup3465,0,0
MLT2A1_dup3466,0,0
MLT2A1_dup3467,0,0
MLT2A1_dup3468,0,0
MLT2A1_dup3469,0,0
MLT2A1_dup3470,0,0
MLT2A1_dup3471,0,0
MLT2A1_dup3472,0,0
MLT2A1_dup3473,0,0
MLT2A1_dup3474,0,0
MLT2A1_dup3475,3.513189633,0.2972961
MLT2A1_dup3476,1.9405283,0
MLT2A1_dup3477,0,0
MLT2A1_dup3478,0,0
MLT2A1_dup3479,0,0
MLT2A1_dup3480,0,0
MLT2A1_dup3481,0,0
MLT2A1_dup3482,0,0
MLT2A1_dup3483,0,0
MLT2A1_dup3484,0,0
MLT2A1_dup3485,0.176543067,0.306550333
MLT2A1_dup3486,0,0
MLT2A1_dup3488,0.467184467,0
MLT2A1_dup3489,1.903411,0
MLT2A1_dup3490,0.8831174,0
MLT2A1_dup3491,0,0
MLT2A1_dup3492,0,0
MLT2A1_dup3493,0.09169195,0
MLT2A1_dup3494,2.088647333,0.053749267
MLT2A1_dup3495,5.540446667,3.72745
MLT2A1_dup3496,4.537250667,0.298712067
MLT2A1_dup3497,0.658409333,0.348424333
MLT2A1_dup3498,2.968181333,0
MLT2A1_dup3499,0,0
MLT2A1_dup3500,10.63333367,0.153879
MLT2A1_dup3501,2.141836,0.127247667
MLT2A1_dup3502,9.419963,0.116971133
MLT2A1_dup3503,0,1.09433
MLT2A1_dup3504,0,0
MLT2A1_dup3505,18.66006333,0.2169301
MLT2A1_dup3506,0,0.077694667
MLT2A1_dup3507,0,0
MLT2A1_dup3508,0,0
MLT2A1_dup3509,0,0.137343933
MLT2A1_dup3510,0,0
MLT2A1_dup3511,0,0
MLT2A1_dup3512,0,0
MLT2A1_dup3487,0,0
MLT2A1_dup3513,0.183826533,0
MLT2A1_dup3514,0.2660404,0.3554312
MLT2A1_dup3515,0,0.081833367
MLT2A1_dup3516,0.186942233,0
MLT2A1_dup3517,0,0
MLT2A1_dup3518,2.584170333,0.053966467
MLT2A1_dup3519,0,0.034783067
MLT2A1_dup3520,0,0
MLT2A1_dup3521,0,0.02968155
MLT2A1_dup3522,0.330887733,0
MLT2A1_dup3523,0.032203187,0
MLT2A1_dup3524,0,0
MLT2A1_dup3525,2.391348467,0.055897173
MLT2A1_dup3526,0,0
MLT2A1_dup3527,0,0
MLT2A1_dup3528,0,0
MLT2A1_dup3529,0,0
MLT2A1_dup3530,0,0
MLT2A1_dup3531,0,0
MLT2A1_dup3532,0,0
MLT2A1_dup3533,0,0
MLT2A1_dup3534,0,0
MLT2A1_dup3535,0,0
MLT2A1_dup3536,0,0
MLT2A1_dup3537,0,0
MLT2A1_dup3538,0,0
MLT2A1_dup3539,0,0
MLT2A1_dup3540,0,0
MLT2A1_dup3541,0,0
MLT2A1_dup3542,0.52029931,0.024651477
MLT2A1_dup3543,32.397892,0.244850167
MLT2A1_dup3544,0,1.887917667
MLT2A1_dup3545,0,0
MLT2A1_dup3546,1.947613333,0.067458067
MLT2A1_dup3547,0,0
MLT2A1_dup3548,0,0
MLT2A1_dup3549,0,0
MLT2A1_dup3550,0,0
MLT2A1_dup3551,0,0
MLT2A1_dup3552,0,0
MLT2A1_dup3553,0,0.404748333
MLT2A1_dup3554,10.65254433,0.052345753
MLT2A1_dup3555,0,0
MLT2A1_dup3556,0,0
MLT2A1_dup3557,0,0
MLT2A1_dup3558,0,0
MLT2A1_dup3559,0,0
MLT2A1_dup3560,0,0
MLT2A1_dup3561,0,0
MLT2A1_dup3562,0,0
MLT2A1_dup3563,0,0
MLT2A1_dup3564,0,0
MLT2A1_dup3565,0,0
MLT2A1_dup3566,0,0
MLT2A1_dup3567,0,0
MLT2A1_dup3568,0,0
MLT2A1_dup3569,0.0867022,0
MLT2A1_dup3570,0,0
MLT2A1_dup3571,0,0
MLT2A1_dup3572,0,0
MLT2A1_dup3573,0,0
MLT2A1_dup3574,0,0
MLT2A1_dup3575,0.147534233,0
MLT2A1_dup3576,0,0.217941433
MLT2A1_dup3577,7.885367667,1.5341121
MLT2A1_dup3578,2.279495667,0.2244094
MLT2A1_dup3579,0,0.205766667
MLT2A1_dup3580,5.705053667,0
MLT2A1_dup3581,0,0
MLT2A1_dup3582,0,0
MLT2A1_dup3583,0,0
MLT2A1_dup3584,0,0
MLT2A1_dup3585,0,0
MLT2A1_dup3586,0,0
MLT2A1_dup3587,0.115594,0.334241033
MLT2A1_dup3588,0.21992858,0
MLT2A1_dup3589,0,0
MLT2A1_dup3590,0,0
MLT2A1_dup3591,0,0.139513633
MLT2A1_dup3592,0,0
MLT2A1_dup3593,0,0
MLT2A1_dup3594,0,0
MLT2A1_dup271,0,0
MLT2A1_dup272,0,0.031416367
MLT2A1_dup273,0,0.124620867
MLT2A1_dup274,0,0
MLT2A1_dup275,0.02974272,0
MLT2A1_dup276,0,0
MLT2A1_dup277,0,0.519042667
MLT2A1_dup278,0,0
MLT2A1_dup279,0,0
MLT2A1_dup280,0,0
MLT2A1_dup281,0,0
MLT2A1_dup282,0,0.032262553
MLT2A1_dup283,0,0
MLT2A1_dup284,0,0
MLT2A1_dup285,0,0
MLT2A1_dup286,0,0
MLT2A1_dup287,59.36296667,0.666115817
MLT2A1_dup288,0.03292046,0
MLT2A1_dup289,0,0
MLT2A1_dup290,0,0
MLT2A1_dup291,0.194142333,0
MLT2A1_dup292,0,0
MLT2A1_dup293,0,0
MLT2A1_dup294,0,0
MLT2A1_dup295,0,0
MLT2A1_dup296,0.243297867,0
MLT2A1_dup297,0.661775333,0
MLT2A1_dup298,0.395358633,0
MLT2A1_dup299,0,0
MLT2A1_dup300,0,0
MLT2A1_dup301,0,0
MLT2A1_dup302,0,0
MLT2A1_dup303,0,0
MLT2A1_dup304,0,0
MLT2A1_dup305,0,0
MLT2A1_dup306,0.09102,0
MLT2A1_dup307,0,0
MLT2A1_dup308,0,0
MLT2A1_dup309,0,0
MLT2A1_dup310,0,0
MLT2A1_dup311,0,0
MLT2A1_dup312,0,0
MLT2A1_dup313,0,0
MLT2A1_dup314,0,0
MLT2A1_dup315,0,0
MLT2A1_dup316,0,0
MLT2A1_dup317,0,0
MLT2A1_dup318,0,0
MLT2A1_dup319,0,0.02968155
MLT2A1_dup320,0.295068467,0.540137667
MLT2A1_dup321,0,0
MLT2A1_dup322,0,0
MLT2A1_dup323,0.1316966,0
MLT2A1_dup324,0.0973188,0
MLT2A1_dup325,0,0
MLT2A1_dup326,0,0
MLT2A1_dup327,0,0
MLT2A1_dup328,0.065039367,0
MLT2A1_dup329,0,0
MLT2A1_dup330,0,0
MLT2A1_dup331,0,0
MLT2A1_dup332,0,0
MLT2A1_dup333,0.029774217,0
MLT2A1_dup334,0,0
MLT2A1_dup335,14.581421,0.544925267
MLT2A1_dup336,0.114175123,0.075778433
MLT2A1_dup337,0,0
MLT2A1_dup338,0,0
MLT2A1_dup339,1.831050333,0
MLT2A1_dup340,8.655522,0
MLT2A1_dup341,3.457126,0
MLT2A1_dup342,0,0
MLT2A1_dup343,0,0
MLT2A1_dup344,0,0
MLT2A1_dup345,0,0
MLT2A1_dup346,54.25685333,0
MLT2A1_dup347,0,0
MLT2A1_dup348,2.977989667,0
MLT2A1_dup349,31.69748667,0.02619936
MLT2A1_dup350,0,0
MLT2A1_dup351,0.028898503,0.0764642
MLT2A1_dup352,0,0
MLT2A1_dup353,0,0
MLT2A1_dup354,0,0
MLT2A1_dup355,0,0
MLT2A1_dup356,0.524485967,0
MLT2A1_dup357,0.0868921,0
MLT2A1_dup358,0.028964033,0
MLT2A1_dup359,0,0
MLT2A1_dup360,0,0
MLT2A1_dup361,0,0
MLT2A1_dup362,0,0
MLT2A1_dup363,0.104372733,0.071046267
MLT2A1_dup364,0,0
MLT2A1_dup365,0.69699277,0.107167897
MLT2A1_dup366,0,0
MLT2A1_dup367,5.088410667,0
MLT2A1_dup368,2.5239659,0.2484503
MLT2A1_dup369,0,0
MLT2A1_dup370,0.035091033,0
MLT2A1_dup371,1.573420833,0.036694233
MLT2A1_dup372,5.865698667,0
MLT2A1_dup373,0,0
MLT2A1_dup374,0,0.507465
MLT2A1_dup375,1.266052933,0
MLT2A1_dup376,0,0
MLT2A1_dup377,0,0
MLT2A1_dup378,0,0
MLT2A1_dup379,0,0.058675667
MLT2A1_dup380,0.580597333,0.1706928
MLT2A1_dup381,0.104128833,0.091840167
MLT2A1_dup382,0,0
MLT2A1_dup383,0,0
MLT2A1_dup384,0.069419233,0.061226767
MLT2A1_dup385,0.387064667,0.512078333
MLT2A1_dup386,0.099790133,0.146689133
MLT2A1_dup387,0,0
MLT2A1_dup388,0,0.058523233
MLT2A1_dup389,0,0
MLT2A1_dup390,0,0.061226767
MLT2A1_dup391,0,0.722162
MLT2A1_dup392,0,0.2053648
MLT2A1_dup393,0,0.049628733
MLT2A1_dup394,0.905333007,0.458284193
MLT2A1_dup395,0,0
MLT2A1_dup396,0,0
MLT2A1_dup397,0.123408033,0
MLT2A1_dup398,0,0
MLT2A1_dup399,0,0
MLT2A1_dup400,0,0
MLT2A1_dup401,0,0
MLT2A1_dup402,0,0
MLT2A1_dup403,0,0
MLT2A1_dup404,0,0
MLT2A1_dup405,0.1117999,0
MLT2A1_dup406,3.398496333,0.073388433
MLT2A1_dup407,1.809643667,0
MLT2A1_dup408,0.068400567,0
MLT2A1_dup409,0,0
MLT2A1_dup410,0,0
MLT2A1_dup411,0.391884467,0
MLT2A1_dup412,7.937452333,0
MLT2A1_dup413,5.527085333,0
MLT2A1_dup414,3.096518333,0
MLT2A1_dup415,2.310324,0
MLT2A1_dup416,0.036562167,0
MLT2A1_dup417,0,0
MLT2A1_dup418,19.03095633,0
MLT2A1_dup419,32.8343,0
MLT2A1_dup420,0,0
MLT2A1_dup421,0,0
MLT2A1_dup422,0,0.059449733
MLT2A1_dup423,0.261294333,0
MLT2A1_dup424,0,0
MLT2A1_dup425,0,0
MLT2A1_dup426,0,0
MLT2A1_dup427,0,0
MLT2A1_dup428,0,0
MLT2A1_dup429,0,0
MLT2A1_dup430,0,0
MLT2A1_dup431,0,0
MLT2A1_dup432,0.065503267,0
MLT2A1_dup433,0,0
MLT2A1_dup434,0,0.094282567
MLT2A1_dup435,0,0
MLT2A1_dup436,0,0
MLT2A1_dup437,0,0
MLT2A1_dup438,0,0
MLT2A1_dup439,0,0
MLT2A1_dup440,0,0
MLT2A1_dup441,0,0.0351492
MLT2A1_dup442,0.02929619,0
MLT2A1_dup443,0,0
MLT2A1_dup444,3.693311,0
MLT2A1_dup445,0,0
MLT2A1_dup446,0.2757398,0
MLT2A1_dup447,0,0
MLT2A1_dup448,0,0
MLT2A1_dup449,0,0
MLT2A1_dup450,0.32000607,0
MLT2A1_dup451,0,0
MLT2A1_dup452,1.0283836,0.056476533
MLT2A1_dup453,0.179262,0
MLT2A1_dup454,0.527738767,0.10790359
MLT2A1_dup455,0.534798667,0
MLT2A1_dup456,0.093273767,0
MLT2A1_dup457,0,0.136292833
MLT2A1_dup458,0,0
MLT2A1_dup459,0,0
MLT2A1_dup460,0,0
MLT2A1_dup461,0,0
MLT2A1_dup462,0.1557101,0.436137
MLT2A1_dup463,0.3979265,0.154856283
MLT2A1_dup464,0,0
MLT2A1_dup465,1.547351933,0
MLT2A1_dup466,0,0
MLT2A1_dup467,0.210858833,0
MLT2A1_dup468,0,0
MLT2A1_dup469,2.110729667,0
MLT2A1_dup470,0,0
MLT2A1_dup471,0,0
MLT2A1_dup472,0,0
MLT2A1_dup473,0.539844,0
MLT2A1_dup474,0.032125023,0
MLT2A1_dup475,0,0
MLT2A1_dup476,0,0
MLT2A1_dup477,0,0
MLT2A1_dup478,0,0
MLT2A1_dup479,0,0
MLT2A1_dup480,0,0
MLT2A1_dup481,0,0
MLT2A1_dup482,0,0
MLT2A1_dup483,0,0
MLT2A1_dup484,0,0
MLT2A1_dup485,0,0
MLT2A1_dup486,0,0
MLT2A1_dup487,0,0
MLT2A1_dup488,0,0
MLT2A1_dup489,0,0
MLT2A1_dup490,0,0
MLT2A1_dup491,0,0
MLT2A1_dup492,0,0
MLT2A1_dup493,3.190580333,0
MLT2A1_dup494,0,0
MLT2A1_dup495,0.362616667,0
MLT2A1_dup496,0.6059655,0
MLT2A1_dup497,2.3814325,0
MLT2A1_dup498,0,0.1300977
MLT2A1_dup499,0,0
MLT2A1_dup500,0,0
MLT2A1_dup501,0,0
MLT2A1_dup502,0,0
MLT2A1_dup503,0,0
MLT2A1_dup504,0,0
MLT2A1_dup505,0,0
MLT2A1_dup506,0,0
MLT2A1_dup507,1.8718763,0.0178819
MLT2A1_dup508,0,0
MLT2A1_dup509,0,0
MLT2A1_dup510,0.860074533,0
MLT2A1_dup511,0.516772033,0
MLT2A1_dup512,0,0
MLT2A1_dup513,0,0.096091333
MLT2A1_dup514,0.417625333,0
MLT2A1_dup515,0.365292533,0
MLT2A1_dup516,0,0
MLT2A1_dup517,0,0
MLT2A1_dup518,0.03161668,0
MLT2A1_dup519,16.33317,0.033391733
MLT2A1_dup520,0.335741367,0
MLT2A1_dup521,0,0
MLT2A1_dup522,0,0
MLT2A1_dup523,0.1377419,0.064625767
MLT2A1_dup524,0,0
MLT2A1_dup525,0,0
MLT2A1_dup526,0,0
MLT2A1_dup527,4.835709833,0.156948917
MLT2A1_dup528,0,0
MLT2A1_dup529,0,0
MLT2A1_dup530,0,0
MLT2A1_dup531,0,0
MLT2A1_dup532,0,0
MLT2A1_dup533,0,0
MLT2A1_dup534,0,0
MLT2A1_dup535,0,0.546170233
MLT2A1_dup536,0,0
MLT2A1_dup537,2.760477,0
MLT2A1_dup538,0,0
MLT2A1_dup539,0.02657733,0
MLT2A1_dup540,0,0
MLT2A1_dup541,0,0
MLT2A1_dup542,0,0
MLT2A1_dup543,0,0
MLT2A1_dup544,0,0
MLT2A1_dup545,0,0
MLT2A1_dup546,0,0
MLT2A1_dup547,0.0338504,0
MLT2A1_dup548,0,0
MLT2A1_dup549,0,0
MLT2A1_dup550,0,0
MLT2A1_dup551,0.9828749,0.029491427
MLT2A1_dup552,0,0
MLT2A1_dup553,0,0
MLT2A1_dup554,0,0
MLT2A1_dup555,0,0.0399901
MLT2A1_dup556,0,0
MLT2A1_dup557,2.388488033,0
MLT2A1_dup558,0,0
MLT2A1_dup559,0,0
MLT2A1_dup560,0,0
MLT2A1_dup561,0,0
MLT2A1_dup562,0,0
MLT2A1_dup563,0,0
MLT2A1_dup564,0,0
MLT2A1_dup565,0.753538667,0.094061233
MLT2A1_dup566,0,0
MLT2A1_dup567,0.031230167,0
MLT2A1_dup568,0,0
MLT2A1_dup569,0,0
MLT2A1_dup570,0.0867022,0.051207833
MLT2A1_dup571,0,0
MLT2A1_dup572,0.818691333,0
MLT2A1_dup573,0,0
MLT2A1_dup574,0.1730112,0
MLT2A1_dup575,0.092113967,0
MLT2A1_dup576,0,0.068415333
MLT2A1_dup577,0.783517367,0
MLT2A1_dup578,0,0
MLT2A1_dup579,0.03042646,0.03070505
MLT2A1_dup580,0,0
MLT2A1_dup581,0.268248627,0.407838
MLT2A1_dup3595,0,0
MLT2A1_dup3596,0.447145667,0
MLT2A1_dup3597,0.34587744,0
MLT2A1_dup3598,0,0
MLT2A1_dup3599,0,0
MLT2A1_dup3600,0,0
MLT2A1_dup3601,0,0
MLT2A1_dup3602,0,0
MLT2A1_dup3603,0,0.089044633
MLT2A1_dup3604,0,0
MLT2A1_dup3605,0,0
MLT2A1_dup3606,0,0.229504267
MLT2A1_dup3607,0,0
MLT2A1_dup3608,0.1737994,0.150468943
MLT2A1_dup3609,0,0
MLT2A1_dup3610,0,0
MLT2A1_dup3611,0,0
MLT2A1_dup3612,0,0
MLT2A1_dup3613,0,0
MLT2A1_dup3614,0.4947268,1.981121
MLT2A1_dup3615,0,0
MLT2A1_dup3616,0,0
MLT2A1_dup3617,1.734519667,0
MLT2A1_dup3618,0.128373267,0
MLT2A1_dup3619,0,0
MLT2A1_dup3620,0,0
MLT2A1_dup3621,0,0
MLT2A1_dup3622,0,0
MLT2A1_dup3623,0,0
MLT2A1_dup3624,0,0
MLT2A1_dup3625,0,0
MLT2A1_dup3626,0,0
MLT2A1_dup3627,0,0.1547744
MLT2A1_dup3628,0,0
MLT2A1_dup3629,0,0
MLT2A1_dup3630,0.119778367,0
MLT2A1_dup3631,0,0
MLT2A1_dup3632,0,0
MLT2A1_dup3633,0,0
MLT2A1_dup3634,0.099346267,0.2347026
MLT2A1_dup3635,0,0
MLT2A1_dup3636,0,0.093840967
MLT2A1_dup3637,0.8758101,0.027679913
MLT2A1_dup3638,0,0
MLT2A1_dup3639,0.0570496,0.028785983
MLT2A1_dup3640,0,0
MLT2A1_dup3641,0,0
MLT2A1_dup3642,0,0
MLT2A1_dup3643,0,0
MLT2A1_dup3644,0.715454233,0.312072367
MLT2A1_dup3645,2.840663767,0.102743833
MLT2A1_dup3646,0,0
MLT2A1_dup3647,0,0
MLT2A1_dup3648,0.126780533,0
MLT2A1_dup3649,0.724455267,0.031427523
MLT2A1_dup3650,4.926905333,1.113058
MLT2A1_dup3651,0,0
MLT2A1_dup3652,0,0.032979497
MLT2A1_dup3653,1.439850333,0.524477667
MLT2A1_dup3654,2.999848667,0
MLT2A1_dup3655,0,0
MLT2A1_dup3656,0.6773522,0
MLT2A1_dup3657,0,0
MLT2A1_dup3658,0,0
MLT2A1_dup3659,0,0
MLT2A1_dup3660,0.445665667,0
MLT2A1_dup3661,0.505311,0.205487633
MLT2A1_dup3662,0,0
MLT2A1_dup3663,0.079147233,0
MLT2A1_dup3664,13.56546433,0.1690721
MLT2A1_dup3665,0.2634371,0
MLT2A1_dup3666,0,0
MLT2A1_dup3667,0,0.1993537
MLT2A1_dup3668,0,0
MLT2A1_dup3669,0.0968248,0.02859321
MLT2A1_dup3670,0,0
MLT2A1_dup3671,0,0
MLT2A1_dup3672,0,0
MLT2A1_dup3673,0,0
MLT2A1_dup3674,0.149722967,0
MLT2A1_dup3675,0,0
MLT2A1_dup3676,0,0
MLT2A1_dup3677,0,0
MLT2A1_dup3678,0,0
MLT2A1_dup3679,1.152432333,0.281935567
MLT2A1_dup3680,6.042296667,0.580726
MLT2A1_dup3681,0,0
MLT2A1_dup3682,0,0
MLT2A1_dup3683,0,0
MLT2A1_dup3684,0.229683467,0
MLT2A1_dup3685,0.029089033,0
MLT2A1_dup3686,0.1297599,0
MLT2A1_dup3687,0,0
MLT2A1_dup3688,0,0
MLT2A1_dup3689,0,0
MLT2A1_dup3690,0,0
MLT2A1_dup3691,0,0
MLT2A1_dup3692,0,0.029337827
MLT2A1_dup3693,0,0.049848333
MLT2A1_dup3694,0,0
MLT2A1_dup3695,0,0
MLT2A1_dup3696,0,0
MLT2A1_dup3697,0,0.025090703
MLT2A1_dup3698,0,0
MLT2A1_dup3699,0,0.018361307
MLT2A1_dup3700,0,0
MLT2A1_dup3701,0,0
MLT2A1_dup3702,0,0
MLT2A1_dup3703,0,0
MLT2A1_dup3704,0,0
MLT2A1_dup3705,0,0.180662933
MLT2A1_dup3706,0,0.127206633
MLT2A1_dup3707,0,0
MLT2A1_dup3708,0,0
MLT2A1_dup3709,0,0.317344367
MLT2A1_dup3710,7.744041333,0.454910667
MLT2A1_dup3711,3.263709,0.4867574
MLT2A1_dup3712,0.0902421,0
MLT2A1_dup3713,0,0
MLT2A1_dup3714,0,0
MLT2A1_dup3715,1.079729733,0.102346757
MLT2A1_dup3716,0.1881826,0
MLT2A1_dup3717,0,0
MLT2A1_dup3718,0,0
MLT2A1_dup3719,0,0
MLT2A1_dup3720,0,0
MLT2A1_dup3721,0.058324833,0.060989467
MLT2A1_dup3722,0,0
MLT2A1_dup3723,0.061417667,0
MLT2A1_dup3724,0,0
MLT2A1_dup3725,0,0
MLT2A1_dup3726,0,0
MLT2A1_dup3727,0,0.1331646
MLT2A1_dup583,0,0
MLT2A1_dup584,0,0.028377143
MLT2A1_dup585,0,0
MLT2A1_dup586,0,0
MLT2A1_dup587,0,0
MLT2A1_dup588,0,0
MLT2A1_dup589,0,0
MLT2A1_dup590,0,0
MLT2A1_dup591,0,0
MLT2A1_dup592,0,0
MLT2A1_dup593,0,0
MLT2A1_dup594,0,0
MLT2A1_dup595,0.3268823,0
MLT2A1_dup596,0,0
MLT2A1_dup597,0.0342889,0
MLT2A1_dup598,0,0
MLT2A1_dup599,0,0.0996967
MLT2A1_dup600,0,0
MLT2A1_dup601,0,0
MLT2A1_dup602,0.171071633,0.089843267
MLT2A1_dup603,0,0
MLT2A1_dup604,23.10147967,0
MLT2A1_dup605,0,0
MLT2A1_dup606,0,0
MLT2A1_dup607,0,0
MLT2A1_dup608,0,0
MLT2A1_dup609,0,0
MLT2A1_dup610,0,0
MLT2A1_dup611,0,0
MLT2A1_dup612,0,0.0764642
MLT2A1_dup613,0.2757757,0
MLT2A1_dup614,0,0
MLT2A1_dup615,0,0
MLT2A1_dup616,0,0
MLT2A1_dup617,0,0.0630033
MLT2A1_dup618,0,0
MLT2A1_dup619,1.475002833,0
MLT2A1_dup620,0,0
MLT2A1_dup621,0,0
MLT2A1_dup622,0,0
MLT2A1_dup623,0,0
MLT2A1_dup624,0.964595733,0
MLT2A1_dup625,0.412036667,0
MLT2A1_dup626,1.729696,0
MLT2A1_dup627,2.032090333,0
MLT2A1_dup628,0.413539,0
MLT2A1_dup629,0,0
MLT2A1_dup630,0.174179167,0
MLT2A1_dup631,0.4719652,0.014921063
MLT2A1_dup632,0,0
MLT2A1_dup633,0,0
MLT2A1_dup634,0,0
MLT2A1_dup635,0.323206267,0
MLT2A1_dup636,0,0
MLT2A1_dup637,0.3996838,0
MLT2A1_dup638,2.317640667,0
MLT2A1_dup639,0,0
MLT2A1_dup640,0.3228173,0
MLT2A1_dup641,0,0
MLT2A1_dup642,0.279623433,0
MLT2A1_dup643,0,0
MLT2A1_dup644,0,0
MLT2A1_dup645,0.931823533,0
MLT2A1_dup646,0,0
MLT2A1_dup647,0,0.053392067
MLT2A1_dup648,0,0
MLT2A1_dup649,0.1009232,0
MLT2A1_dup650,0,0
MLT2A1_dup651,0,0
MLT2A1_dup652,0,0.02380873
MLT2A1_dup653,0.099605667,0
MLT2A1_dup654,0,0
MLT2A1_dup655,0,0
MLT2A1_dup656,0.501774033,0
MLT2A1_dup657,0.642353267,0
MLT2A1_dup658,0.1018116,0
MLT2A1_dup659,0.235747,0
MLT2A1_dup660,0,0
MLT2A1_dup661,0,0
MLT2A1_dup662,1.289299627,0.03218481
MLT2A1_dup663,0,0
MLT2A1_dup664,1.377940333,0.1332339
MLT2A1_dup665,0,0
MLT2A1_dup666,0,0
MLT2A1_dup667,0,0
MLT2A1_dup668,0.177816333,0
MLT2A1_dup669,0,0
MLT2A1_dup670,0,0.1217011
MLT2A1_dup671,0,0
MLT2A1_dup672,0,0
MLT2A1_dup673,0,0
MLT2A1_dup674,0.138229867,0.034873867
MLT2A1_dup675,0,0
MLT2A1_dup676,0,0
MLT2A1_dup677,0,0
MLT2A1_dup678,0,0.103355267
MLT2A1_dup679,0.059548433,0
MLT2A1_dup680,0,0
MLT2A1_dup681,0,0
MLT2A1_dup682,0,0
MLT2A1_dup683,0,0
MLT2A1_dup684,0,0
MLT2A1_dup685,0,0
MLT2A1_dup686,0,0
MLT2A1_dup687,0.032835833,0
MLT2A1_dup688,0.2595168,0
MLT2A1_dup689,0,0
MLT2A1_dup690,0,1.940651333
MLT2A1_dup691,1.8792611,0
MLT2A1_dup692,0,0
MLT2A1_dup693,0,0
MLT2A1_dup694,0,0
MLT2A1_dup695,0.12005719,0
MLT2A1_dup696,0.2595168,0
MLT2A1_dup697,0.0835927,0.028119363
MLT2A1_dup698,0,0
MLT2A1_dup699,0,0
MLT2A1_dup700,4.348235333,0
MLT2A1_dup701,0,0
MLT2A1_dup702,0,0
MLT2A1_dup703,0,0
MLT2A1_dup704,0.040939533,0
MLT2A1_dup705,0,0.342479333
MLT2A1_dup706,0,0
MLT2A1_dup707,0,0
MLT2A1_dup708,0.060713333,0
MLT2A1_dup709,0.0589555,0.2677289
MLT2A1_dup710,0,0
MLT2A1_dup711,0,0
MLT2A1_dup712,0,0
MLT2A1_dup713,0,0
MLT2A1_dup714,0,0
MLT2A1_dup715,0,0
MLT2A1_dup716,0,0.091077027
MLT2A1_dup717,0,0
MLT2A1_dup718,0,0
MLT2A1_dup719,0,0
MLT2A1_dup720,0.4557381,0
MLT2A1_dup721,0,0.135731633
MLT2A1_dup722,0,0.100811867
MLT2A1_dup723,2.5419322,0
MLT2A1_dup724,0,0
MLT2A1_dup725,0.978984767,0.030564523
MLT2A1_dup726,0,0
MLT2A1_dup727,0,0
MLT2A1_dup728,0,0
MLT2A1_dup729,0.8051953,0
MLT2A1_dup730,0,0
MLT2A1_dup731,0.5942717,0
MLT2A1_dup732,0,0
MLT2A1_dup733,0,0
MLT2A1_dup734,0.0585642,0
MLT2A1_dup735,0.291349437,0.2124929
MLT2A1_dup736,0,0
MLT2A1_dup737,0,0
MLT2A1_dup738,0,0
MLT2A1_dup739,0,0
MLT2A1_dup740,0,0
MLT2A1_dup741,0,0
MLT2A1_dup742,0,0
MLT2A1_dup743,1.051837633,0.285817373
MLT2A1_dup744,0.29455325,0.094273867
MLT2A1_dup745,0,0
MLT2A1_dup746,0,0
MLT2A1_dup582,0,0
MLT2A1_dup747,0,0
MLT2A1_dup748,0.2052017,0.743277
MLT2A1_dup749,0,0
MLT2A1_dup750,0,0
MLT2A1_dup751,0,0.1713034
MLT2A1_dup752,0,0
MLT2A1_dup753,0.244230767,0.096091333
MLT2A1_dup754,0,0
MLT2A1_dup755,0,0
MLT2A1_dup756,0.215668463,0
MLT2A1_dup757,0,0
MLT2A1_dup758,0.171681967,0
MLT2A1_dup759,0,0
MLT2A1_dup760,0,0.029814057
MLT2A1_dup761,0,0
MLT2A1_dup762,0,0
MLT2A1_dup763,0,0
MLT2A1_dup764,0,0
MLT2A1_dup765,0,0
MLT2A1_dup766,0,0
MLT2A1_dup767,0,0
MLT2A1_dup768,0,0
MLT2A1_dup769,0.356618033,0.209108327
MLT2A1_dup770,0.102827433,0
MLT2A1_dup771,0,0
MLT2A1_dup772,0,0
MLT2A1_dup773,0,0.4442534
MLT2A1_dup774,0,0
MLT2A1_dup775,0,0
MLT2A1_dup776,0,0
MLT2A1_dup777,0,0
MLT2A1_dup778,0,0.2263847
MLT2A1_dup779,0,0
MLT2A1_dup780,0,0
MLT2A1_dup781,0,0
MLT2A1_dup782,0,0
MLT2A1_dup783,0,0
MLT2A1_dup784,0.1214267,0
MLT2A1_dup785,0,0
MLT2A1_dup786,0,0
MLT2A1_dup787,3.520286333,0
MLT2A1_dup788,0,0
MLT2A1_dup789,0,0
MLT2A1_dup790,0.375421333,0
MLT2A1_dup791,0,0
MLT2A1_dup792,0,0
MLT2A1_dup793,0,0
MLT2A1_dup794,0,0
MLT2A1_dup795,0.0891331,0
MLT2A1_dup796,0,0
MLT2A1_dup797,0,0
MLT2A1_dup798,0.319111067,0
MLT2A1_dup799,0,0
MLT2A1_dup800,0,0
MLT2A1_dup801,0.030012493,0
MLT2A1_dup802,0,0.078965367
MLT2A1_dup803,0,0.091275833
MLT2A1_dup804,0,0
MLT2A1_dup805,0,0
MLT2A1_dup806,0,0
MLT2A1_dup807,0,0
MLT2A1_dup808,0.292679827,0
MLT2A1_dup809,0,0
MLT2A1_dup810,0.351603333,0.223687533
MLT2A1_dup811,0.03236066,0
MLT2A1_dup812,0,0
MLT2A1_dup813,0,0
MLT2A1_dup814,0,0
MLT2A1_dup815,0,0
MLT2A1_dup816,0.277183467,0
MLT2A1_dup817,0,0
MLT2A1_dup818,0,0
MLT2A1_dup819,0,0
MLT2A1_dup820,0,0
MLT2A1_dup821,0.165858533,0
MLT2A1_dup822,0,0
MLT2A1_dup823,0,0
MLT2A1_dup824,0.952057667,0
MLT2A1_dup825,0,0
MLT2A1_dup826,0,0
MLT2A1_dup827,0,0
MLT2A1_dup828,0,0
MLT2A1_dup829,0,0
MLT2A1_dup830,0,0
MLT2A1_dup831,0,0
MLT2A1_dup832,0,0
MLT2A1_dup833,0.529065,0.03333055
MLT2A1_dup834,0.271244267,0
MLT2A1_dup835,0,0
MLT2A1_dup836,0,0
MLT2A1_dup837,0,0
MLT2A1_dup838,0,0
MLT2A1_dup839,0,0
MLT2A1_dup840,0.134712567,0.135946033
MLT2A1_dup841,0,0.931862667
MLT2A1_dup842,0,0
MLT2A1_dup843,0,0
MLT2A1_dup844,0,0
MLT2A1_dup845,0.1289173,0.3035613
MLT2A1_dup846,0,0
MLT2A1_dup847,0,0
MLT2A1_dup848,0.0849643,0
MLT2A1_dup849,0,0
MLT2A1_dup850,0,0
MLT2A1_dup851,0,0.2619936
MLT2A1_dup852,0,0
MLT2A1_dup853,0,0
MLT2A1_dup854,0,0.106005533
MLT2A1_dup855,0,0
MLT2A1_dup856,0,0
MLT2A1_dup857,1.901946,0
MLT2A1_dup858,2.534532933,0
MLT2A1_dup859,0,0
MLT2A1_dup860,0,0
MLT2A1_dup861,0,0
MLT2A1_dup862,0,0
MLT2A1_dup863,0,0
MLT2A1_dup864,0.3233099,0.104071367
MLT2A1_dup865,0,0.132537933
MLT2A1_dup867,0,0
MLT2A1_dup868,0.512792567,0
MLT2A1_dup869,0,0.030990017
MLT2A1_dup870,0,0.1271233
MLT2A1_dup871,0,0.27098872
MLT2A1_dup872,232.8388667,682.5658667
MLT2A1_dup873,0,0.093086073
MLT2A1_dup874,0,0.296466467
MLT2A1_dup875,0,0
MLT2A1_dup876,0.510978767,0.928875403
MLT2A1_dup877,0,0
MLT2A1_dup878,1.340055667,2.438511333
MLT2A1_dup879,0,0.702984
MLT2A1_dup880,0,0.249375433
MLT2A1_dup881,0.112642633,0.261940667
MLT2A1_dup882,0.300068867,0.267546667
MLT2A1_dup883,0,0
MLT2A1_dup884,0,0
MLT2A1_dup885,0,0.213366
MLT2A1_dup886,0,0
MLT2A1_dup887,0,0
MLT2A1_dup888,0,0
MLT2A1_dup889,3.198263333,0.053903
MLT2A1_dup890,0.228675133,0
MLT2A1_dup891,0,0
MLT2A1_dup892,0,0
MLT2A1_dup893,0,0
MLT2A1_dup894,0,0
MLT2A1_dup895,0,0
MLT2A1_dup896,0,0
MLT2A1_dup897,0,0
MLT2A1_dup898,0,0.063452233
MLT2A1_dup899,0,0
MLT2A1_dup900,0,0
MLT2A1_dup901,0.0347096,0
MLT2A1_dup902,0.190439,0.118093167
MLT2A1_dup903,0,0
MLT2A1_dup904,0,0
MLT2A1_dup905,0,0.921151667
MLT2A1_dup906,0,0
MLT2A1_dup907,0,0
MLT2A1_dup908,0,0
MLT2A1_dup909,0.130785667,0
MLT2A1_dup910,0,0
MLT2A1_dup911,0.294764733,0
MLT2A1_dup912,0.315032567,0
MLT2A1_dup913,0,0
MLT2A1_dup914,0,0
MLT2A1_dup915,0,0
MLT2A1_dup916,0,0.26198224
MLT2A1_dup917,0,0.030150557
MLT2A1_dup918,0,0
MLT2A1_dup919,0,0
MLT2A1_dup920,0,0
MLT2A1_dup921,0,0
MLT2A1_dup922,0,0
MLT2A1_dup923,0,0.033644067
MLT2A1_dup924,0,0
MLT2A1_dup925,0,0
MLT2A1_dup926,0,0
MLT2A1_dup927,0.333428267,0
MLT2A1_dup928,0.8960978,0
MLT2A1_dup929,0,0
MLT2A1_dup930,0.0343364,0
MLT2A1_dup931,0,0
MLT2A1_dup932,0,0
MLT2A1_dup933,0,0
MLT2A1_dup934,0.02326619,0.340608
MLT2A1_dup935,0,0.264489033
MLT2A1_dup936,0,0
MLT2A1_dup937,0,0
MLT2A1_dup938,0,0
MLT2A1_dup939,0,0
MLT2A1_dup940,0,0
MLT2A1_dup941,0,0.2023742
MLT2A1_dup942,0,0
MLT2A1_dup943,0,0
MLT2A1_dup944,0.6796208,0
MLT2A1_dup945,0,0
MLT2A1_dup946,0,0
MLT2A1_dup947,0,0
MLT2A1_dup948,0,0
MLT2A1_dup949,0,0
MLT2A1_dup950,0,0
MLT2A1_dup951,0,0
MLT2A1_dup952,0.307802567,0
MLT2A1_dup953,0.088908167,0
MLT2A1_dup954,0,0
MLT2A1_dup955,0,0
MLT2A1_dup956,0,0.138411367
MLT2A1_dup957,0,0
MLT2A1_dup958,0.033088773,0.200350467
MLT2A1_dup959,0,0
MLT2A1_dup960,1.194818667,0
MLT2A1_dup961,0,0
MLT2A1_dup962,0,0
MLT2A1_dup963,0,0
MLT2A1_dup964,1.073516,0.052520867
MLT2A1_dup965,0,0
MLT2A1_dup966,1.002669,0
MLT2A1_dup967,0,0
MLT2A1_dup968,0,0
MLT2A1_dup969,0,0
MLT2A1_dup970,0,0
MLT2A1_dup971,0,0.02994775
MLT2A1_dup972,0.030484817,0
MLT2A1_dup973,0,0
MLT2A1_dup974,0,0
MLT2A1_dup975,0.1734044,0
MLT2A1_dup976,0,0
MLT2A1_dup977,0,0
MLT2A1_dup978,0,0
MLT2A1_dup979,0,0
MLT2A1_dup980,0,0
MLT2A1_dup981,0,0
MLT2A1_dup982,0,0
MLT2A1_dup983,0.02922915,0
MLT2A1_dup984,0,0
MLT2A1_dup985,0,0
MLT2A1_dup986,0,0
MLT2A1_dup987,0,0
MLT2A1_dup988,0,0
MLT2A1_dup989,0,0
MLT2A1_dup990,0,0
MLT2A1_dup991,0,0
MLT2A1_dup992,0,0
MLT2A1_dup993,0.0702149,0.145331933
MLT2A1_dup994,0,0
MLT2A1_dup995,0,0
MLT2A1_dup996,0,0.460575667
MLT2A1_dup997,0,0.034424467
MLT2A1_dup998,0,0
MLT2A1_dup999,0,0
MLT2A1_dup1000,0.377716633,0
MLT2A1_dup1001,0.652102,0.1669587
MLT2A1_dup1002,0,0
MLT2A1_dup1003,0,0
MLT2A1_dup1004,0,0
MLT2A1_dup1005,0,0
MLT2A1_dup1006,0,0
MLT2A1_dup1007,0,0.139083033
MLT2A1_dup1008,0,0.866594333
MLT2A1_dup1009,0,0
MLT2A1_dup1010,0,0
MLT2A1_dup1011,4.564873333,0.0701139
MLT2A1_dup1012,0,0
MLT2A1_dup1013,0,0
MLT2A1_dup1014,0,0
MLT2A1_dup1015,0,0
MLT2A1_dup1016,0,0
MLT2A1_dup1017,0,0
MLT2A1_dup1018,0,0
MLT2A1_dup1019,10.950903,0.026759443
MLT2A1_dup1020,0.168820267,0
MLT2A1_dup1021,0,0
MLT2A1_dup1022,0.068577767,0.034602833
MLT2A1_dup1023,0,0
MLT2A1_dup1024,0,0
MLT2A1_dup1025,0,0
MLT2A1_dup1026,0,0
MLT2A1_dup1027,0.3121612,0
MLT2A1_dup1028,0,0
MLT2A1_dup1029,0,0
MLT2A1_dup1030,0,0
MLT2A1_dup1031,0,0
MLT2A1_dup1032,0.066700467,0
MLT2A1_dup1033,0,0
MLT2A1_dup1034,0,0
MLT2A1_dup1035,0,0
MLT2A1_dup1036,0,0
MLT2A1_dup1037,0.032419133,0
MLT2A1_dup1038,0,0
MLT2A1_dup1039,0,0
MLT2A1_dup1040,0,0
MLT2A1_dup1041,0,0
MLT2A1_dup1042,0.2660404,0
MLT2A1_dup1043,0,0
MLT2A1_dup1044,0,0
MLT2A1_dup1045,0.067185333,0
MLT2A1_dup1046,0,0
MLT2A1_dup1047,0,0
MLT2A1_dup1048,0.080704333,0
MLT2A1_dup1049,0,0
MLT2A1_dup1050,0,0
MLT2A1_dup1051,0,0
MLT2A1_dup1052,0,0
MLT2A1_dup1053,15.534511,0
MLT2A1_dup1054,2.036232333,0
MLT2A1_dup1055,0,0
MLT2A1_dup1056,0,0
MLT2A1_dup1057,0,0
MLT2A1_dup1058,0,0
MLT2A1_dup1059,0,0
MLT2A1_dup1060,0,0.175746
MLT2A1_dup1061,0,0.095065467
MLT2A1_dup1062,0,0
MLT2A1_dup1063,0,0
MLT2A1_dup1064,0,0
MLT2A1_dup1065,0,0
MLT2A1_dup1066,0,0.02731431
MLT2A1_dup1067,0,0.800821833
MLT2A1_dup1068,0,0
MLT2A1_dup1069,0,0
MLT2A1_dup1070,0,0
MLT2A1_dup1071,0,0
MLT2A1_dup1072,0,0
MLT2A1_dup1073,0,1.669587
MLT2A1_dup1074,2.3196323,0.350569333
MLT2A1_dup1075,0,0
MLT2A1_dup1076,1.103770333,0.084967487
MLT2A1_dup1077,0,0
MLT2A1_dup1078,0.2001014,0
MLT2A1_dup1079,0,0
MLT2A1_dup1080,0,0
MLT2A1_dup1081,0,0
MLT2A1_dup1082,0,0
MLT2A1_dup1083,0,0
MLT2A1_dup1084,0,0
MLT2A1_dup1085,0,0
MLT2A1_dup1086,0,0
MLT2A1_dup1087,0.386776133,0.048247233
MLT2A1_dup1088,2.086424667,0.6410163
MLT2A1_dup1089,0,1.120566
MLT2A1_dup1090,0,0
MLT2A1_dup1091,0,0
MLT2A1_dup1092,4.826627333,0
MLT2A1_dup1093,0,0.367976
MLT2A1_dup1094,0,0
MLT2A1_dup1095,0.443770133,0
MLT2A1_dup1096,7.791643,0.601368
MLT2A1_dup1097,0.058324833,0
MLT2A1_dup1098,0,0
MLT2A1_dup1099,0,0
MLT2A1_dup1100,0,0
MLT2A1_dup1101,0,0.1228202
MLT2A1_dup1102,0,0.033143167
MLT2A1_dup866,0.830254,0
MLT2A1_dup1103,0,0
MLT2A1_dup1104,0,0
MLT2A1_dup1105,0,0
MLT2A1_dup1106,3.029420667,0
MLT2A1_dup1107,0,0
MLT2A1_dup1108,0,0
MLT2A1_dup1109,0,0.133417567
MLT2A1_dup1110,0,0
MLT2A1_dup1111,0,0
MLT2A1_dup1112,0,0
MLT2A1_dup1113,0,0
MLT2A1_dup1114,0,0
MLT2A1_dup1115,0,0
MLT2A1_dup1116,0,0
MLT2A1_dup1117,0,0
MLT2A1_dup1118,0,0
MLT2A1_dup1119,0,0
MLT2A1_dup1120,0,0
MLT2A1_dup1121,0,0
MLT2A1_dup1122,0,0
MLT2A1_dup1123,0.998774633,0
MLT2A1_dup1124,0.350749667,0.257796933
MLT2A1_dup1125,0.1580834,0
MLT2A1_dup1126,0,0
MLT2A1_dup1127,0,0
MLT2A1_dup1128,0,0
MLT2A1_dup1129,0,0
MLT2A1_dup1130,0.574197467,0.286843967
MLT2A1_dup1131,0,0.402868667
MLT2A1_dup1132,0.150981267,0
MLT2A1_dup1133,0,0
MLT2A1_dup1134,0,0
MLT2A1_dup1135,0.245102033,0
MLT2A1_dup1136,0,0
MLT2A1_dup1137,0,0
MLT2A1_dup1138,0.506038567,0.054555567
MLT2A1_dup1139,0,0
MLT2A1_dup1140,0,0
MLT2A1_dup1141,0,0
MLT2A1_dup1142,0,0
MLT2A1_dup1143,0,0
MLT2A1_dup1144,0,0
MLT2A1_dup1145,0,0
MLT2A1_dup1146,0,0
MLT2A1_dup1147,0,0
MLT2A1_dup1148,0,0
MLT2A1_dup1149,0,0.053213933
MLT2A1_dup1150,0,0
MLT2A1_dup1151,0,0
MLT2A1_dup1152,0,0
MLT2A1_dup1153,0,0
MLT2A1_dup1154,0,0
MLT2A1_dup1155,0,0
MLT2A1_dup1156,0,0
MLT2A1_dup1157,0,0
MLT2A1_dup1158,0,0
MLT2A1_dup1159,7.7896623,0.4408068
MLT2A1_dup1160,0.6431839,0.032898267
MLT2A1_dup1161,1.551271333,0
MLT2A1_dup1162,0.361560467,0
MLT2A1_dup1163,0,0
MLT2A1_dup1164,0,0
MLT2A1_dup1165,0,0.0596281
MLT2A1_dup1166,0.1205969,0
MLT2A1_dup1167,0.213475967,0.1231032
MLT2A1_dup1168,0,0
MLT2A1_dup1169,0,0
MLT2A1_dup1170,0,0
MLT2A1_dup1171,7.942699333,0
MLT2A1_dup1172,0,0.147585933
MLT2A1_dup1173,0,0
MLT2A1_dup1174,0,0
MLT2A1_dup1175,0,0
MLT2A1_dup1176,0.066353967,0.034692733
MLT2A1_dup1177,0.103426233,0.091220433
MLT2A1_dup1178,0,0.241750167
MLT2A1_dup1179,0,0
MLT2A1_dup1180,0,0.651546333
MLT2A1_dup1181,0,0
MLT2A1_dup1182,0,0
MLT2A1_dup1183,0,0
MLT2A1_dup1184,0.101460033,0
MLT2A1_dup1185,0,0
MLT2A1_dup1186,0,0
MLT2A1_dup1187,0.330910333,0
MLT2A1_dup1188,0,0
MLT2A1_dup1189,0,0
MLT2A1_dup1190,0,0
MLT2A1_dup1191,0,0.3021877
MLT2A1_dup1192,0,0
MLT2A1_dup1193,0,0
MLT2A1_dup1194,0,0
MLT2A1_dup1195,0,0
MLT2A1_dup1196,4.3575474,0
MLT2A1_dup1197,0.829754133,0.051091733
MLT2A1_dup1198,0,0
MLT2A1_dup1199,0,0
MLT2A1_dup1200,0,0
MLT2A1_dup1201,0.316342233,0
MLT2A1_dup1202,0,0
MLT2A1_dup1203,0,0
MLT2A1_dup1204,0,0
MLT2A1_dup1205,0,0
MLT2A1_dup1206,0,0
MLT2A1_dup1207,0,0
MLT2A1_dup1208,0,0
MLT2A1_dup1209,0,0
MLT2A1_dup1210,0.202748233,0
MLT2A1_dup1211,0,0
MLT2A1_dup1212,0,0
MLT2A1_dup1213,0.522361267,0
MLT2A1_dup1214,0.672386293,0
MLT2A1_dup1215,0,0
MLT2A1_dup1216,0,0
MLT2A1_dup1217,0,0
MLT2A1_dup1218,0,0
MLT2A1_dup1219,0.1646023,0
MLT2A1_dup1220,0,0.224549767
MLT2A1_dup1221,0,0.028960733
MLT2A1_dup1222,0,0
MLT2A1_dup1223,0,0
MLT2A1_dup1224,0,0
MLT2A1_dup1225,0,0
MLT2A1_dup1226,0,0
MLT2A1_dup1227,0,0.032737003
MLT2A1_dup1228,0,0
MLT2A1_dup1229,0.3236066,0.097970867
MLT2A1_dup1230,0,0
MLT2A1_dup1231,0,0
MLT2A1_dup1232,0,0
MLT2A1_dup1233,0,0
MLT2A1_dup1234,0,0
MLT2A1_dup1235,0,0
MLT2A1_dup1236,0,0
MLT2A1_dup1237,0,0
MLT2A1_dup1238,0.386318667,0.3277086
MLT2A1_dup1239,0,0
MLT2A1_dup1240,0,0
MLT2A1_dup1241,0,0
MLT2A1_dup1242,0,0
MLT2A1_dup1243,0,0
MLT2A1_dup1244,1.020450833,0
MLT2A1_dup1245,1.353481667,0
MLT2A1_dup1246,0,0
MLT2A1_dup1247,0.0348303,0
MLT2A1_dup1248,0,0
MLT2A1_dup1249,0,0
MLT2A1_dup1250,0,0
MLT2A1_dup1251,0.185112033,0
MLT2A1_dup1252,0.157191333,0
MLT2A1_dup1253,0.203623233,0.086659433
MLT2A1_dup1254,0,0
MLT2A1_dup1255,0,0
MLT2A1_dup1256,0,0
MLT2A1_dup1257,0,0
MLT2A1_dup1258,0,0
MLT2A1_dup1259,0,0
MLT2A1_dup1260,0,0
MLT2A1_dup1261,1.182714567,0
MLT2A1_dup1262,0,0
MLT2A1_dup1263,0.682163333,0.03180166
MLT2A1_dup1264,0,0
MLT2A1_dup1265,0.064563467,0
MLT2A1_dup1266,0,0
MLT2A1_dup1267,0,0
MLT2A1_dup1268,0,0
MLT2A1_dup1269,0,0
MLT2A1_dup1270,0,0.208624533
MLT2A1_dup1271,0,0.116743267
MLT2A1_dup1272,0,0
MLT2A1_dup1273,0,0
MLT2A1_dup1274,0,0.142682667
MLT2A1_dup1275,0.033263383,0.0526184
MLT2A1_dup1276,0,0
MLT2A1_dup1277,0.239084033,0.029568833
MLT2A1_dup1278,0,0
MLT2A1_dup1279,0,0.848044333
MLT2A1_dup1280,0.123411967,0
MLT2A1_dup1281,0,0
MLT2A1_dup1282,0,0
MLT2A1_dup1283,0,0
MLT2A1_dup1284,0.967607767,0
MLT2A1_dup1285,0,0
MLT2A1_dup1286,0.176207733,0.030846873
MLT2A1_dup1287,0.117420533,0
MLT2A1_dup1288,0,0.033729033
MLT2A1_dup1289,0,0
MLT2A1_dup1290,0,0
MLT2A1_dup1291,0,0
MLT2A1_dup1292,0,0
MLT2A1_dup1293,0,0
MLT2A1_dup1294,0,0
MLT2A1_dup1295,0,0
MLT2A1_dup1296,0,0
MLT2A1_dup1297,0,0
MLT2A1_dup1298,0,0
MLT2A1_dup1299,0,0.1712192
MLT2A1_dup1300,0,0.079191957
MLT2A1_dup1301,2.290700333,0
MLT2A1_dup1302,0.03151312,0
MLT2A1_dup1303,0.6082456,0
MLT2A1_dup1304,0,0
MLT2A1_dup1305,0,0
MLT2A1_dup1306,0,0
MLT2A1_dup1307,0,0
MLT2A1_dup1308,0,0
MLT2A1_dup1309,0,0
MLT2A1_dup1310,0,0
MLT2A1_dup1311,0,0
MLT2A1_dup1312,0,0
MLT2A1_dup1313,0,0
MLT2A1_dup1314,0,0
MLT2A1_dup1315,0,0
MLT2A1_dup1316,0,0
MLT2A1_dup1317,0,0
MLT2A1_dup1318,0,0
MLT2A1_dup1319,0,0
MLT2A1_dup1320,0,0
MLT2A1_dup1321,0,0
MLT2A1_dup1322,0,0
MLT2A1_dup1323,24.85006667,0
MLT2A1_dup1324,0,0
MLT2A1_dup1325,0,0
MLT2A1_dup1326,0,0
MLT2A1_dup1327,0,0
MLT2A1_dup1328,0,0
MLT2A1_dup1329,0,0
MLT2A1_dup1330,0.483931,0
MLT2A1_dup1331,0,0
MLT2A1_dup1332,0,0
MLT2A1_dup1333,0,0
MLT2A1_dup1334,0,0
MLT2A1_dup1335,0,0
MLT2A1_dup1336,0,0
MLT2A1_dup1337,0,0
MLT2A1_dup1338,9.840965333,0.253379067
MLT2A1_dup1339,0,0
MLT2A1_dup1340,0,0
MLT2A1_dup1341,0,0
MLT2A1_dup1342,0,0
MLT2A1_dup1343,3.327685,0
MLT2A1_dup1344,4.579735333,0
MLT2A1_dup1345,0.1623989,0
MLT2A1_dup1346,0,0.450629
MLT2A1_dup1347,1.6223531,0
MLT2A1_dup1348,0,0
MLT2A1_dup1349,0,0
MLT2A1_dup1350,0.091913267,0
MLT2A1_dup1351,2.500450333,0
MLT2A1_dup1352,13.74419667,0.024175377
MLT2A1_dup1353,0,0
MLT2A1_dup1354,0,0
MLT2A1_dup1355,0,0
MLT2A1_dup1356,0,0
MLT2A1_dup1357,0,0
MLT2A1_dup1358,0.745116633,0.1415292
MLT2A1_dup1359,0,0
MLT2A1_dup1360,0,0
MLT2A1_dup1361,0,0
MLT2A1_dup1362,0,0
MLT2A1_dup1363,0.4985427,0
MLT2A1_dup1364,0.252586067,0
MLT2A1_dup1365,0.551479667,0
MLT2A1_dup1366,1.2539079,0
MLT2A1_dup1367,0.311423767,0
MLT2A1_dup1368,0.307802567,0
MLT2A1_dup1369,0,0
MLT2A1_dup1370,0.984968333,0
MLT2A1_dup1371,0,0
MLT2A1_dup1372,0,0
MLT2A1_dup1373,0,0
MLT2A1_dup1374,0.487945,0
MLT2A1_dup1375,0.470113667,0
MLT2A1_dup1376,0,0
MLT2A1_dup1377,0,0
MLT2A1_dup1378,0,0
MLT2A1_dup1379,0,0
MLT2A1_dup1380,0,0
MLT2A1_dup1381,0,0
MLT2A1_dup1382,0,0
MLT2A1_dup1383,0.282357533,0.0901258
MLT2A1_dup1384,0,0
MLT2A1_dup1385,0,0
MLT2A1_dup1386,0,0
MLT2A1_dup1387,0,0
MLT2A1_dup1388,0,0
MLT2A1_dup1389,0,0
MLT2A1_dup1390,0,0
MLT2A1_dup1391,0,0
MLT2A1_dup1392,1.053836667,0
MLT2A1_dup1393,0,0
MLT2A1_dup1394,4.051523,0
MLT2A1_dup1395,2.1745273,0
MLT2A1_dup1396,0.0583062,0
MLT2A1_dup1397,0.202068867,0
MLT2A1_dup1398,0.092989533,0
MLT2A1_dup1399,0,0
MLT2A1_dup1400,0,0
MLT2A1_dup1401,0,0
MLT2A1_dup1402,0,0.026036447
MLT2A1_dup1403,0.655813667,0
MLT2A1_dup1404,0,0
MLT2A1_dup1405,0,0
MLT2A1_dup1406,0,0
MLT2A1_dup1407,0,0
MLT2A1_dup1408,0.1769443,0
MLT2A1_dup1409,0,0
MLT2A1_dup1410,0,0
MLT2A1_dup1411,0.0596194,0
MLT2A1_dup1412,0.029809707,0
MLT2A1_dup1413,0,0
MLT2A1_dup1414,0,0
MLT2A1_dup1415,0,0
MLT2A1_dup1416,3.095513333,0
MLT2A1_dup1417,0,0
MLT2A1_dup1418,0,0
MLT2A1_dup1419,5.769323333,0
MLT2A1_dup1420,0.654882,0
MLT2A1_dup1421,0,1.453642
MLT2A1_dup1422,0,0
MLT2A1_dup1423,0.1358882,0
MLT2A1_dup1424,0,0
MLT2A1_dup1425,0,0
MLT2A1_dup1426,0.173694367,0
MLT2A1_dup1427,2.259721333,0
MLT2A1_dup1428,0,0
MLT2A1_dup1429,0,0.0608958
MLT2A1_dup1430,1.097579,0
MLT2A1_dup1431,1.625413333,0
MLT2A1_dup1432,1.592241667,0.1694094
MLT2A1_dup1433,0,0.193818933
MLT2A1_dup1434,0.101551233,0
MLT2A1_dup1435,0,0
MLT2A1_dup1436,0,0
MLT2A1_dup1437,0,0.1291941
MLT2A1_dup1438,0,0
MLT2A1_dup1439,0,0
MLT2A1_dup1440,0,0
MLT2A1_dup1441,0,0
MLT2A1_dup1442,0.135401633,0
MLT2A1_dup1443,0,0
MLT2A1_dup1444,0,0
MLT2A1_dup1445,0,0
MLT2A1_dup1446,1.710014333,0.0291104
MLT2A1_dup1447,0,0
MLT2A1_dup1448,0,0
MLT2A1_dup1449,0.0588245,0
MLT2A1_dup1450,0,0
MLT2A1_dup1451,0,0
MLT2A1_dup1452,0,0
MLT2A1_dup1453,0.09042433,0.207663133
MLT2A1_dup1454,0.057296567,0
MLT2A1_dup1456,4.246401333,0
MLT2A1_dup1457,0,0
MLT2A1_dup1458,0,0
MLT2A1_dup1459,0.258696467,0
MLT2A1_dup1460,0,0
MLT2A1_dup1461,0,0
MLT2A1_dup1462,0.035107467,0
MLT2A1_dup1463,0,0
MLT2A1_dup1464,2.018215667,0.128311233
MLT2A1_dup1465,0,0.451575
MLT2A1_dup1466,0,0
MLT2A1_dup1467,0,0.033143167
MLT2A1_dup1468,0.210512667,0.027147757
MLT2A1_dup1469,0.280507133,0
MLT2A1_dup1470,0,0
MLT2A1_dup1471,4.5522511,0
MLT2A1_dup1472,1.734044,0
MLT2A1_dup1473,0,0
MLT2A1_dup1474,0.094897933,0.028024193
MLT2A1_dup1475,0,0
MLT2A1_dup1476,0,0
MLT2A1_dup1477,0,0
MLT2A1_dup1478,0,0
MLT2A1_dup1479,0,0
MLT2A1_dup1480,0,0
MLT2A1_dup1481,0,0
MLT2A1_dup1482,0,0
MLT2A1_dup1483,0,0
MLT2A1_dup1484,0,0
MLT2A1_dup1485,0,0
MLT2A1_dup1486,0,0
MLT2A1_dup1487,0.029499167,0
MLT2A1_dup1488,0.02902986,0
MLT2A1_dup1489,0,0
MLT2A1_dup1490,0,0
MLT2A1_dup1491,0.9225962,0
MLT2A1_dup1492,0,0.02754456
MLT2A1_dup1493,0,0
MLT2A1_dup1494,0,0
MLT2A1_dup1495,0.115593967,0.058840067
MLT2A1_dup1496,0,0
MLT2A1_dup1497,0,0
MLT2A1_dup1498,7.698187333,0
MLT2A1_dup1499,0,0
MLT2A1_dup1500,2.0860186,0
MLT2A1_dup1501,0,0
MLT2A1_dup1502,0,0
MLT2A1_dup1503,0,0
MLT2A1_dup1504,8.741516667,0.414414797
MLT2A1_dup1505,0,0
MLT2A1_dup1506,0,0
MLT2A1_dup1507,0,0
MLT2A1_dup1508,0,0
MLT2A1_dup1509,0,0
MLT2A1_dup1510,0,0
MLT2A1_dup1511,0.0337022,0
MLT2A1_dup1512,0,0
MLT2A1_dup1513,0,0
MLT2A1_dup1514,0,0.124345767
MLT2A1_dup1515,0,0
MLT2A1_dup1516,0,0
MLT2A1_dup1517,0,0
MLT2A1_dup1518,0,0.032817437
MLT2A1_dup1519,0,0
MLT2A1_dup1520,0,0
MLT2A1_dup1521,0,0
MLT2A1_dup1522,0,0
MLT2A1_dup1523,0,0
MLT2A1_dup1524,0,0
MLT2A1_dup1525,0,0
MLT2A1_dup1526,0.4696872,0
MLT2A1_dup1527,0,0
MLT2A1_dup1528,0,0
MLT2A1_dup1455,0,0
MLT2A1_dup1529,0,0
MLT2A1_dup1530,0,0
MLT2A1_dup1531,0,0
MLT2A1_dup1532,0,0
MLT2A1_dup1533,0.263383633,0
MLT2A1_dup1534,0,0.1186589
MLT2A1_dup1535,0,0
MLT2A1_dup1536,0,0
MLT2A1_dup1537,0,0
MLT2A1_dup1538,0,0
MLT2A1_dup1539,0,0
MLT2A1_dup1540,0,0
MLT2A1_dup1541,0,0
MLT2A1_dup1542,0.368583667,0
MLT2A1_dup1543,0,0
MLT2A1_dup1544,0.247421567,0
MLT2A1_dup1545,0.835742867,0.634594333
MLT2A1_dup1546,0,0
MLT2A1_dup1547,0.135056233,0
MLT2A1_dup1548,1.382057633,0
MLT2A1_dup1549,0.628924067,0
MLT2A1_dup1550,2.592822,0
MLT2A1_dup1551,0,0
MLT2A1_dup1552,0,0
MLT2A1_dup1553,0,0
MLT2A1_dup1554,0,0
MLT2A1_dup1555,0,0
MLT2A1_dup1556,0.060298467,0
MLT2A1_dup1557,0.216531867,0
MLT2A1_dup1558,0,0
MLT2A1_dup1559,0,0
MLT2A1_dup1560,0,0
MLT2A1_dup1561,0,0
MLT2A1_dup1562,0,0
MLT2A1_dup1563,0,0.030287293
MLT2A1_dup1564,0.255142367,0
MLT2A1_dup1565,0.566369133,0
MLT2A1_dup1566,0,0
MLT2A1_dup1567,0.058710267,0
MLT2A1_dup1568,0,0
MLT2A1_dup1569,0.090037467,0
MLT2A1_dup1570,0,0.084115697
MLT2A1_dup1571,0,0.278264533
MLT2A1_dup1572,0,0.030150557
MLT2A1_dup1573,0,0
MLT2A1_dup1574,0,0
MLT2A1_dup1575,0,0
MLT2A1_dup1576,0.05703651,0
MLT2A1_dup1577,0,0
MLT2A1_dup1578,0,0
MLT2A1_dup1579,0,0
MLT2A1_dup1580,0,0
MLT2A1_dup1581,0,0
MLT2A1_dup1582,0,0
MLT2A1_dup1583,0.348303,0
MLT2A1_dup1584,0.516488133,0.138399567
MLT2A1_dup1585,0.0591349,0.026078067
MLT2A1_dup1586,1.0208314,0
MLT2A1_dup1587,0,0.146308133
MLT2A1_dup1588,0,0.02872408
MLT2A1_dup1589,0,0.0568976
MLT2A1_dup1590,0,0.0816357
MLT2A1_dup1591,0,0.157196167
MLT2A1_dup1592,0,0
MLT2A1_dup1593,0.03128962,0
MLT2A1_dup1594,0,0
MLT2A1_dup1595,0,0
MLT2A1_dup1596,0,0
MLT2A1_dup1597,0,0
MLT2A1_dup1598,0,0
MLT2A1_dup1599,3.228001333,0
MLT2A1_dup1600,0,0
MLT2A1_dup1601,0,0.2800871
MLT2A1_dup1602,0,0.388473333
MLT2A1_dup1603,0,0
MLT2A1_dup1604,0,0
MLT2A1_dup1605,0,0
MLT2A1_dup1606,0,0
MLT2A1_dup1607,0,0
MLT2A1_dup1608,0,0
MLT2A1_dup1609,0,0
MLT2A1_dup1610,0,0
MLT2A1_dup1611,0,0
MLT2A1_dup1612,0.3139465,0.025202963
MLT2A1_dup1613,0,0
MLT2A1_dup1614,2.205918333,0
MLT2A1_dup1615,0.529828503,0.173318867
MLT2A1_dup1616,0.655218633,0.387663733
MLT2A1_dup1617,0,0
MLT2A1_dup1618,0.2081055,0
MLT2A1_dup1619,0.197663067,0
MLT2A1_dup1620,0,0
MLT2A1_dup1621,0,0
MLT2A1_dup1622,0,0
MLT2A1_dup1623,0,0
MLT2A1_dup1624,0,0
MLT2A1_dup1625,0,0
MLT2A1_dup1626,0,0
MLT2A1_dup1627,0,0
MLT2A1_dup1628,0,0
MLT2A1_dup1629,0,0
MLT2A1_dup1630,0,0
MLT2A1_dup1631,2.673885333,0
MLT2A1_dup1632,0,0
MLT2A1_dup1633,0,0
MLT2A1_dup1634,0,0
MLT2A1_dup1635,0,0
MLT2A1_dup1636,0,0
MLT2A1_dup1637,0,0
MLT2A1_dup1638,0,0.058523233
MLT2A1_dup1639,0,1.008871
MLT2A1_dup1640,1.071836733,0
MLT2A1_dup1641,0,0
MLT2A1_dup1642,0.227242267,0.571864333
MLT2A1_dup1643,0,0
MLT2A1_dup1644,0.984698667,0
MLT2A1_dup1645,0,0
MLT2A1_dup1646,0,0
MLT2A1_dup1647,0,0
MLT2A1_dup1648,0,0
MLT2A1_dup1649,0,0
MLT2A1_dup1650,0,0.229912767
MLT2A1_dup1651,0.420847633,0
MLT2A1_dup1652,0.0867022,0.232465567
MLT2A1_dup1653,0,0
MLT2A1_dup1654,0,0
MLT2A1_dup1655,0.238477667,0
MLT2A1_dup1656,0.192283433,0
MLT2A1_dup1657,0,0
MLT2A1_dup1658,0.2414492,0.580229167
MLT2A1_dup1659,0,0
MLT2A1_dup1660,0,0
MLT2A1_dup1661,0.0575457,0
MLT2A1_dup1662,0,0
MLT2A1_dup1663,0,0
MLT2A1_dup1664,0.030780257,0
MLT2A1_dup1665,0,0
MLT2A1_dup1666,0,0
MLT2A1_dup1667,0,0
MLT2A1_dup1668,0,0
MLT2A1_dup1669,1.0464941,0
MLT2A1_dup1670,0,0
MLT2A1_dup1671,0,0
MLT2A1_dup1672,0,0
MLT2A1_dup1673,0.145270033,0
MLT2A1_dup1674,0,1.502096667
MLT2A1_dup1675,1.324873333,0.071046267
MLT2A1_dup1676,0.444130733,0
MLT2A1_dup1677,0.773597467,0
MLT2A1_dup1678,0.3669404,0
MLT2A1_dup1679,0,0.536463
MLT2A1_dup1680,0.100656933,0.148624333
MLT2A1_dup1681,0,0.078415733
MLT2A1_dup1682,0,0
MLT2A1_dup1683,0,0
MLT2A1_dup1684,0,0
MLT2A1_dup1685,0.867800787,0
MLT2A1_dup1686,0.033613533,0
MLT2A1_dup1687,0,0
MLT2A1_dup1688,0,0
MLT2A1_dup1689,0.270112433,0.076104687
MLT2A1_dup1690,0,0
MLT2A1_dup1691,0,0
MLT2A1_dup1692,24.76525,0
MLT2A1_dup1693,0,0
MLT2A1_dup1694,0,0
MLT2A1_dup1695,0.930035733,0
MLT2A1_dup1696,0,0.312148567
MLT2A1_dup1697,0,0
MLT2A1_dup1698,0,0
MLT2A1_dup1699,0,0
MLT2A1_dup1700,0,0
MLT2A1_dup1701,0,0
MLT2A1_dup1702,0,0
MLT2A1_dup1703,0,0
MLT2A1_dup1704,0,0
MLT2A1_dup1705,0,0
MLT2A1_dup1706,0,0
MLT2A1_dup1707,0,0
MLT2A1_dup1708,0,0.028024193
MLT2A1_dup1709,0,0.1564684
MLT2A1_dup1710,0,0
MLT2A1_dup1711,0,0
MLT2A1_dup1712,0,0
MLT2A1_dup1713,0,0
MLT2A1_dup1714,0,0.209583563
MLT2A1_dup1715,0,0
MLT2A1_dup1716,0,0
MLT2A1_dup1717,0,0
MLT2A1_dup1718,0,0
MLT2A1_dup1719,0,0
MLT2A1_dup1720,0,0
MLT2A1_dup1721,0,0
MLT2A1_dup1722,0,0
MLT2A1_dup1723,0,0
MLT2A1_dup1724,0,0
MLT2A1_dup1725,0.105884067,0
MLT2A1_dup1726,0,0
MLT2A1_dup1727,0.733019867,0
MLT2A1_dup1728,0,0
MLT2A1_dup1729,0.778265873,0
MLT2A1_dup1730,16.24813067,1.041109267
MLT2A1_dup1731,0.1000507,0.0178819
MLT2A1_dup1732,0.817777333,0
MLT2A1_dup1733,1.409726833,0.1300892
MLT2A1_dup1734,0,0
MLT2A1_dup1735,0,0
MLT2A1_dup1736,0.7749487,0
MLT2A1_dup1737,0,0.1173513
MLT2A1_dup1738,0,0
MLT2A1_dup1739,0.450527667,0
MLT2A1_dup1740,0.029809707,0
MLT2A1_dup1741,0.030080703,0.182136767
MLT2A1_dup1742,0,0.3008265
MLT2A1_dup1743,1.658289133,0
MLT2A1_dup1744,0,0
MLT2A1_dup1745,0.8351604,0
MLT2A1_dup1746,0,0
MLT2A1_dup1747,6.419635667,0
MLT2A1_dup1748,0,0
MLT2A1_dup1749,0,0
MLT2A1_dup1750,0,0
MLT2A1_dup1751,0.02631314,0
MLT2A1_dup1752,14.98760473,0.058070733
MLT2A1_dup1753,0,0
MLT2A1_dup1754,2.656679,0
MLT2A1_dup1755,0,0
MLT2A1_dup1756,0.038824133,0
MLT2A1_dup1757,2.497594667,0.862319767
MLT2A1_dup1758,0.992890933,0
MLT2A1_dup1759,1.414730333,0
MLT2A1_dup1760,0,0
MLT2A1_dup1761,0,0
MLT2A1_dup1762,0.445219667,0
MLT2A1_dup1763,0,0
MLT2A1_dup1764,0,0
MLT2A1_dup1765,0.182095333,0
MLT2A1_dup1766,0.169405033,0.02988256
MLT2A1_dup1767,0,0
MLT2A1_dup1768,0,0
MLT2A1_dup1769,0,0
MLT2A1_dup1770,0,0
MLT2A1_dup1771,0,0
MLT2A1_dup1772,0,0
MLT2A1_dup1773,0.060298467,0.243402233
MLT2A1_dup1774,0,0
MLT2A1_dup1775,0,0
MLT2A1_dup1776,0,0
MLT2A1_dup1777,0,0
MLT2A1_dup1778,0,0
MLT2A1_dup1779,0,0
MLT2A1_dup1780,0,0
MLT2A1_dup1781,0,0
MLT2A1_dup1782,0,0
MLT2A1_dup1783,0,0.092734233
MLT2A1_dup1784,0.355506,0
MLT2A1_dup1785,0.569631933,0
MLT2A1_dup1786,0,0
MLT2A1_dup1787,0,0
MLT2A1_dup1788,0,0
MLT2A1_dup1789,0,0
MLT2A1_dup1790,0,0
MLT2A1_dup1791,0,0
MLT2A1_dup1792,0,0
MLT2A1_dup1793,0,0
MLT2A1_dup1794,0,0
MLT2A1_dup1795,0,0
MLT2A1_dup1796,0,0
MLT2A1_dup1797,0,0.03070505
MLT2A1_dup1798,0,0
MLT2A1_dup1799,0,0
MLT2A1_dup1800,0,0
MLT2A1_dup1801,0,0
MLT2A1_dup1802,0,0.083449833
MLT2A1_dup1803,1.503882867,0
MLT2A1_dup1804,0,0
MLT2A1_dup1805,1.2279877,0
MLT2A1_dup1806,5.792051,0
MLT2A1_dup1807,0.123772793,0
MLT2A1_dup1808,0,0
MLT2A1_dup1809,0.029431197,0
MLT2A1_dup1810,0,0
MLT2A1_dup1811,0,0
MLT2A1_dup1812,0,0
MLT2A1_dup1813,0,0
MLT2A1_dup1814,0,0
MLT2A1_dup1815,0,0.060850567
MLT2A1_dup1816,0.291624167,0
MLT2A1_dup1817,0,0
MLT2A1_dup1818,0,0
MLT2A1_dup1819,0,0
MLT2A1_dup1820,0,0
MLT2A1_dup1821,0,0
MLT2A1_dup1822,0,0
MLT2A1_dup1823,0,0
MLT2A1_dup1824,0,0.030919943
MLT2A1_dup1825,0,0
MLT2A1_dup1826,0,0
MLT2A1_dup1827,0,0
MLT2A1_dup1828,0,0
MLT2A1_dup1829,0,0.0901258
MLT2A1_dup1830,0,0
MLT2A1_dup1831,1.040426333,0
MLT2A1_dup1832,0.032761163,0
MLT2A1_dup1833,0,0
MLT2A1_dup1834,0,0
MLT2A1_dup1835,4.26903,0
MLT2A1_dup1836,6.982172667,0
MLT2A1_dup1837,0,0
MLT2A1_dup1838,0,0
MLT2A1_dup1839,0,0
MLT2A1_dup1840,0,0
MLT2A1_dup1841,0,0
MLT2A1_dup1842,14.27728233,0
MLT2A1_dup1843,0,0
MLT2A1_dup1844,0,0
MLT2A1_dup1845,0,0.230287867
MLT2A1_dup1846,0,0
MLT2A1_dup1847,0,0
MLT2A1_dup1848,1.1019059,0
MLT2A1_dup1849,0,0
MLT2A1_dup1850,0,0
MLT2A1_dup1851,0,0
MLT2A1_dup1852,0,0
MLT2A1_dup1853,0,0
MLT2A1_dup1854,0,0
MLT2A1_dup1855,0,0
MLT2A1_dup1856,0,0
MLT2A1_dup1857,0,0
MLT2A1_dup1858,0.3282816,0
MLT2A1_dup1859,0,0
MLT2A1_dup1860,1.439765933,0.149403767
MLT2A1_dup1861,0,0.3257731
MLT2A1_dup1862,0.0605744,0.152822633
MLT2A1_dup1863,0.209991353,0
MLT2A1_dup1864,0,0
MLT2A1_dup1865,0.306555333,0
MLT2A1_dup1866,0,0
MLT2A1_dup1867,0.118704133,0.328610417
MLT2A1_dup1868,0,0
MLT2A1_dup1869,1.309006333,0
MLT2A1_dup1870,0,0
MLT2A1_dup1871,0.280513513,0
MLT2A1_dup1872,0,0
MLT2A1_dup1873,0,0
MLT2A1_dup1874,1.7068193,0.02543053
MLT2A1_dup1875,0,0
MLT2A1_dup1876,0,0
MLT2A1_dup1877,6.124288333,0.065881433
MLT2A1_dup1878,0.1818647,0.160938933
MLT2A1_dup1879,0.177657867,0.186775567
MLT2A1_dup1880,0.1107574,0
MLT2A1_dup1881,0,0.017560943
MLT2A1_dup1882,0,0
MLT2A1_dup1884,0,0
MLT2A1_dup1885,0,0.2309602
MLT2A1_dup1886,0,0
MLT2A1_dup1887,0,0
MLT2A1_dup1888,0,0
MLT2A1_dup1889,0,0
MLT2A1_dup1890,0,0
MLT2A1_dup1891,0.211044567,0.219587067
MLT2A1_dup1892,0.121986267,0
MLT2A1_dup1893,0,0
MLT2A1_dup1894,15.15706333,0
MLT2A1_dup1895,0,0
MLT2A1_dup1896,0.1650313,0
MLT2A1_dup1897,0,0
MLT2A1_dup1898,4.853076333,0.385812667
MLT2A1_dup1899,0,0.185509667
MLT2A1_dup1900,0.241891133,0
MLT2A1_dup1901,0.512534633,0.074443133
MLT2A1_dup1902,0,0.047810527
MLT2A1_dup1903,0,0
MLT2A1_dup1904,0,0
MLT2A1_dup1905,0,0.490545333
MLT2A1_dup1906,0.055728467,0
MLT2A1_dup1907,0,0
MLT2A1_dup1908,0,0
MLT2A1_dup1909,0,0
MLT2A1_dup1910,0,0
MLT2A1_dup1911,0,0
MLT2A1_dup1912,0.032599777,0
MLT2A1_dup1913,0,0.494692333
MLT2A1_dup1914,0,0
MLT2A1_dup1915,0,0
MLT2A1_dup1916,2.723605667,0.216505413
MLT2A1_dup1917,0,0.889399333
MLT2A1_dup1918,0,0
MLT2A1_dup1919,0.0658483,0
MLT2A1_dup1920,0,0
MLT2A1_dup1921,0,0
MLT2A1_dup1922,0.638476667,0
MLT2A1_dup1923,0.947443967,0
MLT2A1_dup1924,6.439197667,0.017651463
MLT2A1_dup1925,1.763370667,0
MLT2A1_dup1926,0,0
MLT2A1_dup1927,0,0
MLT2A1_dup1928,0,0
MLT2A1_dup1929,0,0
MLT2A1_dup1930,0,0
MLT2A1_dup1931,0,0.133566967
MLT2A1_dup1932,0,0
MLT2A1_dup1933,0,0
MLT2A1_dup1934,0.0975677,0
MLT2A1_dup1935,0,0
MLT2A1_dup1936,0,0
MLT2A1_dup1937,0,0
MLT2A1_dup1938,0,0
MLT2A1_dup1939,0.299994367,0
MLT2A1_dup1940,0,0
MLT2A1_dup1941,0.607145333,0
MLT2A1_dup1942,0,0
MLT2A1_dup1943,0,0
MLT2A1_dup1944,0,0
MLT2A1_dup1945,0,0
MLT2A1_dup1946,0,0
MLT2A1_dup1947,33.05727433,0.549547667
MLT2A1_dup1948,21.60244333,0.2566874
MLT2A1_dup1949,0,0
MLT2A1_dup1950,0,0
MLT2A1_dup1951,0,0
MLT2A1_dup1952,1.173116667,0
MLT2A1_dup1953,0,0.123673133
MLT2A1_dup1954,0.0633278,0.03195382
MLT2A1_dup1955,0,0
MLT2A1_dup1956,0,0
MLT2A1_dup1957,0,0
MLT2A1_dup1958,0,0
MLT2A1_dup1959,0,0
MLT2A1_dup1960,0,0
MLT2A1_dup1961,0,0
MLT2A1_dup1962,0,0
MLT2A1_dup1963,0,0
MLT2A1_dup1964,0,0
MLT2A1_dup1965,0,0
MLT2A1_dup1966,0,0.598607
MLT2A1_dup1967,0,0.489197667
MLT2A1_dup1968,0,0.0507465
MLT2A1_dup1969,4.283582667,0.6639841
MLT2A1_dup1970,0,0
MLT2A1_dup1971,0,0
MLT2A1_dup1972,0,0
MLT2A1_dup1973,0,0
MLT2A1_dup1974,0,0
MLT2A1_dup1975,0,0
MLT2A1_dup1976,0.394554333,0.796334333
MLT2A1_dup1977,0,0
MLT2A1_dup1978,0.101034433,0
MLT2A1_dup1979,0,0
MLT2A1_dup1980,0,0
MLT2A1_dup1981,0.230469067,0.336290333
MLT2A1_dup1982,2.314889,0.300727767
MLT2A1_dup1983,0,0.052398733
MLT2A1_dup1984,0,0
MLT2A1_dup1985,0,0
MLT2A1_dup1986,0.121705833,0
MLT2A1_dup1987,0,0
MLT2A1_dup1988,0,0
MLT2A1_dup1989,0,0.084761967
MLT2A1_dup1990,0.02947775,0
MLT2A1_dup1991,0,0
MLT2A1_dup1992,0,0
MLT2A1_dup1993,0.105322367,0
MLT2A1_dup1994,0,0
MLT2A1_dup1995,0,0
MLT2A1_dup1996,0,0
MLT2A1_dup1883,0.089228167,0
MLT2A1_dup1997,0,0
MLT2A1_dup1998,0,0
MLT2A1_dup1999,0,0
MLT2A1_dup2000,0,0
MLT2A1_dup2001,0,0
MLT2A1_dup2002,0,0
MLT2A1_dup2003,0,0
MLT2A1_dup2004,0,0
MLT2A1_dup2005,0.951650667,0
MLT2A1_dup2006,0,0
MLT2A1_dup2007,0,0
MLT2A1_dup2008,0,0
MLT2A1_dup2009,0,0
MLT2A1_dup2010,0,0
MLT2A1_dup2011,0.110603133,0
MLT2A1_dup2012,0,0
MLT2A1_dup2013,0,0.120506597
MLT2A1_dup2014,0.02921746,0
MLT2A1_dup2015,0,0
MLT2A1_dup2016,0,0.1045543
MLT2A1_dup2017,0.427938,0.078053533
MLT2A1_dup2018,5.5396638,1.182011367
MLT2A1_dup2019,0.515526667,4.251749667
MLT2A1_dup2020,0,0
MLT2A1_dup2021,0,0
MLT2A1_dup2022,0,0
MLT2A1_dup2023,0.1316966,0
MLT2A1_dup2024,0,0
MLT2A1_dup2025,0,0
MLT2A1_dup2026,0,0
MLT2A1_dup2027,0,0
MLT2A1_dup2028,0.334370667,0
MLT2A1_dup2029,0,0
MLT2A1_dup2030,0,0
MLT2A1_dup2031,0,0.242849033
MLT2A1_dup2032,0.0338504,0
MLT2A1_dup2033,0,0.026138573
MLT2A1_dup2034,0.1231146,0
MLT2A1_dup2035,0,0
MLT2A1_dup2036,0,0
MLT2A1_dup2037,0,0
MLT2A1_dup2038,0,0
MLT2A1_dup2039,0,0
MLT2A1_dup2040,0,0
MLT2A1_dup2041,0,0
MLT2A1_dup2042,0,0
MLT2A1_dup2043,0.471494,0.01742689
MLT2A1_dup2044,0,0
MLT2A1_dup2045,0,0
MLT2A1_dup2046,0,0
MLT2A1_dup2047,0,0
MLT2A1_dup2048,0,0
MLT2A1_dup2049,0,0
MLT2A1_dup2050,0.064186633,0
MLT2A1_dup2051,0.254326467,0
MLT2A1_dup2052,0,0
MLT2A1_dup2053,0,0
MLT2A1_dup2054,0,0
MLT2A1_dup2055,0.088702367,0.03091828
MLT2A1_dup2056,0,0
MLT2A1_dup2057,0,0
MLT2A1_dup2058,0,0
MLT2A1_dup2059,0.330135367,0
MLT2A1_dup2060,0,0
MLT2A1_dup2061,0,0
MLT2A1_dup2062,0,0
MLT2A1_dup2063,0,0.091275833
MLT2A1_dup2064,0.927324,0
MLT2A1_dup2065,1.531634967,0
MLT2A1_dup2066,0,0
MLT2A1_dup2067,0.030852003,0
MLT2A1_dup2068,0,0
MLT2A1_dup2069,1.049457767,0
MLT2A1_dup2070,0,0
MLT2A1_dup2071,0,0
MLT2A1_dup2072,0.174151433,0.049411067
MLT2A1_dup2073,1.934706,0
MLT2A1_dup2074,0,0.512967133
MLT2A1_dup2075,0,0
MLT2A1_dup2076,0,0
MLT2A1_dup2077,0,0
MLT2A1_dup2078,0,0
MLT2A1_dup2079,0,0
MLT2A1_dup2080,0,0
MLT2A1_dup2081,0,0
MLT2A1_dup2082,0.343672,0
MLT2A1_dup2083,0,0.0735906
MLT2A1_dup2084,0,0.310620867
MLT2A1_dup2085,0,0
MLT2A1_dup2086,0,0
MLT2A1_dup2087,0.11873227,0.370336533
MLT2A1_dup2088,0.472696667,0
MLT2A1_dup2089,11.60570667,0
MLT2A1_dup2090,0.380589467,0
MLT2A1_dup2091,0,0
MLT2A1_dup2092,0.3206952,0
MLT2A1_dup2093,0.224875167,0.04904239
MLT2A1_dup2094,0,0
MLT2A1_dup2095,0.219321467,0
MLT2A1_dup2096,0,0
MLT2A1_dup2097,0,0
MLT2A1_dup2098,0,0
MLT2A1_dup2099,0,0.0365937
MLT2A1_dup2100,0,0
MLT2A1_dup2101,0,0.069747767
MLT2A1_dup2102,0,0.050976133
MLT2A1_dup2103,0,0
MLT2A1_dup2104,0.0349949,0.056291233
MLT2A1_dup2105,0,0.2490461
MLT2A1_dup2106,0,0.112181667
MLT2A1_dup2107,0,0
MLT2A1_dup2108,0.036261667,0
MLT2A1_dup2109,0,0
MLT2A1_dup2110,0,0
MLT2A1_dup2111,0,0.111413667
MLT2A1_dup2112,0,0
MLT2A1_dup2113,0,0
MLT2A1_dup2114,0,0
MLT2A1_dup2115,0,0.069747767
MLT2A1_dup2116,0,0
MLT2A1_dup2117,0,0
MLT2A1_dup2118,0,0
MLT2A1_dup2119,0,0
MLT2A1_dup2120,0,0
MLT2A1_dup2121,0,0.034873867
MLT2A1_dup2122,0,0
MLT2A1_dup2123,0,0
MLT2A1_dup2124,0,0
MLT2A1_dup2125,0,0
MLT2A1_dup2126,0,0
MLT2A1_dup2127,0,0
MLT2A1_dup2128,2.041900233,0.042451033
MLT2A1_dup2129,0.035014567,0
MLT2A1_dup2130,0,0
MLT2A1_dup2131,0.742057933,0
MLT2A1_dup2132,0,0
MLT2A1_dup2133,0.297353733,0
MLT2A1_dup2134,0,0.025662243
MLT2A1_dup2135,0,0
MLT2A1_dup2136,0.147837267,0
MLT2A1_dup2137,0,0
MLT2A1_dup2138,0,0
MLT2A1_dup2139,0.033423,0
MLT2A1_dup2140,0,0.3035613
MLT2A1_dup2141,0,0
MLT2A1_dup2142,0,0
MLT2A1_dup2143,0,0.057186433
MLT2A1_dup2144,0,1.185865667
MLT2A1_dup2145,0,0
MLT2A1_dup2146,0,0
MLT2A1_dup2147,0,0
MLT2A1_dup2148,0,0
MLT2A1_dup2149,0.286834367,0.202884833
MLT2A1_dup2150,0,1.527155
MLT2A1_dup2151,0,0
MLT2A1_dup2152,0,0
MLT2A1_dup2153,0,0
MLT2A1_dup2154,0.166275233,0.084917533
MLT2A1_dup2155,0,0.089588267
MLT2A1_dup2156,0.979672267,0
MLT2A1_dup2157,0,0
MLT2A1_dup2158,0,0
MLT2A1_dup2159,0.451856733,0
MLT2A1_dup2160,0,0
MLT2A1_dup2161,0,0
MLT2A1_dup2162,0,0
MLT2A1_dup2163,0,0
MLT2A1_dup2164,0,0
MLT2A1_dup2165,0,0
MLT2A1_dup2166,0,0
MLT2A1_dup2167,0,0
MLT2A1_dup2168,0,0
MLT2A1_dup2169,0,0
MLT2A1_dup2170,0,0
MLT2A1_dup2171,0,0
MLT2A1_dup2172,0,0
MLT2A1_dup2173,0.571630067,0
MLT2A1_dup2174,0.7445016,0
MLT2A1_dup2175,0,0
MLT2A1_dup2176,0.567809167,0.102883333
MLT2A1_dup2177,0,0.242849033
MLT2A1_dup2178,0,0
MLT2A1_dup2179,0,0.030447907
MLT2A1_dup2180,0,0
MLT2A1_dup2181,0,0
MLT2A1_dup2182,0,0
MLT2A1_dup2183,0,0
MLT2A1_dup2184,0,0
MLT2A1_dup2185,0.029809707,0
MLT2A1_dup2186,2.038205333,0.050405933
MLT2A1_dup2187,0,0
MLT2A1_dup2188,0,0
MLT2A1_dup2189,0,0
MLT2A1_dup2190,0.141923767,0.02968155
MLT2A1_dup2191,0.0605744,0
MLT2A1_dup2192,0,0
MLT2A1_dup2193,0,0
MLT2A1_dup2194,0.243411667,0
MLT2A1_dup2195,0.085344467,0
MLT2A1_dup2196,3.210988,0
MLT2A1_dup2197,1.229293667,0
MLT2A1_dup2198,0.312649833,0
MLT2A1_dup2199,0,0
MLT2A1_dup2200,0.03196983,0
MLT2A1_dup2201,0.462077333,0
MLT2A1_dup2202,0,0
MLT2A1_dup2203,0,0
MLT2A1_dup2204,0,0
MLT2A1_dup2205,0,0
MLT2A1_dup3728,0.3606848,0.661071267
MLT2A1_dup3729,0,0.1128797
MLT2A1_dup3837,0,0.0386936
MLT2A1_dup3737,0,0
MLT2A1_dup3738,0,0
MLT2A1_dup3739,0,0
MLT2A1_dup3740,0,0
MLT2A1_dup3741,0,0
MLT2A1_dup3742,0,0
MLT2A1_dup3743,0,0
MLT2A1_dup3744,0,0
MLT2A1_dup3745,0,0
MLT2A1_dup3746,0,0
MLT2A1_dup3747,0,0
MLT2A1_dup3748,0,0
MLT2A1_dup3749,0,0
MLT2A1_dup3750,0,0
MLT2A1_dup3795,0,0
MLT2A1_dup3796,0,0
MLT2A1_dup3797,0,0
MLT2A1_dup3732,0,0
MLT2A1_dup3733,0,0
MLT2A1_dup3766,0,0
MLT2A1_dup3767,0,0
MLT2A1_dup3816,0,0
MLT2A1_dup3817,0,0
MLT2A1_dup3818,0,0
MLT2A1_dup3819,0,0
MLT2A1_dup3820,0,0
MLT2A1_dup3826,0,0
MLT2A1_dup3827,0.072523333,0
MLT2A1_dup3828,0,0
MLT2A1_dup3829,0,0
MLT2A1_dup3830,0,0
MLT2A1_dup3831,0,0
MLT2A1_dup3832,0,0
MLT2A1_dup3833,0,0
MLT2A1_dup3834,0,0
MLT2A1_dup3835,0,0.058675667
MLT2A1_dup3836,0.029153107,0
MLT2A1_dup3730,0,0
MLT2A1_dup3731,0,0
MLT2A1_dup3734,0,0
MLT2A1_dup3735,0,0
MLT2A1_dup3736,0,0
MLT2A1_dup3751,0,0
MLT2A1_dup3752,0,0
MLT2A1_dup3753,0,0
MLT2A1_dup3754,0,0
MLT2A1_dup3755,0,0
MLT2A1_dup3756,0,0
MLT2A1_dup3757,0,0
MLT2A1_dup3758,0,0
MLT2A1_dup3759,0,0
MLT2A1_dup3761,0,0
MLT2A1_dup3762,0,0
MLT2A1_dup3763,0,0
MLT2A1_dup3764,0,0
MLT2A1_dup3765,0,0
MLT2A1_dup3768,0,0
MLT2A1_dup3769,0,0
MLT2A1_dup3770,0,0
MLT2A1_dup3771,0,0
MLT2A1_dup3772,0,0
MLT2A1_dup3773,0,0
MLT2A1_dup3774,0,0
MLT2A1_dup3775,0,0
MLT2A1_dup3776,0,0
MLT2A1_dup3777,0,0
MLT2A1_dup3778,0,0
MLT2A1_dup3779,0,0
MLT2A1_dup3780,0,0
MLT2A1_dup3781,0,0
MLT2A1_dup3782,0,0
MLT2A1_dup3783,0,0
MLT2A1_dup3784,0,0
MLT2A1_dup3785,0,0
MLT2A1_dup3786,0,0
MLT2A1_dup3787,0,0
MLT2A1_dup3788,0,0
MLT2A1_dup3798,0,0
MLT2A1_dup3799,0,0
MLT2A1_dup3800,0,0
MLT2A1_dup3801,0,0
MLT2A1_dup3802,0,0
MLT2A1_dup3803,0,0
MLT2A1_dup3804,0,0
MLT2A1_dup3822,0,0
MLT2A1_dup3823,0,0
MLT2A1_dup3824,0,0
MLT2A1_dup3825,0,0
MLT2A1_dup3760,0,0
MLT2A1_dup3789,0,0
MLT2A1_dup3790,0,0
MLT2A1_dup3791,0,0
MLT2A1_dup3792,0,0
MLT2A1_dup3793,0,0
MLT2A1_dup3794,0,0
MLT2A1_dup3805,0,0
MLT2A1_dup3806,0,0
MLT2A1_dup3807,0,0
MLT2A1_dup3808,0,0
MLT2A1_dup3809,0,0
MLT2A1_dup3810,0,0
MLT2A1_dup3811,0,0
MLT2A1_dup3812,0,0
MLT2A1_dup3813,0,0
MLT2A1_dup3814,0,0
MLT2A1_dup3815,0,0
MLT2A1_dup3821,0,0
MLT2A1_dup2207,0,0
MLT2A1_dup2208,0,0
MLT2A1_dup2209,0.807043333,0
MLT2A1_dup2210,1.992079333,0
MLT2A1_dup2211,0,0
MLT2A1_dup2212,0,0
MLT2A1_dup2213,0,0
MLT2A1_dup2214,0,0
MLT2A1_dup2215,0,0
MLT2A1_dup2216,2.018142267,1.3556723
MLT2A1_dup2217,1.042231,0.670272
MLT2A1_dup2218,0.206972167,0.026078067
MLT2A1_dup2219,0,0
MLT2A1_dup2220,0,0
MLT2A1_dup2221,0,0
MLT2A1_dup2222,0,0
MLT2A1_dup2223,0,0
MLT2A1_dup2224,0,0
MLT2A1_dup2225,0,0
MLT2A1_dup2226,0.771082,0
MLT2A1_dup2227,0,0
MLT2A1_dup2228,0,0
MLT2A1_dup2229,0.109876467,0
MLT2A1_dup2230,0.303572733,0
MLT2A1_dup2231,0,0
MLT2A1_dup2232,0,0
MLT2A1_dup2233,0,0
MLT2A1_dup2234,0,0
MLT2A1_dup2235,0,0
MLT2A1_dup2236,0,0
MLT2A1_dup2237,0.030631027,0.554801803
MLT2A1_dup2238,0,0
MLT2A1_dup2239,0,0
MLT2A1_dup2240,0,0
MLT2A1_dup2241,0,0
MLT2A1_dup2242,0.4056065,0.1752446
MLT2A1_dup2243,0.0592721,0
MLT2A1_dup2244,0,0
MLT2A1_dup2245,0,0
MLT2A1_dup2246,0,0
MLT2A1_dup2247,0,0
MLT2A1_dup2248,0,0
MLT2A1_dup2249,0,0
MLT2A1_dup2250,0,0
MLT2A1_dup2251,0,0
MLT2A1_dup2252,0.1521323,0.1294911
MLT2A1_dup2253,0,0
MLT2A1_dup2254,0.2084195,0
MLT2A1_dup2255,0,0
MLT2A1_dup2256,0,0
MLT2A1_dup2257,0,0
MLT2A1_dup2258,0,0
MLT2A1_dup2259,0,0
MLT2A1_dup2260,0.169554933,0
MLT2A1_dup2261,0,0
MLT2A1_dup2262,0,0
MLT2A1_dup2263,1.001814667,0
MLT2A1_dup2264,0.1945148,0
MLT2A1_dup2265,0,0
MLT2A1_dup2266,0,0
MLT2A1_dup2267,0,0
MLT2A1_dup2268,0,0
MLT2A1_dup2269,0,0
MLT2A1_dup2270,0,0
MLT2A1_dup2271,0,0
MLT2A1_dup2272,0,0
MLT2A1_dup2273,0,0
MLT2A1_dup2274,0,0
MLT2A1_dup2275,0,0
MLT2A1_dup2276,0,0
MLT2A1_dup2277,0,0
MLT2A1_dup2278,0,0.333917333
MLT2A1_dup2279,0,0.058840067
MLT2A1_dup2280,0,0
MLT2A1_dup2281,0,0
MLT2A1_dup2282,0,0
MLT2A1_dup2283,0,0
MLT2A1_dup2284,0,0
MLT2A1_dup2285,0,0
MLT2A1_dup2286,0,0
MLT2A1_dup2287,0,0
MLT2A1_dup2288,0,0
MLT2A1_dup2289,0,0
MLT2A1_dup2290,0,0
MLT2A1_dup2291,0,0
MLT2A1_dup2292,0.059485433,0
MLT2A1_dup2293,0,0
MLT2A1_dup2294,0,0
MLT2A1_dup2295,0.988477033,0
MLT2A1_dup2296,0,0
MLT2A1_dup2297,0.2504537,0
MLT2A1_dup2298,0.838719867,0
MLT2A1_dup2299,0,0
MLT2A1_dup2300,0,3.477863333
MLT2A1_dup2301,0.100656933,0.422903333
MLT2A1_dup2302,0,0
MLT2A1_dup2303,0,0
MLT2A1_dup2304,0,0
MLT2A1_dup2305,0,0
MLT2A1_dup2306,0,0
MLT2A1_dup2307,0,0
MLT2A1_dup2308,0,0
MLT2A1_dup2309,0,0
MLT2A1_dup2310,0,0
MLT2A1_dup2311,0,0
MLT2A1_dup2312,0,0
MLT2A1_dup2313,0.071358333,0
MLT2A1_dup2314,0,0
MLT2A1_dup2315,0,0
MLT2A1_dup2316,7.590704067,0
MLT2A1_dup2317,0,0
MLT2A1_dup2318,0,0
MLT2A1_dup2319,13.65178733,0.052398733
MLT2A1_dup2320,0,0
MLT2A1_dup2321,0,0
MLT2A1_dup2322,34.69337033,0
MLT2A1_dup2323,0,0
MLT2A1_dup2324,0,0
MLT2A1_dup2325,0,0
MLT2A1_dup2326,0.031230167,0
MLT2A1_dup2327,0.522342333,0
MLT2A1_dup2328,0,0
MLT2A1_dup2329,0.167699867,0
MLT2A1_dup2330,0,0
MLT2A1_dup2331,0,0
MLT2A1_dup2332,0,0
MLT2A1_dup2333,0,0
MLT2A1_dup2334,0,0
MLT2A1_dup2335,0.032439977,0
MLT2A1_dup2336,0,0
MLT2A1_dup2337,0,0
MLT2A1_dup2338,0,0
MLT2A1_dup2339,0,0
MLT2A1_dup2340,0,0
MLT2A1_dup2341,0,0
MLT2A1_dup2342,0,0
MLT2A1_dup2343,0,0
MLT2A1_dup2344,0,0
MLT2A1_dup2345,0,0
MLT2A1_dup2346,0,0
MLT2A1_dup2347,0,0
MLT2A1_dup2348,0,0
MLT2A1_dup2349,0,0
MLT2A1_dup2350,0,0
MLT2A1_dup2351,0,0
MLT2A1_dup2352,0.063390267,0
MLT2A1_dup2353,0.093963,0
MLT2A1_dup2354,0,0
MLT2A1_dup2355,0,0
MLT2A1_dup2356,5.814824333,0
MLT2A1_dup2357,0,0
MLT2A1_dup2358,0,0.205487633
MLT2A1_dup2359,0,0
MLT2A1_dup2360,0,0
MLT2A1_dup2361,0.240645633,0
MLT2A1_dup2362,0.518280433,0
MLT2A1_dup2363,0,0
MLT2A1_dup2364,0.359806667,0
MLT2A1_dup2206,0.317628833,0
MLT2A1_dup2365,0,0
MLT2A1_dup2366,0,0
MLT2A1_dup2367,0,0
MLT2A1_dup2368,0,0
MLT2A1_dup2369,0,0
MLT2A1_dup2370,0,0
MLT2A1_dup2371,0,0
MLT2A1_dup2372,0,0
MLT2A1_dup2373,0,0
MLT2A1_dup2374,0,0
MLT2A1_dup2375,0,0
MLT2A1_dup2376,0,0
MLT2A1_dup2377,0,0
MLT2A1_dup2378,0,0
MLT2A1_dup2379,0,0
MLT2A1_dup2380,0,0
MLT2A1_dup2381,0,0
MLT2A1_dup2382,0,0
MLT2A1_dup2383,0,0
MLT2A1_dup2384,0,0.333917333
MLT2A1_dup2385,0.1185442,0.030990017
MLT2A1_dup2386,0,0
MLT2A1_dup2387,0,0
MLT2A1_dup2388,0,0
MLT2A1_dup2389,0,0
MLT2A1_dup2390,0.029704973,0
MLT2A1_dup2391,0,0
MLT2A1_dup2392,0,0
MLT2A1_dup2393,0,0
MLT2A1_dup2394,0.030149227,0
MLT2A1_dup2395,0,0
MLT2A1_dup2396,0.033423,0
MLT2A1_dup2397,0,0
MLT2A1_dup2398,1.24616,0.961708333
MLT2A1_dup2399,0.13124256,0
MLT2A1_dup2400,0,0
MLT2A1_dup2401,0,0
MLT2A1_dup2402,0,0
MLT2A1_dup2403,0,0
MLT2A1_dup2404,0,0
MLT2A1_dup2405,0,0
MLT2A1_dup2406,0,0
MLT2A1_dup2407,0.567695,0
MLT2A1_dup2408,0.294764733,0.026341413
MLT2A1_dup2409,0,0
MLT2A1_dup2410,0,0
MLT2A1_dup2411,0,0
MLT2A1_dup2412,0,0
MLT2A1_dup2413,0,0.407809
MLT2A1_dup2414,0,0
MLT2A1_dup2415,0,0
MLT2A1_dup2416,1.002813533,0.065959
MLT2A1_dup2417,15.37859767,0.904309967
MLT2A1_dup2418,0,0
MLT2A1_dup2419,0,0
MLT2A1_dup2420,0.366852667,0
MLT2A1_dup2421,0.084587533,0
MLT2A1_dup2422,0,0
MLT2A1_dup2423,0,0
MLT2A1_dup2424,0,0
MLT2A1_dup2425,0,0.027146327
MLT2A1_dup2426,0,0
MLT2A1_dup2427,0,0
MLT2A1_dup2428,0,0
MLT2A1_dup2429,0.6871575,0
MLT2A1_dup2430,0,0.030919943
MLT2A1_dup2431,0.693564,0
MLT2A1_dup2432,0,0
MLT2A1_dup2433,0.393019667,0
MLT2A1_dup2434,0,0
MLT2A1_dup2435,0,0
MLT2A1_dup2436,0,0
MLT2A1_dup2437,0.057797,0.271968933
MLT2A1_dup2438,0,0
MLT2A1_dup2439,0,0
MLT2A1_dup2440,0,0
MLT2A1_dup2441,0,0.0828362
MLT2A1_dup2442,0.419788667,0
MLT2A1_dup2443,0,0
MLT2A1_dup2444,0,0
MLT2A1_dup2445,0,0
MLT2A1_dup2446,0,0
MLT2A1_dup2447,0,0
MLT2A1_dup2448,0,0
MLT2A1_dup2449,0,0
MLT2A1_dup2450,0,0
MLT2A1_dup2451,0,0.029814057
MLT2A1_dup2452,0,0
MLT2A1_dup2453,0,0
MLT2A1_dup2454,0,0
MLT2A1_dup2455,0,0
MLT2A1_dup2456,0,0
MLT2A1_dup2457,0,0
MLT2A1_dup2458,0,0
MLT2A1_dup2459,0,0
MLT2A1_dup2460,0.068805933,0
MLT2A1_dup2461,0,0.0718102
MLT2A1_dup2462,0,0
MLT2A1_dup2463,0.57143,0
MLT2A1_dup2464,0,0
MLT2A1_dup2465,0,0
MLT2A1_dup2466,0,0
MLT2A1_dup2467,0.054870567,0
MLT2A1_dup2468,0,0
MLT2A1_dup2469,0,0
MLT2A1_dup2470,0,0
MLT2A1_dup2471,0,0
MLT2A1_dup2472,0,0
MLT2A1_dup2473,0,0
MLT2A1_dup2474,2.835255033,0
MLT2A1_dup2475,0.232201933,0
MLT2A1_dup2476,2.221023333,0
MLT2A1_dup2477,128.4933633,0.8170157
MLT2A1_dup2478,0,0
MLT2A1_dup2479,0,0
MLT2A1_dup2480,0,0
MLT2A1_dup2481,0,0
MLT2A1_dup2482,0,0
MLT2A1_dup2483,1.045878,0
MLT2A1_dup2484,0,0
MLT2A1_dup2485,0,0
MLT2A1_dup2486,0,0
MLT2A1_dup2487,0.694911667,0
MLT2A1_dup2488,0,0
MLT2A1_dup2489,0,0
MLT2A1_dup2490,0,0
MLT2A1_dup2491,0,0
MLT2A1_dup2492,0,0
MLT2A1_dup2493,0,0
MLT2A1_dup2494,0.2297327,0
MLT2A1_dup2495,0,0
MLT2A1_dup2496,0,0
MLT2A1_dup2497,0.379111333,0
MLT2A1_dup2498,0,0
MLT2A1_dup2499,0,0
MLT2A1_dup2500,0,0
MLT2A1_dup2501,0,0
MLT2A1_dup2502,0,0
MLT2A1_dup2503,0,0
MLT2A1_dup2504,0,0
MLT2A1_dup2505,0,0
MLT2A1_dup2506,0,0
MLT2A1_dup2507,0,0
MLT2A1_dup2508,0,0
MLT2A1_dup2509,0.2881159,0
MLT2A1_dup2510,0.084965433,0
MLT2A1_dup2511,0.319211,0
MLT2A1_dup2512,6.6848916,0
MLT2A1_dup2513,0,0
MLT2A1_dup2514,0,0
MLT2A1_dup2515,0,0.785688
MLT2A1_dup2516,0,0.069205667
MLT2A1_dup2517,0,0
MLT2A1_dup2518,0,0
MLT2A1_dup2519,0,0
MLT2A1_dup2520,0,0
MLT2A1_dup2521,0,0
MLT2A1_dup2522,0,0
MLT2A1_dup2523,0,0
MLT2A1_dup2524,0,0
MLT2A1_dup2525,0,0
MLT2A1_dup2526,0,0
MLT2A1_dup2527,0,0
MLT2A1_dup2528,0,0
MLT2A1_dup2529,0,0
MLT2A1_dup2530,0,0
MLT2A1_dup2531,0,0
MLT2A1_dup2532,0,0
MLT2A1_dup2533,0,0.072838733
MLT2A1_dup2534,0,0
MLT2A1_dup2535,0,0
MLT2A1_dup2536,0,0.060989467
MLT2A1_dup2537,0,0
MLT2A1_dup2538,11.32841333,0
MLT2A1_dup2539,1.390959233,0.083863967
MLT2A1_dup2540,0,0
MLT2A1_dup2541,0,0
MLT2A1_dup2542,0,0
MLT2A1_dup2543,0,0
MLT2A1_dup2544,0,0
MLT2A1_dup2545,0,0
MLT2A1_dup2546,0,0.031468507
MLT2A1_dup2547,0,0
MLT2A1_dup2548,0,0
MLT2A1_dup2549,0,0
MLT2A1_dup2550,0,0.029962037
MLT2A1_dup2551,0,0
MLT2A1_dup2552,0.030287207,0
MLT2A1_dup2553,0,0
MLT2A1_dup2554,0,0
MLT2A1_dup2555,0,0
MLT2A1_dup2556,0,0
MLT2A1_dup2557,4.445961,1.482332333
MLT2A1_dup2558,0.916875333,0
MLT2A1_dup2559,0.341121333,0
MLT2A1_dup2560,0,0.02972487
MLT2A1_dup2561,0,0
MLT2A1_dup2562,0,0
MLT2A1_dup2563,0,0
MLT2A1_dup2564,0,0
MLT2A1_dup2565,0,0
MLT2A1_dup2566,0,0
MLT2A1_dup2567,0,0.0762916
MLT2A1_dup2568,0.790458533,0.447873
MLT2A1_dup2569,0,0
MLT2A1_dup2570,0,0
MLT2A1_dup2571,0,0
MLT2A1_dup2572,0,0.031734437
MLT2A1_dup2573,0,0
MLT2A1_dup2574,0,0
MLT2A1_dup2575,0,0
MLT2A1_dup2576,0,0
MLT2A1_dup2577,0,0
MLT2A1_dup2578,0,0
MLT2A1_dup2579,0,0
MLT2A1_dup2580,0,0.126937767
MLT2A1_dup2581,0.107950593,0.071002467
MLT2A1_dup2582,0,0
MLT2A1_dup2583,0,0
MLT2A1_dup2584,0,0
MLT2A1_dup2585,0,0.054032267
MLT2A1_dup2586,0,0
