TE,8C_NC_average,8C_KD_average
MLT2A1_dup1,0,0
MLT2A1_dup2,0.026342441,0
MLT2A1_dup3,0,0
MLT2A1_dup4,0,0
MLT2A1_dup5,0,0
MLT2A1_dup6,0,0
MLT2A1_dup7,0,0.485679259
MLT2A1_dup8,0,0.540777971
MLT2A1_dup9,0.181640992,1.170374144
MLT2A1_dup10,2.385969604,0.738132245
MLT2A1_dup11,0,0
MLT2A1_dup12,0.02832486,0.51495833
MLT2A1_dup13,0,0
MLT2A1_dup14,0,0
MLT2A1_dup15,0.339785686,0.236887639
MLT2A1_dup16,0,0
MLT2A1_dup17,0,0
MLT2A1_dup18,0,0.212602571
MLT2A1_dup19,0.086566609,0
MLT2A1_dup20,0.729935661,1.034856703
MLT2A1_dup21,0,0
MLT2A1_dup22,0,0
MLT2A1_dup23,0,0
MLT2A1_dup24,0,0
MLT2A1_dup25,0.868775297,3.301286788
MLT2A1_dup26,0,0.197384177
MLT2A1_dup27,0,0
MLT2A1_dup28,0.088114586,0.319594124
MLT2A1_dup29,0,0
MLT2A1_dup30,0,0
MLT2A1_dup31,0,0
MLT2A1_dup32,0,0
MLT2A1_dup33,0,0
MLT2A1_dup34,0,0
MLT2A1_dup35,0,0
MLT2A1_dup36,0.629119481,0.670738943
MLT2A1_dup37,0.35065676,0
MLT2A1_dup38,0,0.165572475
MLT2A1_dup39,0,0.316747343
MLT2A1_dup40,0,0
MLT2A1_dup41,0,0
MLT2A1_dup42,0,0
MLT2A1_dup43,0,0
MLT2A1_dup44,0.504360994,0
MLT2A1_dup45,0,0.056248566
MLT2A1_dup46,4.481826615,0.033009722
MLT2A1_dup47,0,0
MLT2A1_dup48,0,0
MLT2A1_dup49,0.138536673,0
MLT2A1_dup50,0,0
MLT2A1_dup51,0,0
MLT2A1_dup52,0,0
MLT2A1_dup53,0,0
MLT2A1_dup54,0,0
MLT2A1_dup55,0,0
MLT2A1_dup56,0,0.031077535
MLT2A1_dup57,0,0
MLT2A1_dup58,0,0
MLT2A1_dup59,0,0
MLT2A1_dup60,0.025506854,0.031952583
MLT2A1_dup61,0,0
MLT2A1_dup62,0,0
MLT2A1_dup63,4.967256637,0.874598378
MLT2A1_dup64,0,0
MLT2A1_dup65,0,0
MLT2A1_dup66,0,0
MLT2A1_dup67,0,0
MLT2A1_dup68,0,0
MLT2A1_dup69,0,0
MLT2A1_dup70,0,0
MLT2A1_dup71,0,0
MLT2A1_dup72,0,0
MLT2A1_dup73,10.0787342,1.359003555
MLT2A1_dup74,1.415565714,0.557040714
MLT2A1_dup75,0,0
MLT2A1_dup76,0,0
MLT2A1_dup77,0,0
MLT2A1_dup78,0.028444232,0
MLT2A1_dup79,0,0
MLT2A1_dup80,0.700846031,0.102367994
MLT2A1_dup81,0,0
MLT2A1_dup82,0,0.178001791
MLT2A1_dup83,0,0.76446483
MLT2A1_dup84,1.612459651,1.319684138
MLT2A1_dup85,0,0.165746854
MLT2A1_dup86,0,0
MLT2A1_dup87,0,0
MLT2A1_dup88,0,0.452401334
MLT2A1_dup89,0.295478937,0.097428232
MLT2A1_dup90,0,0.171838796
MLT2A1_dup91,0,0.170243843
MLT2A1_dup92,0,0
MLT2A1_dup93,0,0
MLT2A1_dup94,0,0
MLT2A1_dup95,0,0
MLT2A1_dup96,0,0
MLT2A1_dup97,0,0
MLT2A1_dup98,0.025647557,0
MLT2A1_dup99,0,0
MLT2A1_dup100,0.249301426,0.15283613
MLT2A1_dup101,0,0.098334887
MLT2A1_dup102,0,0
MLT2A1_dup103,0,0
MLT2A1_dup104,0,0
MLT2A1_dup105,0,0
MLT2A1_dup106,3.308650228,0
MLT2A1_dup107,0,0
MLT2A1_dup108,2.473543709,0.017101382
MLT2A1_dup109,0.351479898,0.256520735
MLT2A1_dup110,0.025904511,0
MLT2A1_dup111,0.057040166,0
MLT2A1_dup112,1.921306884,0.378328689
MLT2A1_dup113,0,0
MLT2A1_dup114,0,0
MLT2A1_dup115,0.064736323,0.076011575
MLT2A1_dup116,0,0.334812892
MLT2A1_dup117,0.07539084,0.192632075
MLT2A1_dup118,0,0
MLT2A1_dup119,0,0
MLT2A1_dup120,0,0
MLT2A1_dup121,4.064620949,9.996370294
MLT2A1_dup122,2.607907453,0.745719623
MLT2A1_dup123,0,0
MLT2A1_dup124,0,0
MLT2A1_dup125,0,0
MLT2A1_dup126,0,0
MLT2A1_dup127,0,0.794225295
MLT2A1_dup128,0,0
MLT2A1_dup129,0,0
MLT2A1_dup130,0,0
MLT2A1_dup131,0,0
MLT2A1_dup132,0,0
MLT2A1_dup133,0,0
MLT2A1_dup134,0,0
MLT2A1_dup135,0,0
MLT2A1_dup136,10.05718872,0.822324646
MLT2A1_dup137,0,0
MLT2A1_dup138,0,0
MLT2A1_dup139,1.927567828,0.530646847
MLT2A1_dup140,0.283248597,0
MLT2A1_dup141,0.846593503,0
MLT2A1_dup142,4.153307119,2.428993659
MLT2A1_dup143,1.02781805,1.31558496
MLT2A1_dup144,0,0
MLT2A1_dup145,0,0
MLT2A1_dup146,0.547933103,0.355815506
MLT2A1_dup147,0,0
MLT2A1_dup148,0,0
MLT2A1_dup149,0,0
MLT2A1_dup150,0,0
MLT2A1_dup151,0,0
MLT2A1_dup152,0,0.03022219
MLT2A1_dup153,0.05092872,0
MLT2A1_dup154,0,0
MLT2A1_dup155,0,0
MLT2A1_dup156,0,0
MLT2A1_dup157,0,0
MLT2A1_dup158,0,0
MLT2A1_dup159,0,0
MLT2A1_dup160,0,0
MLT2A1_dup161,369.9286253,2.977831724
MLT2A1_dup162,0.522249277,0
MLT2A1_dup163,0,0
MLT2A1_dup164,0,0
MLT2A1_dup165,8.39617256,1.139817635
MLT2A1_dup166,0.546129251,0.584807436
MLT2A1_dup167,0,0.574523289
MLT2A1_dup168,0,0
MLT2A1_dup169,0,0.066962578
MLT2A1_dup170,0,0.14959725
MLT2A1_dup171,0,0
MLT2A1_dup172,0,0
MLT2A1_dup173,0,0
MLT2A1_dup174,0,0
MLT2A1_dup175,0,0
MLT2A1_dup176,1.11803469,0.806775814
MLT2A1_dup177,0,0
MLT2A1_dup178,0,0
MLT2A1_dup179,0,0
MLT2A1_dup180,0,0
MLT2A1_dup181,0,0
MLT2A1_dup182,0,0
MLT2A1_dup183,0,0
MLT2A1_dup184,0,0
MLT2A1_dup185,0,0.654053091
MLT2A1_dup186,0,0
MLT2A1_dup187,0,0.093126765
MLT2A1_dup188,0.212836441,0.098334887
MLT2A1_dup189,0,0.297087496
MLT2A1_dup190,0,0.281242829
MLT2A1_dup191,0,0
MLT2A1_dup192,0,0
MLT2A1_dup193,0,0
MLT2A1_dup194,0,0.192277712
MLT2A1_dup195,0,0
MLT2A1_dup196,0.022374542,0
MLT2A1_dup197,0,0
MLT2A1_dup198,0.970488829,0
MLT2A1_dup199,0.197485749,0
MLT2A1_dup200,0,0
MLT2A1_dup201,0,0
MLT2A1_dup202,0,0
MLT2A1_dup203,0,0
MLT2A1_dup204,0,0
MLT2A1_dup205,0,0
MLT2A1_dup206,0,0
MLT2A1_dup207,0,0
MLT2A1_dup208,0,0
MLT2A1_dup209,0,0
MLT2A1_dup210,0,0
MLT2A1_dup211,0,0
MLT2A1_dup212,0,0
MLT2A1_dup213,0,0
MLT2A1_dup214,0.212308311,0
MLT2A1_dup215,0,0.236748922
MLT2A1_dup216,0,0
MLT2A1_dup217,0,0
MLT2A1_dup218,0,0
MLT2A1_dup219,0.72203916,0.122485175
MLT2A1_dup220,0,0.234369024
MLT2A1_dup221,0,0
MLT2A1_dup222,0,0
MLT2A1_dup223,0.634504443,0.06208451
MLT2A1_dup224,0,0
MLT2A1_dup225,2.376673594,0
MLT2A1_dup226,0,0
MLT2A1_dup227,0.197137719,0
MLT2A1_dup228,0,0
MLT2A1_dup229,0.832706184,0
MLT2A1_dup230,0,0
MLT2A1_dup231,0,0.073623777
MLT2A1_dup232,0,0
MLT2A1_dup233,0,0
MLT2A1_dup234,0.364922323,0.172924868
MLT2A1_dup235,0,0
MLT2A1_dup236,0.897631749,0.853391425
MLT2A1_dup237,0,0
MLT2A1_dup238,1.332554669,5.417652
MLT2A1_dup239,0,0
MLT2A1,0.033391095,0.114326353
MLT2A1_dup240,0.091950104,0.172700101
MLT2A1_dup241,0,0.432028686
MLT2A1_dup242,0.224895515,0.017021469
MLT2A1_dup243,0,0
MLT2A1_dup244,0.250461085,1.228309359
MLT2A1_dup245,0.209239268,0
MLT2A1_dup246,0,0.094588395
MLT2A1_dup247,0,0
MLT2A1_dup248,0,0
MLT2A1_dup249,0,0
MLT2A1_dup250,0.050134161,0.295431785
MLT2A1_dup251,1.05972476,0.656233268
MLT2A1_dup252,0,0
MLT2A1_dup253,0,0
MLT2A1_dup254,0,0.587554657
MLT2A1_dup255,7.552678841,0
MLT2A1_dup256,1.192109807,0.0389533
MLT2A1_dup257,0,0
MLT2A1_dup258,0,0
MLT2A1_dup259,0,0
MLT2A1_dup260,0,0
MLT2A1_dup261,0,0.060168379
MLT2A1_dup262,6.280610827,0.36056773
MLT2A1_dup263,1.255205847,0.242731906
MLT2A1_dup264,0,0
MLT2A1_dup265,0,0
MLT2A1_dup266,0,0
MLT2A1_dup267,0,0
MLT2A1_dup268,0.797493235,0
MLT2A1_dup269,0,0
MLT2A1_dup270,0,0
MLT2A1_dup2588,0,0
MLT2A1_dup2589,0,0
MLT2A1_dup2590,0.257325784,0.239384967
MLT2A1_dup2591,4.247984371,0.597754667
MLT2A1_dup2592,0.031512312,0
MLT2A1_dup2593,0,0
MLT2A1_dup2594,0.597153244,0.485832855
MLT2A1_dup2595,0,0
MLT2A1_dup2596,5.067090646,1.031923939
MLT2A1_dup2597,0,0
MLT2A1_dup2598,0,0
MLT2A1_dup2599,0,0
MLT2A1_dup2600,3.387424452,0
MLT2A1_dup2601,0,0
MLT2A1_dup2602,0,0.039809775
MLT2A1_dup2603,0,0
MLT2A1_dup2604,0,0
MLT2A1_dup2605,0.029595739,0
MLT2A1_dup2606,0,0.181333141
MLT2A1_dup2607,0,0
MLT2A1_dup2608,0,0.030084189
MLT2A1_dup2609,0,0
MLT2A1_dup2610,0,0
MLT2A1_dup2611,0,0.075602911
MLT2A1_dup2612,0,0
MLT2A1_dup2613,0,0
MLT2A1_dup2614,0,0
MLT2A1_dup2615,0,0
MLT2A1_dup2616,0,0.018922569
MLT2A1_dup2617,0,0
MLT2A1_dup2618,0,0
MLT2A1_dup2619,0,0
MLT2A1_dup2620,0,0
MLT2A1_dup2621,0.562861262,0.61080079
MLT2A1_dup2622,0,0.203616169
MLT2A1_dup2623,0,0.573964957
MLT2A1_dup2624,0,0.305698727
MLT2A1_dup2625,0,0.143126122
MLT2A1_dup2626,0,0
MLT2A1_dup2627,0,0
MLT2A1_dup2628,0.059379826,0.031751506
MLT2A1_dup2629,0.026327594,0.752856153
MLT2A1_dup2630,0,0.149397675
MLT2A1_dup2631,0,0
MLT2A1_dup2632,0.030770173,0
MLT2A1_dup2633,0,0
MLT2A1_dup2634,0,0
MLT2A1_dup2635,0,0
MLT2A1_dup2636,0,0
MLT2A1_dup2637,0,0
MLT2A1_dup2638,0,0
MLT2A1_dup2639,0,0
MLT2A1_dup2640,0,0
MLT2A1_dup2641,0,0
MLT2A1_dup2642,0.435320888,0.691039961
MLT2A1_dup2643,1.440946573,0.151394886
MLT2A1_dup2644,0,0
MLT2A1_dup2645,0,0.452965112
MLT2A1_dup2646,0,0
MLT2A1_dup2647,0,0
MLT2A1_dup2648,0.030958075,0
MLT2A1_dup2649,0,0
MLT2A1_dup2650,0,0.236338512
MLT2A1_dup2651,0,0
MLT2A1_dup2587,0.083554931,0.274518227
MLT2A1_dup2652,0,1.708113415
MLT2A1_dup2653,0,0
MLT2A1_dup2654,0.258489104,1.136705117
MLT2A1_dup2655,0,0.02619657
MLT2A1_dup2656,0,0
MLT2A1_dup2657,0,0
MLT2A1_dup2658,1.24119853,0.743280759
MLT2A1_dup2659,0,0
MLT2A1_dup2660,0,0
MLT2A1_dup2661,0,0.089842329
MLT2A1_dup2662,0,0
MLT2A1_dup2663,0,0.101621143
MLT2A1_dup2664,0.195343035,0.509980649
MLT2A1_dup2665,0,0
MLT2A1_dup2666,0,0
MLT2A1_dup2667,0,0
MLT2A1_dup2668,0,0
MLT2A1_dup2669,0,0
MLT2A1_dup2670,0,0.34297906
MLT2A1_dup2671,0,0.543639489
MLT2A1_dup2672,0,0
MLT2A1_dup2673,0,0
MLT2A1_dup2674,0,0
MLT2A1_dup2675,0,0
MLT2A1_dup2676,0,0.13329044
MLT2A1_dup2677,0.422630822,0.219635246
MLT2A1_dup2678,1.607127908,0.079186836
MLT2A1_dup2679,1.571916617,1.002398891
MLT2A1_dup2680,1.867465748,0.311169484
MLT2A1_dup2681,0,0
MLT2A1_dup2682,0,0.146004154
MLT2A1_dup2683,0.309338442,0
MLT2A1_dup2684,0,0
MLT2A1_dup2685,0,0.064121046
MLT2A1_dup2686,0,0
MLT2A1_dup2687,0.187351314,0.444018284
MLT2A1_dup2688,0.521205532,0.141686827
MLT2A1_dup2689,0,0
MLT2A1_dup2690,0,0
MLT2A1_dup2691,0,0.031224822
MLT2A1_dup2692,0,0
MLT2A1_dup2693,0,0
MLT2A1_dup2694,0,0
MLT2A1_dup2695,0,0
MLT2A1_dup2696,0,0.440044966
MLT2A1_dup2697,0,0
MLT2A1_dup2698,0,0
MLT2A1_dup2699,1.604462259,0.573025356
MLT2A1_dup2700,0,0
MLT2A1_dup2701,0,0
MLT2A1_dup2702,0,0
MLT2A1_dup2703,0,0
MLT2A1_dup2704,0,0
MLT2A1_dup2705,0,0
MLT2A1_dup2706,0,0
MLT2A1_dup2707,0,0.086311408
MLT2A1_dup2708,0,0
MLT2A1_dup2709,0,0
MLT2A1_dup2710,0,0
MLT2A1_dup2711,0,0
MLT2A1_dup2712,0,0
MLT2A1_dup2713,0,0
MLT2A1_dup2714,0,0
MLT2A1_dup2715,0.028390124,0.083930747
MLT2A1_dup2716,0,0
MLT2A1_dup2717,0,0.11817825
MLT2A1_dup2718,0,0
MLT2A1_dup2719,0,0.274518227
MLT2A1_dup2720,0,0
MLT2A1_dup2721,0,0.383930263
MLT2A1_dup2722,0.061916151,0.070664027
MLT2A1_dup2723,0,0
MLT2A1_dup2724,0,0
MLT2A1_dup2725,0.163818668,0
MLT2A1_dup2726,0,0
MLT2A1_dup2727,0,0.11951814
MLT2A1_dup2728,0.447231869,1.59395754
MLT2A1_dup2729,0.148860791,0.242501205
MLT2A1_dup2730,0,0.313188006
MLT2A1_dup2731,0.121157556,0
MLT2A1_dup2732,0,0
MLT2A1_dup2733,0,0
MLT2A1_dup2734,0,0
MLT2A1_dup2735,0,0
MLT2A1_dup2736,0.254923737,0
MLT2A1_dup2737,0.216981833,0.680277004
MLT2A1_dup2738,0,0
MLT2A1_dup2739,0,0
MLT2A1_dup2740,0,0
MLT2A1_dup2741,0,0
MLT2A1_dup2742,0,0
MLT2A1_dup2743,0,0
MLT2A1_dup2744,0,0
MLT2A1_dup2745,0,0
MLT2A1_dup2746,0,0
MLT2A1_dup2747,0,0
MLT2A1_dup2748,0,0
MLT2A1_dup2749,0.968543428,0.032626778
MLT2A1_dup2750,0,0
MLT2A1_dup2751,0.612369283,2.168307821
MLT2A1_dup2752,0.336121331,0.972237823
MLT2A1_dup2753,0,0
MLT2A1_dup2754,0,0
MLT2A1_dup2755,0,0
MLT2A1_dup2756,0,0
MLT2A1_dup2757,0,0
MLT2A1_dup2758,0.028144819,0
MLT2A1_dup2759,1.073804878,0.207509841
MLT2A1_dup2760,13.86272342,1.800939624
MLT2A1_dup2761,0,0
MLT2A1_dup2762,0.410262622,0
MLT2A1_dup2763,0,0
MLT2A1_dup2764,0,0
MLT2A1_dup2765,0.125407776,0.371070969
MLT2A1_dup2766,0.975659706,0.758305115
MLT2A1_dup2767,0,0
MLT2A1_dup2768,0,0
MLT2A1_dup2769,0.030527888,0
MLT2A1_dup2770,0,0
MLT2A1_dup2771,0,0.033165428
MLT2A1_dup2772,0,0
MLT2A1_dup2773,0,0
MLT2A1_dup2774,0,0
MLT2A1_dup2775,0,0
MLT2A1_dup2776,0,0
MLT2A1_dup2777,0,0
MLT2A1_dup2778,0,0
MLT2A1_dup2779,0,0
MLT2A1_dup2780,0,0
MLT2A1_dup2781,0,0
MLT2A1_dup2782,0.412058085,0
MLT2A1_dup2783,12.61077597,4.954096285
MLT2A1_dup2784,0,0
MLT2A1_dup2785,0,0
MLT2A1_dup2786,0,0
MLT2A1_dup2787,0,0
MLT2A1_dup2788,0,0
MLT2A1_dup2789,0,0
MLT2A1_dup2790,0,0
MLT2A1_dup2791,0,0
MLT2A1_dup2792,0,0.1307598
MLT2A1_dup2793,0,0
MLT2A1_dup2794,0,0
MLT2A1_dup2795,0,0.339665253
MLT2A1_dup2796,0,0
MLT2A1_dup2797,0.35681799,0
MLT2A1_dup2798,0,0
MLT2A1_dup2799,0,0
MLT2A1_dup2800,0,0
MLT2A1_dup2801,0.229386164,0
MLT2A1_dup2802,0.472524023,0.032942187
MLT2A1_dup2803,0,0
MLT2A1_dup2804,0,0
MLT2A1_dup2805,23.1801877,0
MLT2A1_dup2806,0,0
MLT2A1_dup2807,0,0.062498406
MLT2A1_dup2808,0,0
MLT2A1_dup2809,0,0
MLT2A1_dup2810,0,0
MLT2A1_dup2811,0,0
MLT2A1_dup2812,0,0
MLT2A1_dup2813,0,0
MLT2A1_dup2814,0,0
MLT2A1_dup2815,0,0
MLT2A1_dup2816,0,0
MLT2A1_dup2817,0,0
MLT2A1_dup2818,0,0
MLT2A1_dup2819,0,0
MLT2A1_dup2820,0,0
MLT2A1_dup2821,0,0
MLT2A1_dup2822,0,0
MLT2A1_dup2823,0,0.037201432
MLT2A1_dup2824,0,0.037117958
MLT2A1_dup2825,0,0
MLT2A1_dup2826,0,0
MLT2A1_dup2827,0,0
MLT2A1_dup2828,0,0.206796198
MLT2A1_dup2829,0,0
MLT2A1_dup2830,0,0
MLT2A1_dup2831,0,0
MLT2A1_dup2832,0.296842323,0.323681005
MLT2A1_dup2833,8.397015067,4.304750384
MLT2A1_dup2834,2.602015463,0.506802881
MLT2A1_dup2835,0,0.126117861
MLT2A1_dup2836,0,0
MLT2A1_dup2837,0,0
MLT2A1_dup2838,0,0
MLT2A1_dup2839,0,0
MLT2A1_dup2840,0,0
MLT2A1_dup2841,0.351756742,0
MLT2A1_dup2842,0.758775449,0
MLT2A1_dup2843,0,0
MLT2A1_dup2844,7.696288669,4.815031789
MLT2A1_dup2845,0,0.775110289
MLT2A1_dup2846,0.652042775,0.65631944
MLT2A1_dup2847,6.924686848,0.124899288
MLT2A1_dup2848,1.711204987,0
MLT2A1_dup2849,0,0
MLT2A1_dup2850,0,0
MLT2A1_dup2851,0,0
MLT2A1_dup2852,0,0
MLT2A1_dup2853,0,0
MLT2A1_dup2854,0.442171831,0.240628917
MLT2A1_dup2855,0.397813373,0.928480568
MLT2A1_dup2856,0.02545104,0
MLT2A1_dup2857,2.819505478,0.060168379
MLT2A1_dup2858,1.352722654,0
MLT2A1_dup2859,0,0
MLT2A1_dup2860,0.897594592,0.552093314
MLT2A1_dup2861,0.312439113,0.029610955
MLT2A1_dup2862,0.228476244,0.507576161
MLT2A1_dup2863,0,0
MLT2A1_dup2864,0,0
MLT2A1_dup2865,0,0
MLT2A1_dup2866,0,0.019375502
MLT2A1_dup2867,0,0
MLT2A1_dup2868,0,0
MLT2A1_dup2869,0,0
MLT2A1_dup2870,0.253757038,0.032178813
MLT2A1_dup2871,0.502253143,0
MLT2A1_dup2872,0,0
MLT2A1_dup2873,0,0
MLT2A1_dup2874,0,0
MLT2A1_dup2875,0,0
MLT2A1_dup2876,0,0
MLT2A1_dup2877,0,0
MLT2A1_dup2878,0,0
MLT2A1_dup2879,0,0
MLT2A1_dup2880,0,0.292819443
MLT2A1_dup2881,0.248721655,0.424597842
MLT2A1_dup2882,0,0
MLT2A1_dup2883,0,0
MLT2A1_dup2884,0,0
MLT2A1_dup2885,0,0
MLT2A1_dup2886,0.963555774,0.074798625
MLT2A1_dup2887,4.545388248,0
MLT2A1_dup2888,0,0.182152091
MLT2A1_dup2889,0,0.432681276
MLT2A1_dup2890,0,0
MLT2A1_dup2891,0,0
MLT2A1_dup2892,0,0
MLT2A1_dup2893,18.18025212,0.19576067
MLT2A1_dup2894,0.842303319,0.83668438
MLT2A1_dup2895,0,0
MLT2A1_dup2896,0,0
MLT2A1_dup2897,0,0
MLT2A1_dup2898,1.783048514,0.084541933
MLT2A1_dup2899,0,2.988795439
MLT2A1_dup2900,0.760669999,0.05450266
MLT2A1_dup2901,0.138896509,0
MLT2A1_dup2902,0.79982651,0
MLT2A1_dup2903,0,0
MLT2A1_dup2904,0,0
MLT2A1_dup2905,0,0
MLT2A1_dup2906,0,0
MLT2A1_dup2907,0,0
MLT2A1_dup2908,0.987045047,0.083545744
MLT2A1_dup2909,0,0.075400222
MLT2A1_dup2910,0,0
MLT2A1_dup2911,52.73001263,3.878883589
MLT2A1_dup2912,6.169781493,0.118978555
MLT2A1_dup2913,0.463929624,0.672367149
MLT2A1_dup2914,0,0
MLT2A1_dup2915,1.270753041,0.454331796
MLT2A1_dup2916,0.029520623,0
MLT2A1_dup2917,0,0
MLT2A1_dup2918,0,0.260410027
MLT2A1_dup2919,0,0
MLT2A1_dup2920,0,0
MLT2A1_dup2921,0,0
MLT2A1_dup2922,0,0
MLT2A1_dup2923,0,0
MLT2A1_dup2924,0,0.29947443
MLT2A1_dup2925,0.023049636,0
MLT2A1_dup2926,0,0
MLT2A1_dup2927,0,0
MLT2A1_dup2928,0.082967808,0
MLT2A1_dup2929,0,0
MLT2A1_dup2930,0,0
MLT2A1_dup2931,1.005725408,0.278090995
MLT2A1_dup2932,0.578924794,3.119622186
MLT2A1_dup2933,0,0
MLT2A1_dup2934,0.091410523,0
MLT2A1_dup2935,0.10089652,0.066330856
MLT2A1_dup2936,0.244302742,0.541842128
MLT2A1_dup2937,0,0
MLT2A1_dup2938,0,0
MLT2A1_dup2939,0,0
MLT2A1_dup2940,0,0
MLT2A1_dup2941,0,0.035326742
MLT2A1_dup2942,0.338265392,0.689053211
MLT2A1_dup2943,0.060845995,0.138885348
MLT2A1_dup2944,0,0
MLT2A1_dup2945,0,0
MLT2A1_dup2946,0,0
MLT2A1_dup2947,0,0
MLT2A1_dup2948,1.461983524,0
MLT2A1_dup2949,0,0
MLT2A1_dup2950,0,0
MLT2A1_dup2951,0,0
MLT2A1_dup2952,0,0
MLT2A1_dup2953,0,0
MLT2A1_dup2954,0,0.035332014
MLT2A1_dup2955,1.231222735,0
MLT2A1_dup2956,0.432608002,0
MLT2A1_dup2957,0,0
MLT2A1_dup2958,0,0
MLT2A1_dup2959,0,0
MLT2A1_dup2960,0,0
MLT2A1_dup2961,0,0
MLT2A1_dup2962,0,0
MLT2A1_dup2963,0,0
MLT2A1_dup2964,0,0
MLT2A1_dup2965,0,0
MLT2A1_dup2966,0,0
MLT2A1_dup2967,0.165631014,0
MLT2A1_dup2968,0.437550737,0.203799152
MLT2A1_dup2969,0,0.140873818
MLT2A1_dup2970,18.16889145,1.581382271
MLT2A1_dup2971,0,0
MLT2A1_dup2972,4.517930299,0.569718571
MLT2A1_dup2973,0.65053952,1.905716126
MLT2A1_dup2974,0,6.518326895
MLT2A1_dup2975,0,0
MLT2A1_dup2976,0,0
MLT2A1_dup2977,0,0.034297906
MLT2A1_dup2978,0,0
MLT2A1_dup2979,0,0
MLT2A1_dup2980,0,0.146077307
MLT2A1_dup2981,0,0
MLT2A1_dup2982,0,0
MLT2A1_dup2983,0,0
MLT2A1_dup2984,0,0
MLT2A1_dup2985,0,0
MLT2A1_dup2986,0,0
MLT2A1_dup2987,0,0
MLT2A1_dup2988,0,0
MLT2A1_dup2989,0,0
MLT2A1_dup2990,0,0
MLT2A1_dup2991,0,0
MLT2A1_dup2992,0,0.028155716
MLT2A1_dup2993,0,0
MLT2A1_dup2994,0,0
MLT2A1_dup2995,0,0
MLT2A1_dup2996,0,0
MLT2A1_dup2997,0,0
MLT2A1_dup2998,0,0.037756089
MLT2A1_dup2999,0,0
MLT2A1_dup3000,0,0
MLT2A1_dup3001,0.616396047,0
MLT2A1_dup3002,0,0
MLT2A1_dup3003,0,0
MLT2A1_dup3004,0,0
MLT2A1_dup3005,0,0
MLT2A1_dup3006,0,0
MLT2A1_dup3007,0,0
MLT2A1_dup3008,0,0
MLT2A1_dup3009,0,0
MLT2A1_dup3010,0,0
MLT2A1_dup3011,0,0
MLT2A1_dup3012,0,0.50989555
MLT2A1_dup3013,0,0
MLT2A1_dup3014,11.46968106,0.141997382
MLT2A1_dup3015,0,0
MLT2A1_dup3016,0,0
MLT2A1_dup3017,0,0
MLT2A1_dup3018,0,0
MLT2A1_dup3019,0,0
MLT2A1_dup3020,0,0.400734601
MLT2A1_dup3021,0,0
MLT2A1_dup3022,0,0
MLT2A1_dup3023,0,0
MLT2A1_dup3024,0.26499801,3.13311129
MLT2A1_dup3025,0,0.41404999
MLT2A1_dup3026,0.697502033,1.336560385
MLT2A1_dup3027,0,0.027001793
MLT2A1_dup3028,0,0
MLT2A1_dup3029,0,0
MLT2A1_dup3030,0,0
MLT2A1_dup3031,0,0
MLT2A1_dup3032,0,0
MLT2A1_dup3033,0.410963507,0
MLT2A1_dup3034,0,0.090919018
MLT2A1_dup3035,0,0
MLT2A1_dup3036,0,0
MLT2A1_dup3037,0,0
MLT2A1_dup3038,0,0
MLT2A1_dup3039,0,0
MLT2A1_dup3040,0,0.03129899
MLT2A1_dup3041,0,0.101883053
MLT2A1_dup3042,0,0.675737175
MLT2A1_dup3043,0,0
MLT2A1_dup3044,0,0
MLT2A1_dup3045,1.15192098,0
MLT2A1_dup3046,0,0
MLT2A1_dup3047,0,0
MLT2A1_dup3048,0,0.780620552
MLT2A1_dup3049,0,0.572907605
MLT2A1_dup3050,0,0
MLT2A1_dup3051,0,0.088832865
MLT2A1_dup3052,0.934786428,0
MLT2A1_dup3053,0.023872837,0
MLT2A1_dup3054,0.790347815,0.101883053
MLT2A1_dup3055,0,0
MLT2A1_dup3056,0,0.508270173
MLT2A1_dup3057,0,5.497031741
MLT2A1_dup3058,0,2.855232716
MLT2A1_dup3059,0,0.156783973
MLT2A1_dup3060,0,0
MLT2A1_dup3061,2.966242249,1.986016445
MLT2A1_dup3062,35.98749959,3.388440891
MLT2A1_dup3063,0,0
MLT2A1_dup3064,0,0
MLT2A1_dup3065,0,0
MLT2A1_dup3066,0,0.037903346
MLT2A1_dup3067,0.192520531,0
MLT2A1_dup3068,0,0
MLT2A1_dup3069,0,0.067282973
MLT2A1_dup3070,0,0
MLT2A1_dup3071,0,2.914075553
MLT2A1_dup3072,0,0
MLT2A1_dup3073,0,0.038212341
MLT2A1_dup3074,0,0.209632101
MLT2A1_dup3075,0.204011588,4.350139895
MLT2A1_dup3076,0,3.073569645
MLT2A1_dup3077,0,9.709639849
MLT2A1_dup3078,0,0
MLT2A1_dup3079,0,0.031224822
MLT2A1_dup3080,0,0.094120535
MLT2A1_dup3081,0.421417588,0.931571108
MLT2A1_dup3082,0,0
MLT2A1_dup3083,0,0
MLT2A1_dup3084,0,0
MLT2A1_dup3085,8.759704825,0.559984887
MLT2A1_dup3086,0,0
MLT2A1_dup3087,0.219463607,0.067057888
MLT2A1_dup3088,1.658638417,0
MLT2A1_dup3089,0,0
MLT2A1_dup3090,0,0.018632197
MLT2A1_dup3091,0,0
MLT2A1_dup3092,0,0
MLT2A1_dup3093,0,0
MLT2A1_dup3094,0,0
MLT2A1_dup3095,0,0
MLT2A1_dup3096,0,0
MLT2A1_dup3097,0,0
MLT2A1_dup3098,0,0
MLT2A1_dup3099,0,0
MLT2A1_dup3100,0,0
MLT2A1_dup3101,0,0
MLT2A1_dup3102,0,0
MLT2A1_dup3103,0,0
MLT2A1_dup3104,0,0
MLT2A1_dup3105,0.041245126,0
MLT2A1_dup3106,0.451986739,0.255012928
MLT2A1_dup3107,0,0
MLT2A1_dup3108,0,0
MLT2A1_dup3109,0,0
MLT2A1_dup3110,0,0.074798625
MLT2A1_dup3111,0,0
MLT2A1_dup3112,0.159602512,0.036430418
MLT2A1_dup3113,0,0
MLT2A1_dup3114,0,0
MLT2A1_dup3115,0,0
MLT2A1_dup3116,0,0
MLT2A1_dup3117,0,0
MLT2A1_dup3118,0,0
MLT2A1_dup3119,0,0
MLT2A1_dup3120,0,0.061430652
MLT2A1_dup3121,0,0.032375614
MLT2A1_dup3122,0,0
MLT2A1_dup3123,0,0.833979425
MLT2A1_dup3124,0,0
MLT2A1_dup3125,0,0
MLT2A1_dup3126,0,0
MLT2A1_dup3127,0,0
MLT2A1_dup3128,0.432833043,0
MLT2A1_dup3129,0,0
MLT2A1_dup3130,0,0
MLT2A1_dup3131,1.113560364,0
MLT2A1_dup3132,0.066963663,0
MLT2A1_dup3133,0.939906657,1.79684658
MLT2A1_dup3134,0,1.336784412
MLT2A1_dup3135,0,0
MLT2A1_dup3136,0,0
MLT2A1_dup3137,0,0
MLT2A1_dup3138,0,0
MLT2A1_dup3139,0,0
MLT2A1_dup3140,0.126418808,0
MLT2A1_dup3141,0,0
MLT2A1_dup3142,0,0
MLT2A1_dup3143,0,0
MLT2A1_dup3144,0,0
MLT2A1_dup3145,0,0.103754921
MLT2A1_dup3146,0,0
MLT2A1_dup3147,0,0
MLT2A1_dup3148,0.119600261,0.067747429
MLT2A1_dup3149,0,0
MLT2A1_dup3150,0,0
MLT2A1_dup3151,0,0
MLT2A1_dup3152,0,0
MLT2A1_dup3153,0,0
MLT2A1_dup3154,0,0
MLT2A1_dup3155,0,0
MLT2A1_dup3156,0,0
MLT2A1_dup3157,0,0
MLT2A1_dup3158,0,0
MLT2A1_dup3159,0,0
MLT2A1_dup3160,0,0
MLT2A1_dup3161,0,0
MLT2A1_dup3162,0,0
MLT2A1_dup3163,0,0
MLT2A1_dup3164,0,0
MLT2A1_dup3165,0,0
MLT2A1_dup3166,0,0
MLT2A1_dup3167,0,0
MLT2A1_dup3168,0.256027303,0
MLT2A1_dup3169,1.146930821,1.668299255
MLT2A1_dup3170,0,0
MLT2A1_dup3171,0,0
MLT2A1_dup3172,0,0
MLT2A1_dup3173,0,0
MLT2A1_dup3174,0,0
MLT2A1_dup3175,0,0
MLT2A1_dup3176,0.158967546,0.060031321
MLT2A1_dup3177,0,0.030084189
MLT2A1_dup3178,0,0
MLT2A1_dup3179,0,0
MLT2A1_dup3180,0,0
MLT2A1_dup3181,0,0
MLT2A1_dup3182,0.115422145,0.596690764
MLT2A1_dup3183,0,0
MLT2A1_dup3184,0,0
MLT2A1_dup3185,0,0.092811591
MLT2A1_dup3186,0.539412362,0.151807315
MLT2A1_dup3187,0,0.236887639
MLT2A1_dup3188,0,0
MLT2A1_dup3189,0,0.947550556
MLT2A1_dup3190,0,0
MLT2A1_dup3191,0,0
MLT2A1_dup3192,0,0
MLT2A1_dup3193,0,0
MLT2A1_dup3194,0,0
MLT2A1_dup3195,0,0
MLT2A1_dup3196,0,0
MLT2A1_dup3197,0,0
MLT2A1_dup3198,0,0
MLT2A1_dup3199,0,0.134801789
MLT2A1_dup3200,0,0
MLT2A1_dup3201,0,0
MLT2A1_dup3202,0,0
MLT2A1_dup3203,0.131304667,0
MLT2A1_dup3204,0,0.031982706
MLT2A1_dup3205,0,0
MLT2A1_dup3206,0,0
MLT2A1_dup3207,0,0
MLT2A1_dup3208,0,0.034314778
MLT2A1_dup3209,0,0
MLT2A1_dup3210,0,0
MLT2A1_dup3211,0,0
MLT2A1_dup3212,0.032596069,0
MLT2A1_dup3213,0,0
MLT2A1_dup3214,0,0
MLT2A1_dup3215,0,0
MLT2A1_dup3216,0,0
MLT2A1_dup3217,0,0
MLT2A1_dup3218,0,0
MLT2A1_dup3219,0,0.037540954
MLT2A1_dup3220,0.089069739,0.419169093
MLT2A1_dup3221,0,0.541515408
MLT2A1_dup3222,0.345215498,1.903901556
MLT2A1_dup3223,0.070828021,1.338049109
MLT2A1_dup3224,0,0.085053275
MLT2A1_dup3225,0,0
MLT2A1_dup3226,0,0
MLT2A1_dup3227,0.36844999,0.19430717
MLT2A1_dup3228,0,0
MLT2A1_dup3229,0,0
MLT2A1_dup3230,0,0
MLT2A1_dup3231,0,0
MLT2A1_dup3232,0,0
MLT2A1_dup3233,0,0
MLT2A1_dup3234,0,0
MLT2A1_dup3235,0,0
MLT2A1_dup3236,0,0
MLT2A1_dup3237,0,0
MLT2A1_dup3238,0,0
MLT2A1_dup3239,0,0
MLT2A1_dup3240,0,0
MLT2A1_dup3241,0.13163797,0.330520419
MLT2A1_dup3242,1.928163366,0
MLT2A1_dup3243,0,0
MLT2A1_dup3244,0,0
MLT2A1_dup3245,0.083651058,0.731724994
MLT2A1_dup3246,0,0.208548708
MLT2A1_dup3247,0,0
MLT2A1_dup3248,0,0
MLT2A1_dup3249,0,0.0318148
MLT2A1_dup3250,0,0
MLT2A1_dup3251,0,0
MLT2A1_dup3252,0.805364963,0
MLT2A1_dup3253,0,0
MLT2A1_dup3254,0,0
MLT2A1_dup3255,0,0
MLT2A1_dup3256,0,0
MLT2A1_dup3257,0,0.032742422
MLT2A1_dup3258,0,0.865084504
MLT2A1_dup3259,10.54267839,2.933096252
MLT2A1_dup3260,0.797290324,0
MLT2A1_dup3261,0,0.101654035
MLT2A1_dup3262,0,0.256452428
MLT2A1_dup3263,0.284483351,0.214142728
MLT2A1_dup3264,0.67613888,0
MLT2A1_dup3265,0,0
MLT2A1_dup3266,0,0
MLT2A1_dup3267,0,0
MLT2A1_dup3268,0.030851792,0
MLT2A1_dup3269,0.052429032,0.160161064
MLT2A1_dup3270,0,0.274978027
MLT2A1_dup3271,0,0
MLT2A1_dup3272,0,0.029792673
MLT2A1_dup3273,0,0
MLT2A1_dup3274,0,0
MLT2A1_dup3275,0,0
MLT2A1_dup3276,0,0
MLT2A1_dup3277,0.113822762,2.215716058
MLT2A1_dup3278,0,0
MLT2A1_dup3279,0.031838021,0
MLT2A1_dup3280,0,0
MLT2A1_dup3281,0,0
MLT2A1_dup3282,0,0.021746832
MLT2A1_dup3283,0.710146847,0.106910529
MLT2A1_dup3284,1.198488168,0.822316881
MLT2A1_dup3285,0,0
MLT2A1_dup3286,1.934172197,1.293429902
MLT2A1_dup3287,2.5345685,0.975855113
MLT2A1_dup3288,0,8.229604668
MLT2A1_dup3289,0.669030622,3.693273186
MLT2A1_dup3290,0,0.180918191
MLT2A1_dup3291,1.013695064,0.066019443
MLT2A1_dup3292,0.106220323,0.092273724
MLT2A1_dup3293,1.267173164,0.303737596
MLT2A1_dup3294,0,0
MLT2A1_dup3295,0,0
MLT2A1_dup3296,0.089874212,0
MLT2A1_dup3297,0,0
MLT2A1_dup3298,0,0
MLT2A1_dup3299,3.791660357,1.349058731
MLT2A1_dup3300,0.122967205,0.267154615
MLT2A1_dup3301,0,0
MLT2A1_dup3302,0,0
MLT2A1_dup3303,0,1.696333323
MLT2A1_dup3304,0,0
MLT2A1_dup3305,0,0
MLT2A1_dup3306,0,0.402660438
MLT2A1_dup3307,0.05397274,0.228387448
MLT2A1_dup3308,0.439398071,0.531236455
MLT2A1_dup3309,0,0
MLT2A1_dup3310,0,0
MLT2A1_dup3311,0,0
MLT2A1_dup3312,0,0
MLT2A1_dup3313,0,0
MLT2A1_dup3315,0,0
MLT2A1_dup3316,0,0
MLT2A1_dup3317,0,0
MLT2A1_dup3318,32.77058494,8.770017056
MLT2A1_dup3319,2.949848672,0.867825004
MLT2A1_dup3320,0,0.598388998
MLT2A1_dup3321,0.184397089,0.170998623
MLT2A1_dup3322,0,1.416100586
MLT2A1_dup3323,0,0.264714005
MLT2A1_dup3324,0,0
MLT2A1_dup3325,0,0
MLT2A1_dup3326,4.119697691,0.035421707
MLT2A1_dup3327,0,0
MLT2A1_dup3328,0,0
MLT2A1_dup3329,0,0
MLT2A1_dup3330,0,0.257430507
MLT2A1_dup3331,0,0.725565038
MLT2A1_dup3332,0.03057398,0
MLT2A1_dup3333,0,0
MLT2A1_dup3334,1.280335736,1.360622144
MLT2A1_dup3335,0,0.511350598
MLT2A1_dup3336,0.248721655,0.222742304
MLT2A1_dup3337,0.182142904,0
MLT2A1_dup3338,0,0.148891242
MLT2A1_dup3339,0,0
MLT2A1_dup3340,0,0.278764919
MLT2A1_dup3341,0,0.837583792
MLT2A1_dup3342,0.055558603,0.073050085
MLT2A1_dup3343,0.343218211,0.048188105
MLT2A1_dup3344,0,0
MLT2A1_dup3345,0,0
MLT2A1_dup3346,0.583438218,0.427097918
MLT2A1_dup3347,0,0
MLT2A1_dup3348,0,0
MLT2A1_dup3349,0,0
MLT2A1_dup3350,0,0
MLT2A1_dup3351,0,0
MLT2A1_dup3352,0,0
MLT2A1_dup3353,3.232589178,1.738428034
MLT2A1_dup3354,0,0.066049498
MLT2A1_dup3355,0,0
MLT2A1_dup3356,0,0
MLT2A1_dup3357,0,0
MLT2A1_dup3358,0,0
MLT2A1_dup3314,0,0.132098997
MLT2A1_dup3359,0,0
MLT2A1_dup3360,0,0
MLT2A1_dup3361,0,0
MLT2A1_dup3362,0,0
MLT2A1_dup3363,0,0
MLT2A1_dup3364,0,0
MLT2A1_dup3365,6.342376377,4.777685153
MLT2A1_dup3366,0,0
MLT2A1_dup3367,0,0
MLT2A1_dup3368,0,0
MLT2A1_dup3369,0.654014256,0.321788134
MLT2A1_dup3370,0.681705657,0.309939289
MLT2A1_dup3371,0,0.380057877
MLT2A1_dup3372,0,0.095228949
MLT2A1_dup3373,0,0
MLT2A1_dup3374,0,0.068273963
MLT2A1_dup3375,0,0
MLT2A1_dup3376,0,0
MLT2A1_dup3377,0,0.092794894
MLT2A1_dup3378,0,0
MLT2A1_dup3379,0,0
MLT2A1_dup3380,0,0
MLT2A1_dup3381,0,0.125195961
MLT2A1_dup3382,0,0
MLT2A1_dup3383,0,0
MLT2A1_dup3384,0,0
MLT2A1_dup3385,0.056875919,0
MLT2A1_dup3386,0.601609935,0
MLT2A1_dup3387,0.601609935,0
MLT2A1_dup3388,1.088478735,0.103145292
MLT2A1_dup3389,0,0
MLT2A1_dup3390,0,0
MLT2A1_dup3391,0,0
MLT2A1_dup3392,0,0
MLT2A1_dup3393,0,0
MLT2A1_dup3394,0,0
MLT2A1_dup3395,0,0
MLT2A1_dup3396,0.532316953,0
MLT2A1_dup3397,0,0
MLT2A1_dup3398,0,0
MLT2A1_dup3399,0,0
MLT2A1_dup3400,0,0
MLT2A1_dup3401,14.16269544,3.825515169
MLT2A1_dup3402,0,0.564723211
MLT2A1_dup3403,0.891606399,0.071020916
MLT2A1_dup3404,0,0
MLT2A1_dup3405,7.520349563,1.805998564
MLT2A1_dup3406,0,0
MLT2A1_dup3407,0,0
MLT2A1_dup3408,0,0
MLT2A1_dup3409,0,0
MLT2A1_dup3410,1.132388979,0.676932689
MLT2A1_dup3411,1.449566348,2.481554375
MLT2A1_dup3412,0.026196228,0
MLT2A1_dup3413,0,0.33188299
MLT2A1_dup3414,0,1.757767682
MLT2A1_dup3415,0.096010239,0
MLT2A1_dup3416,0,0
MLT2A1_dup3417,0,0.352287469
MLT2A1_dup3418,0,0
MLT2A1_dup3419,0.13559131,0.017263481
MLT2A1_dup3420,10.11355473,3.465468227
MLT2A1_dup3421,0,0.553169126
MLT2A1_dup3422,0,0
MLT2A1_dup3423,0,0
MLT2A1_dup3424,0,0
MLT2A1_dup3425,0,0
MLT2A1_dup3426,0,0
MLT2A1_dup3427,0,0
MLT2A1_dup3428,0,0
MLT2A1_dup3429,0,0
MLT2A1_dup3430,0.721031162,0.570153242
MLT2A1_dup3431,0,0
MLT2A1_dup3432,0,0
MLT2A1_dup3433,0,0
MLT2A1_dup3434,0,0
MLT2A1_dup3435,0,0
MLT2A1_dup3436,0,0
MLT2A1_dup3437,0,0
MLT2A1_dup3438,0,0.676529142
MLT2A1_dup3439,0,0
MLT2A1_dup3440,6.86369712,0.39491141
MLT2A1_dup3441,0.227082651,0
MLT2A1_dup3442,0,0
MLT2A1_dup3443,0,0.350756363
MLT2A1_dup3444,1.146930944,0.57178455
MLT2A1_dup3445,2.666805476,1.459191868
MLT2A1_dup3446,1.722433157,1.153703579
MLT2A1_dup3447,4.906158869,3.496961309
MLT2A1_dup3448,9.305666482,10.82606337
MLT2A1_dup3449,18.64226426,41.7140002
MLT2A1_dup3450,1.03742592,1.856849241
MLT2A1_dup3451,0,0
MLT2A1_dup3452,0,0
MLT2A1_dup3453,3.758112541,4.809908044
MLT2A1_dup3454,0.832910305,1.60685873
MLT2A1_dup3455,0.510126048,0.693863039
MLT2A1_dup3456,25.78594301,0.879643934
MLT2A1_dup3457,1.309495868,0
MLT2A1_dup3458,0,0
MLT2A1_dup3459,0.462826471,0.071381429
MLT2A1_dup3460,0,0
MLT2A1_dup3461,0,0
MLT2A1_dup3462,0.027199369,0
MLT2A1_dup3463,0,0
MLT2A1_dup3464,0,0
MLT2A1_dup3465,0,0
MLT2A1_dup3466,0.021871229,0
MLT2A1_dup3467,0,0
MLT2A1_dup3468,0,0
MLT2A1_dup3469,0,0.135538713
MLT2A1_dup3470,0,0
MLT2A1_dup3471,0,0
MLT2A1_dup3472,0,0.143858225
MLT2A1_dup3473,0,0
MLT2A1_dup3474,0,0.016371211
MLT2A1_dup3475,5.223463768,1.211318946
MLT2A1_dup3476,0.747937086,0
MLT2A1_dup3477,0,0
MLT2A1_dup3478,0,0
MLT2A1_dup3479,0,0
MLT2A1_dup3480,0,0
MLT2A1_dup3481,0,0
MLT2A1_dup3482,0,0
MLT2A1_dup3483,0,0
MLT2A1_dup3484,0,0
MLT2A1_dup3485,0.352150188,0
MLT2A1_dup3486,0,0.192632075
MLT2A1_dup3488,0.131077808,0
MLT2A1_dup3489,1.186212868,0
MLT2A1_dup3490,0.506236182,0
MLT2A1_dup3491,0,0
MLT2A1_dup3492,0,0
MLT2A1_dup3493,0.108702107,0.307870909
MLT2A1_dup3494,2.970269328,0.556769363
MLT2A1_dup3495,2.238494896,3.677267419
MLT2A1_dup3496,1.750037766,1.728872646
MLT2A1_dup3497,0.882064426,0
MLT2A1_dup3498,1.895023959,0.727161219
MLT2A1_dup3499,0,0
MLT2A1_dup3500,7.948379712,0.667952185
MLT2A1_dup3501,1.036519642,1.500433496
MLT2A1_dup3502,11.88000243,1.713275956
MLT2A1_dup3503,0,0
MLT2A1_dup3504,0.838825974,0
MLT2A1_dup3505,15.2715898,7.824789653
MLT2A1_dup3506,0.024586279,0.905149335
MLT2A1_dup3507,0,0
MLT2A1_dup3508,0,0
MLT2A1_dup3509,0,0.237116001
MLT2A1_dup3510,0,0
MLT2A1_dup3511,0,0
MLT2A1_dup3512,0,0
MLT2A1_dup3487,0,0
MLT2A1_dup3513,0,0.061004051
MLT2A1_dup3514,0.026871938,1.474534243
MLT2A1_dup3515,0,0.163813336
MLT2A1_dup3516,0,0
MLT2A1_dup3517,0,0
MLT2A1_dup3518,0.093988892,1.828247036
MLT2A1_dup3519,0,0
MLT2A1_dup3520,0,0
MLT2A1_dup3521,0.213900623,0
MLT2A1_dup3522,0,0
MLT2A1_dup3523,0,0.032060523
MLT2A1_dup3524,0,0.160526729
MLT2A1_dup3525,0.854043136,2.334451287
MLT2A1_dup3526,0,0
MLT2A1_dup3527,0,0
MLT2A1_dup3528,0,0
MLT2A1_dup3529,0,0
MLT2A1_dup3530,0,0
MLT2A1_dup3531,0,0
MLT2A1_dup3532,0,0
MLT2A1_dup3533,0,0
MLT2A1_dup3534,0,0
MLT2A1_dup3535,0,0
MLT2A1_dup3536,0,0
MLT2A1_dup3537,0,0
MLT2A1_dup3538,0,0
MLT2A1_dup3539,0,0
MLT2A1_dup3540,0,0
MLT2A1_dup3541,0,0
MLT2A1_dup3542,0.829336022,1.689243792
MLT2A1_dup3543,19.01083615,4.614745814
MLT2A1_dup3544,0,1.078263778
MLT2A1_dup3545,0,0
MLT2A1_dup3546,4.529557695,2.915554957
MLT2A1_dup3547,0,0
MLT2A1_dup3548,0,0
MLT2A1_dup3549,0.834694068,0.138885348
MLT2A1_dup3550,0,0
MLT2A1_dup3551,0,0
MLT2A1_dup3552,0,0
MLT2A1_dup3553,0,0
MLT2A1_dup3554,3.465816241,3.726311577
MLT2A1_dup3555,0,0
MLT2A1_dup3556,0,0
MLT2A1_dup3557,0,0.034042939
MLT2A1_dup3558,0,0
MLT2A1_dup3559,0,0
MLT2A1_dup3560,0,0
MLT2A1_dup3561,0,0
MLT2A1_dup3562,0,0
MLT2A1_dup3563,0,0
MLT2A1_dup3564,0,0
MLT2A1_dup3565,0,0.066215452
MLT2A1_dup3566,0,0
MLT2A1_dup3567,0,0
MLT2A1_dup3568,0,0
MLT2A1_dup3569,0,0
MLT2A1_dup3570,0,0
MLT2A1_dup3571,0,0
MLT2A1_dup3572,0,0.120336757
MLT2A1_dup3573,0,0
MLT2A1_dup3574,0,0
MLT2A1_dup3575,0.401372078,0.030084189
MLT2A1_dup3576,0,0
MLT2A1_dup3577,3.811767707,2.183258489
MLT2A1_dup3578,0.216706527,0
MLT2A1_dup3579,0.026555081,0.244851342
MLT2A1_dup3580,0.739612201,0.032476077
MLT2A1_dup3581,0,0
MLT2A1_dup3582,0,0
MLT2A1_dup3583,0,0
MLT2A1_dup3584,0,0
MLT2A1_dup3585,0,0
MLT2A1_dup3586,0,0
MLT2A1_dup3587,0,0.016482328
MLT2A1_dup3588,0,1.618787776
MLT2A1_dup3589,0,0
MLT2A1_dup3590,0,0
MLT2A1_dup3591,0,0
MLT2A1_dup3592,0,0
MLT2A1_dup3593,0,1.019926444
MLT2A1_dup3594,0,0
MLT2A1_dup271,0,0.030084189
MLT2A1_dup272,0,0
MLT2A1_dup273,0,0
MLT2A1_dup274,0,0
MLT2A1_dup275,0,0
MLT2A1_dup276,0,0
MLT2A1_dup277,0,0
MLT2A1_dup278,0,0
MLT2A1_dup279,0,0
MLT2A1_dup280,0,0
MLT2A1_dup281,0,0
MLT2A1_dup282,0,0
MLT2A1_dup283,0,0
MLT2A1_dup284,0.057576233,0.49283206
MLT2A1_dup285,0,0.261792217
MLT2A1_dup286,0,0
MLT2A1_dup287,53.1673209,0.149059671
MLT2A1_dup288,0,0
MLT2A1_dup289,0,0
MLT2A1_dup290,0,0
MLT2A1_dup291,0.147978695,0.071563061
MLT2A1_dup292,0,0
MLT2A1_dup293,0,0
MLT2A1_dup294,0,0
MLT2A1_dup295,0,0
MLT2A1_dup296,0,0
MLT2A1_dup297,0.308032849,0.988265619
MLT2A1_dup298,0.83467813,0.101883053
MLT2A1_dup299,0,0
MLT2A1_dup300,0,0
MLT2A1_dup301,0,0
MLT2A1_dup302,0,0
MLT2A1_dup303,0,0
MLT2A1_dup304,0,0
MLT2A1_dup305,0,0
MLT2A1_dup306,0.027627376,0.133607045
MLT2A1_dup307,0,0
MLT2A1_dup308,0.741848546,0
MLT2A1_dup309,0,0
MLT2A1_dup310,0,0
MLT2A1_dup311,0,0
MLT2A1_dup312,0,0
MLT2A1_dup313,0,0
MLT2A1_dup314,0,0
MLT2A1_dup315,0,0
MLT2A1_dup316,0,0
MLT2A1_dup317,0,0
MLT2A1_dup318,0,0
MLT2A1_dup319,0,0
MLT2A1_dup320,1.433974366,2.390445156
MLT2A1_dup321,0,0
MLT2A1_dup322,0,0
MLT2A1_dup323,0,0.419765417
MLT2A1_dup324,0.027283243,0
MLT2A1_dup325,0,0
MLT2A1_dup326,0.061760972,0
MLT2A1_dup327,0,0
MLT2A1_dup328,0,0
MLT2A1_dup329,0,0
MLT2A1_dup330,0,0
MLT2A1_dup331,0,0
MLT2A1_dup332,0.239798905,0
MLT2A1_dup333,0,0.061430652
MLT2A1_dup334,0,0
MLT2A1_dup335,1.077915864,1.398236359
MLT2A1_dup336,0.138131322,1.434476176
MLT2A1_dup337,0,0
MLT2A1_dup338,0,0
MLT2A1_dup339,1.810658167,0
MLT2A1_dup340,1.786595925,0.778029881
MLT2A1_dup341,5.428979583,0
MLT2A1_dup342,0,0
MLT2A1_dup343,0,0.550108223
MLT2A1_dup344,0,0
MLT2A1_dup345,0,0
MLT2A1_dup346,60.56532833,4.781518766
MLT2A1_dup347,0,0
MLT2A1_dup348,0,0
MLT2A1_dup349,33.41390412,3.593001854
MLT2A1_dup350,0,0
MLT2A1_dup351,0.883123377,0.238495474
MLT2A1_dup352,0,0
MLT2A1_dup353,0.326226235,0
MLT2A1_dup354,0,0
MLT2A1_dup355,0,0
MLT2A1_dup356,0.64854746,0.032778296
MLT2A1_dup357,0,0.031886942
MLT2A1_dup358,0.145510628,0.268915815
MLT2A1_dup359,0,0
MLT2A1_dup360,0,0
MLT2A1_dup361,0,0
MLT2A1_dup362,0,0
MLT2A1_dup363,0,0.616952852
MLT2A1_dup364,0,0.781230081
MLT2A1_dup365,0.052868752,0.419264202
MLT2A1_dup366,0,0
MLT2A1_dup367,0.880093854,0.753329007
MLT2A1_dup368,0.25404771,0.853851879
MLT2A1_dup369,0,1.9964962
MLT2A1_dup370,0.203098582,0.072400412
MLT2A1_dup371,0.382637557,0.144800823
MLT2A1_dup372,2.141676308,1.9964962
MLT2A1_dup373,0,0
MLT2A1_dup374,0,0.538415326
MLT2A1_dup375,0.950493626,0
MLT2A1_dup376,0,0
MLT2A1_dup377,0,0
MLT2A1_dup378,0,0
MLT2A1_dup379,0.702048047,0.297118987
MLT2A1_dup380,2.114750076,0.11038165
MLT2A1_dup381,0,0.198830336
MLT2A1_dup382,0.176229173,0
MLT2A1_dup383,0.704916692,0.59894886
MLT2A1_dup384,0,0.143226901
MLT2A1_dup385,2.643437594,0.19964962
MLT2A1_dup386,0.639671903,0.144516941
MLT2A1_dup387,0,0
MLT2A1_dup388,0,0.034225649
MLT2A1_dup389,0,0
MLT2A1_dup390,0,0.143226901
MLT2A1_dup391,0,0
MLT2A1_dup392,0,0
MLT2A1_dup393,0,0.077994431
MLT2A1_dup394,2.400026504,2.357330834
MLT2A1_dup395,0,0
MLT2A1_dup396,0,0
MLT2A1_dup397,0,0
MLT2A1_dup398,0,0
MLT2A1_dup399,0,0
MLT2A1_dup400,0,0
MLT2A1_dup401,0,0
MLT2A1_dup402,0,0
MLT2A1_dup403,0,0
MLT2A1_dup404,0,0
MLT2A1_dup405,0,0
MLT2A1_dup406,2.067554877,0.828381646
MLT2A1_dup407,1.106382535,1.675391266
MLT2A1_dup408,0,0
MLT2A1_dup409,0,0
MLT2A1_dup410,0,0.454374997
MLT2A1_dup411,0.606182473,0.187261385
MLT2A1_dup412,2.740578719,0
MLT2A1_dup413,3.392022041,0.914814525
MLT2A1_dup414,3.733731502,0
MLT2A1_dup415,12.23167533,0.148046315
MLT2A1_dup416,0.068073558,0
MLT2A1_dup417,0,0
MLT2A1_dup418,29.72659988,1.268340162
MLT2A1_dup419,11.58209451,2.476274216
MLT2A1_dup420,0,0
MLT2A1_dup421,0,0
MLT2A1_dup422,0,0
MLT2A1_dup423,0,0
MLT2A1_dup424,0,0
MLT2A1_dup425,0,0
MLT2A1_dup426,0.030368474,0
MLT2A1_dup427,0,0.03129899
MLT2A1_dup428,0,0
MLT2A1_dup429,0,0
MLT2A1_dup430,0,0
MLT2A1_dup431,0,0
MLT2A1_dup432,0,0
MLT2A1_dup433,0,0
MLT2A1_dup434,0,0.969468679
MLT2A1_dup435,0,0
MLT2A1_dup436,0,0
MLT2A1_dup437,0.121392256,0.097366071
MLT2A1_dup438,0,0.065780487
MLT2A1_dup439,0.532056739,0
MLT2A1_dup440,0,0
MLT2A1_dup441,0,0
MLT2A1_dup442,0,0
MLT2A1_dup443,0,0
MLT2A1_dup444,0.97838687,0.665155596
MLT2A1_dup445,0,0
MLT2A1_dup446,0,0
MLT2A1_dup447,0,0
MLT2A1_dup448,0,0
MLT2A1_dup449,0,0
MLT2A1_dup450,1.142577986,0
MLT2A1_dup451,0,0
MLT2A1_dup452,0.208394316,0
MLT2A1_dup453,0,0
MLT2A1_dup454,0.707593981,0.062331845
MLT2A1_dup455,0,0
MLT2A1_dup456,0,0
MLT2A1_dup457,0,0
MLT2A1_dup458,0,0
MLT2A1_dup459,0,0
MLT2A1_dup460,0,0
MLT2A1_dup461,0,0
MLT2A1_dup462,0.125727693,0
MLT2A1_dup463,0.731721207,0.374990439
MLT2A1_dup464,0,0
MLT2A1_dup465,0,0.706832011
MLT2A1_dup466,0,0
MLT2A1_dup467,1.540164245,0
MLT2A1_dup468,0,0
MLT2A1_dup469,2.21702441,0.70027858
MLT2A1_dup470,0,0
MLT2A1_dup471,0,0
MLT2A1_dup472,0,0
MLT2A1_dup473,0,0.093232606
MLT2A1_dup474,0,0
MLT2A1_dup475,0,0
MLT2A1_dup476,0,0
MLT2A1_dup477,0,0
MLT2A1_dup478,0,0
MLT2A1_dup479,0,0
MLT2A1_dup480,0,0
MLT2A1_dup481,0,0
MLT2A1_dup482,0,0
MLT2A1_dup483,0,0
MLT2A1_dup484,0,0
MLT2A1_dup485,0,0
MLT2A1_dup486,0,0
MLT2A1_dup487,0,0
MLT2A1_dup488,0.1528699,0.034893651
MLT2A1_dup489,0,0
MLT2A1_dup490,0,0
MLT2A1_dup491,0,0
MLT2A1_dup492,0,0
MLT2A1_dup493,3.353801839,0.202721153
MLT2A1_dup494,0.183900208,0
MLT2A1_dup495,0,0
MLT2A1_dup496,0.385041061,0.411777341
MLT2A1_dup497,0.99977821,0.994481126
MLT2A1_dup498,0,0
MLT2A1_dup499,0,0.01425673
MLT2A1_dup500,0,0
MLT2A1_dup501,0,0
MLT2A1_dup502,0,0
MLT2A1_dup503,0,0
MLT2A1_dup504,0,0
MLT2A1_dup505,0,0
MLT2A1_dup506,0,0
MLT2A1_dup507,1.546131144,0.8375286
MLT2A1_dup508,0,0
MLT2A1_dup509,0,0
MLT2A1_dup510,0,0
MLT2A1_dup511,0.635755742,0
MLT2A1_dup512,0,0
MLT2A1_dup513,0.472760248,0
MLT2A1_dup514,0,0
MLT2A1_dup515,0,0
MLT2A1_dup516,0,0
MLT2A1_dup517,0.802127338,0
MLT2A1_dup518,0.635348386,0
MLT2A1_dup519,7.281161739,0.508067838
MLT2A1_dup520,0.423812424,0
MLT2A1_dup521,0,1.534051795
MLT2A1_dup522,0,0.384076728
MLT2A1_dup523,0,0
MLT2A1_dup524,0,0
MLT2A1_dup525,0,0
MLT2A1_dup526,0,0.22442366
MLT2A1_dup527,1.532062804,3.157755714
MLT2A1_dup528,0,0.140553332
MLT2A1_dup529,0,0
MLT2A1_dup530,0,0
MLT2A1_dup531,0,0
MLT2A1_dup532,0,0
MLT2A1_dup533,0,0
MLT2A1_dup534,0,0
MLT2A1_dup535,0,0.704075819
MLT2A1_dup536,0,0
MLT2A1_dup537,13.54664473,0
MLT2A1_dup538,0,0
MLT2A1_dup539,0,0.026459588
MLT2A1_dup540,0,0
MLT2A1_dup541,0,0
MLT2A1_dup542,0,0
MLT2A1_dup543,0,0
MLT2A1_dup544,0,0
MLT2A1_dup545,0,0
MLT2A1_dup546,0,0
MLT2A1_dup547,0,0
MLT2A1_dup548,0,0
MLT2A1_dup549,0,0
MLT2A1_dup550,0,0
MLT2A1_dup551,1.096273053,0
MLT2A1_dup552,0,0
MLT2A1_dup553,0,0
MLT2A1_dup554,0,0
MLT2A1_dup555,0,0
MLT2A1_dup556,0,0
MLT2A1_dup557,0.315123119,0
MLT2A1_dup558,0,0
MLT2A1_dup559,0,0
MLT2A1_dup560,0,0
MLT2A1_dup561,0.564856258,0.068629557
MLT2A1_dup562,0,0
MLT2A1_dup563,0,0
MLT2A1_dup564,0,0
MLT2A1_dup565,3.216945444,0.942495571
MLT2A1_dup566,0,0
MLT2A1_dup567,0,0
MLT2A1_dup568,0,0
MLT2A1_dup569,0,0
MLT2A1_dup570,0,0
MLT2A1_dup571,0,0
MLT2A1_dup572,0,0.181213163
MLT2A1_dup573,0,0
MLT2A1_dup574,0.055878975,0.687229304
MLT2A1_dup575,0.102836838,0.169016123
MLT2A1_dup576,0.194848746,0.026673836
MLT2A1_dup577,0.361651096,0.627470234
MLT2A1_dup578,0,0
MLT2A1_dup579,0,0.302916665
MLT2A1_dup580,0,0
MLT2A1_dup581,0,0.368818382
MLT2A1_dup3595,0.024417879,0
MLT2A1_dup3596,0.798322682,0.190028939
MLT2A1_dup3597,0.264966988,0.653138224
MLT2A1_dup3598,0,1.318325762
MLT2A1_dup3599,0,0
MLT2A1_dup3600,0,0
MLT2A1_dup3601,0,0.387555145
MLT2A1_dup3602,0,0.061004051
MLT2A1_dup3603,0,0.40994722
MLT2A1_dup3604,0,0.048676095
MLT2A1_dup3605,0,0
MLT2A1_dup3606,0,0.110435666
MLT2A1_dup3607,0,0
MLT2A1_dup3608,0.16469613,0.032032213
MLT2A1_dup3609,0,0
MLT2A1_dup3610,0,0.366024303
MLT2A1_dup3611,0,0.066803522
MLT2A1_dup3612,0,0
MLT2A1_dup3613,0,0
MLT2A1_dup3614,0.399295224,1.469370233
MLT2A1_dup3615,0,0.374990439
MLT2A1_dup3616,0,0
MLT2A1_dup3617,0,0
MLT2A1_dup3618,0,0.264861807
MLT2A1_dup3619,0,0
MLT2A1_dup3620,0,0
MLT2A1_dup3621,0,0
MLT2A1_dup3622,0,0
MLT2A1_dup3623,0,0
MLT2A1_dup3624,0,0
MLT2A1_dup3625,0,0
MLT2A1_dup3626,0,0.392604767
MLT2A1_dup3627,0,0.574255624
MLT2A1_dup3628,0,0
MLT2A1_dup3629,0,0
MLT2A1_dup3630,0,0
MLT2A1_dup3631,0,0
MLT2A1_dup3632,0,0.020180579
MLT2A1_dup3633,0,0
MLT2A1_dup3634,0.030289389,0
MLT2A1_dup3635,0,0
MLT2A1_dup3636,0,0
MLT2A1_dup3637,0.205131311,0
MLT2A1_dup3638,0,0
MLT2A1_dup3639,0.384931061,0
MLT2A1_dup3640,0,0
MLT2A1_dup3641,0,0
MLT2A1_dup3642,0,0
MLT2A1_dup3643,0,7.92987151
MLT2A1_dup3644,0,0.936023006
MLT2A1_dup3645,1.953473386,0.3386511
MLT2A1_dup3646,0,0
MLT2A1_dup3647,0,0
MLT2A1_dup3648,0,0
MLT2A1_dup3649,1.039959449,1.437325765
MLT2A1_dup3650,5.048253257,1.14393755
MLT2A1_dup3651,0,0
MLT2A1_dup3652,0,0
MLT2A1_dup3653,0.161273743,0.019071175
MLT2A1_dup3654,0.260768549,0.037201432
MLT2A1_dup3655,0,0
MLT2A1_dup3656,0,0
MLT2A1_dup3657,0,0.322033774
MLT2A1_dup3658,0,0
MLT2A1_dup3659,0,0
MLT2A1_dup3660,0,0.427121119
MLT2A1_dup3661,0.306754956,0
MLT2A1_dup3662,0,0
MLT2A1_dup3663,0,0
MLT2A1_dup3664,5.501492559,0.218748846
MLT2A1_dup3665,0.139874679,0
MLT2A1_dup3666,0,0
MLT2A1_dup3667,0,0
MLT2A1_dup3668,0,0
MLT2A1_dup3669,0,0.12556247
MLT2A1_dup3670,0,1.308106182
MLT2A1_dup3671,0,0.520820054
MLT2A1_dup3672,0,0
MLT2A1_dup3673,0,0
MLT2A1_dup3674,0,0
MLT2A1_dup3675,0,0
MLT2A1_dup3676,0.026494591,0.096096639
MLT2A1_dup3677,0,0
MLT2A1_dup3678,0,0
MLT2A1_dup3679,0.030688985,0
MLT2A1_dup3680,0,0
MLT2A1_dup3681,0,0
MLT2A1_dup3682,0,0
MLT2A1_dup3683,0.13938138,0.059623868
MLT2A1_dup3684,0,0.352600503
MLT2A1_dup3685,0,0.309058054
MLT2A1_dup3686,0,0.034466033
MLT2A1_dup3687,0,0
MLT2A1_dup3688,0,0
MLT2A1_dup3689,0,0
MLT2A1_dup3690,0,0
MLT2A1_dup3691,0,0.030111652
MLT2A1_dup3692,0,0
MLT2A1_dup3693,0.023661573,0.031110932
MLT2A1_dup3694,0,0
MLT2A1_dup3695,0,0
MLT2A1_dup3696,0,0.034314778
MLT2A1_dup3697,0,0
MLT2A1_dup3698,0.426271612,0
MLT2A1_dup3699,0,0
MLT2A1_dup3700,0,0
MLT2A1_dup3701,0,0
MLT2A1_dup3702,0,0
MLT2A1_dup3703,0,0
MLT2A1_dup3704,0,0
MLT2A1_dup3705,3.634539681,0.631984409
MLT2A1_dup3706,0,0.083662698
MLT2A1_dup3707,0.254643599,0.669625784
MLT2A1_dup3708,0.333351621,0
MLT2A1_dup3709,0.327637336,0.615649765
MLT2A1_dup3710,5.666464884,5.671932974
MLT2A1_dup3711,2.275998806,1.220496107
MLT2A1_dup3712,0,0.12783765
MLT2A1_dup3713,0,0
MLT2A1_dup3714,0,0
MLT2A1_dup3715,0.13322832,0.327019284
MLT2A1_dup3716,0,0.031224822
MLT2A1_dup3717,0,0
MLT2A1_dup3718,0,0.129010472
MLT2A1_dup3719,0,0
MLT2A1_dup3720,0.086566609,0
MLT2A1_dup3721,0,0.240673514
MLT2A1_dup3722,0,0
MLT2A1_dup3723,0,0.152863978
MLT2A1_dup3724,0,0
MLT2A1_dup3725,0,0
MLT2A1_dup3726,0,0
MLT2A1_dup3727,0,0
MLT2A1_dup583,0,0
MLT2A1_dup584,0,0
MLT2A1_dup585,0,0.017141621
MLT2A1_dup586,0,0.498878633
MLT2A1_dup587,0,0
MLT2A1_dup588,0,0
MLT2A1_dup589,0,0
MLT2A1_dup590,0,0
MLT2A1_dup591,0,0
MLT2A1_dup592,0,0
MLT2A1_dup593,0,0
MLT2A1_dup594,0,0
MLT2A1_dup595,0.0623864,0
MLT2A1_dup596,0,0
MLT2A1_dup597,0,0
MLT2A1_dup598,0,0
MLT2A1_dup599,0,0
MLT2A1_dup600,0,0
MLT2A1_dup601,0,0
MLT2A1_dup602,0,0
MLT2A1_dup603,0,0
MLT2A1_dup604,12.84509723,1.223807723
MLT2A1_dup605,0,0
MLT2A1_dup606,0,0
MLT2A1_dup607,0,0
MLT2A1_dup608,0,0
MLT2A1_dup609,0,0
MLT2A1_dup610,0.030608225,0
MLT2A1_dup611,0,0
MLT2A1_dup612,0.024196903,0.98625879
MLT2A1_dup613,0.103084638,0
MLT2A1_dup614,0,0
MLT2A1_dup615,0,0.092577576
MLT2A1_dup616,0,0
MLT2A1_dup617,0,0
MLT2A1_dup618,0,0
MLT2A1_dup619,0.398681368,0
MLT2A1_dup620,0,0
MLT2A1_dup621,2.376673594,0
MLT2A1_dup622,0.639266899,0
MLT2A1_dup623,0,0
MLT2A1_dup624,0.16667581,0.034225649
MLT2A1_dup625,0.394286863,0
MLT2A1_dup626,1.89391177,0
MLT2A1_dup627,4.132171134,0
MLT2A1_dup628,0,0
MLT2A1_dup629,0,0
MLT2A1_dup630,0,0
MLT2A1_dup631,0.442713709,0.183818843
MLT2A1_dup632,0,0
MLT2A1_dup633,0,0
MLT2A1_dup634,0,0
MLT2A1_dup635,0,0
MLT2A1_dup636,0,0
MLT2A1_dup637,0.034904572,0.447939091
MLT2A1_dup638,0.804770506,0.158357449
MLT2A1_dup639,0,0
MLT2A1_dup640,0,0.032138719
MLT2A1_dup641,0,0
MLT2A1_dup642,0.639892841,0.19805833
MLT2A1_dup643,0,0
MLT2A1_dup644,0,0
MLT2A1_dup645,1.138909366,0.842432437
MLT2A1_dup646,0,0
MLT2A1_dup647,0,0
MLT2A1_dup648,0.049172557,0
MLT2A1_dup649,0.546185603,0.994800608
MLT2A1_dup650,0.139621817,0
MLT2A1_dup651,0,0
MLT2A1_dup652,0,0.30079447
MLT2A1_dup653,1.336212841,0
MLT2A1_dup654,0,0
MLT2A1_dup655,0,0.660133866
MLT2A1_dup656,0.45227301,0.225768326
MLT2A1_dup657,1.115742951,0
MLT2A1_dup658,0,0
MLT2A1_dup659,0,0
MLT2A1_dup660,0,0
MLT2A1_dup661,0,0
MLT2A1_dup662,0.878941133,0
MLT2A1_dup663,0,0
MLT2A1_dup664,2.09641235,0.806556742
MLT2A1_dup665,0,0
MLT2A1_dup666,0,0
MLT2A1_dup667,0,0
MLT2A1_dup668,0,0
MLT2A1_dup669,0.084779683,0.151110951
MLT2A1_dup670,0,0
MLT2A1_dup671,0,0
MLT2A1_dup672,0,0
MLT2A1_dup673,0,0
MLT2A1_dup674,0.193023195,0.332111529
MLT2A1_dup675,0,0
MLT2A1_dup676,0,0
MLT2A1_dup677,0,0.764246818
MLT2A1_dup678,0,0
MLT2A1_dup679,0,0
MLT2A1_dup680,0.317432432,0.096316037
MLT2A1_dup681,0,0
MLT2A1_dup682,0,0
MLT2A1_dup683,0,0
MLT2A1_dup684,0,0.084024722
MLT2A1_dup685,0,0
MLT2A1_dup686,0,0
MLT2A1_dup687,0,0
MLT2A1_dup688,0,0
MLT2A1_dup689,0,0
MLT2A1_dup690,0,0.652404975
MLT2A1_dup691,0.305631857,0.495816365
MLT2A1_dup692,0,0
MLT2A1_dup693,0,0
MLT2A1_dup694,0,0
MLT2A1_dup695,0.115152467,0
MLT2A1_dup696,0,0
MLT2A1_dup697,0,0
MLT2A1_dup698,0,0
MLT2A1_dup699,0,0
MLT2A1_dup700,2.260853837,0
MLT2A1_dup701,0,0
MLT2A1_dup702,0,0
MLT2A1_dup703,0,0
MLT2A1_dup704,0,0
MLT2A1_dup705,0,0
MLT2A1_dup706,0,0
MLT2A1_dup707,0,0
MLT2A1_dup708,0.073589664,0
MLT2A1_dup709,0,0
MLT2A1_dup710,0,0
MLT2A1_dup711,0.66253246,0
MLT2A1_dup712,0,0
MLT2A1_dup713,0,0
MLT2A1_dup714,0,0.035690714
MLT2A1_dup715,0,0
MLT2A1_dup716,0,0
MLT2A1_dup717,0,0
MLT2A1_dup718,0,0
MLT2A1_dup719,0,0.031529465
MLT2A1_dup720,0.718841059,0.34297906
MLT2A1_dup721,0,0
MLT2A1_dup722,0,0
MLT2A1_dup723,6.194276119,0.5508786
MLT2A1_dup724,0.521708838,0.664366253
MLT2A1_dup725,2.433809915,0.726861558
MLT2A1_dup726,0,0
MLT2A1_dup727,0,0
MLT2A1_dup728,0,0
MLT2A1_dup729,0.241103203,0.13449559
MLT2A1_dup730,0,0
MLT2A1_dup731,0,0.245314161
MLT2A1_dup732,0,0
MLT2A1_dup733,0,0
MLT2A1_dup734,0,0.186665595
MLT2A1_dup735,0.185040632,0.063918825
MLT2A1_dup736,0,0
MLT2A1_dup737,0,0
MLT2A1_dup738,0,0
MLT2A1_dup739,0,0
MLT2A1_dup740,0,0
MLT2A1_dup741,0,0
MLT2A1_dup742,0,0
MLT2A1_dup743,0.139500407,0.592852025
MLT2A1_dup744,0.156621795,0.551333679
MLT2A1_dup745,0,0
MLT2A1_dup746,0,0.458909536
MLT2A1_dup582,0,0
MLT2A1_dup747,0,0
MLT2A1_dup748,0.047757031,0.654053091
MLT2A1_dup749,0,0
MLT2A1_dup750,0,0.135494858
MLT2A1_dup751,0.208209051,1.158768274
MLT2A1_dup752,0,0
MLT2A1_dup753,0,0
MLT2A1_dup754,0,0
MLT2A1_dup755,0,0
MLT2A1_dup756,0,0
MLT2A1_dup757,0,0
MLT2A1_dup758,0,0
MLT2A1_dup759,0,0
MLT2A1_dup760,0,0
MLT2A1_dup761,0,0
MLT2A1_dup762,0,0
MLT2A1_dup763,0,0
MLT2A1_dup764,0,0
MLT2A1_dup765,0,0
MLT2A1_dup766,0,0
MLT2A1_dup767,0,0
MLT2A1_dup768,0,0
MLT2A1_dup769,0.665860975,0.599598106
MLT2A1_dup770,0.172965464,0
MLT2A1_dup771,0,0
MLT2A1_dup772,0,0.185434832
MLT2A1_dup773,0,0.065780487
MLT2A1_dup774,0,0.090219057
MLT2A1_dup775,0,0.155004019
MLT2A1_dup776,0,0
MLT2A1_dup777,0,0
MLT2A1_dup778,0,0
MLT2A1_dup779,0,0.178931548
MLT2A1_dup780,0,0
MLT2A1_dup781,0,0
MLT2A1_dup782,0,0
MLT2A1_dup783,0,0
MLT2A1_dup784,0.562037575,1.935157081
MLT2A1_dup785,0,0
MLT2A1_dup786,0,0.065954035
MLT2A1_dup787,4.268526822,0.464350773
MLT2A1_dup788,0,0
MLT2A1_dup789,0,0
MLT2A1_dup790,0.138131322,0.11817825
MLT2A1_dup791,0,0
MLT2A1_dup792,0,0
MLT2A1_dup793,0,0
MLT2A1_dup794,0,0
MLT2A1_dup795,0,0.131421883
MLT2A1_dup796,0,0
MLT2A1_dup797,0,0
MLT2A1_dup798,0.290482328,0
MLT2A1_dup799,0,0
MLT2A1_dup800,0,0.089940603
MLT2A1_dup801,0.53353897,0.813001237
MLT2A1_dup802,0.027175527,0
MLT2A1_dup803,0,0.896901961
MLT2A1_dup804,0,0
MLT2A1_dup805,0,0
MLT2A1_dup806,0,0
MLT2A1_dup807,0,0
MLT2A1_dup808,0.895468497,0.128421383
MLT2A1_dup809,0,0
MLT2A1_dup810,0.272659657,2.208933577
MLT2A1_dup811,0.611069024,0.034381764
MLT2A1_dup812,0,0
MLT2A1_dup813,0,0
MLT2A1_dup814,0,0
MLT2A1_dup815,0,0
MLT2A1_dup816,0,0
MLT2A1_dup817,0,0
MLT2A1_dup818,0,0
MLT2A1_dup819,0,0
MLT2A1_dup820,0,0
MLT2A1_dup821,0,0.099074248
MLT2A1_dup822,0,0
MLT2A1_dup823,0,0
MLT2A1_dup824,1.754478717,0.47969835
MLT2A1_dup825,0,0
MLT2A1_dup826,0,0.267850313
MLT2A1_dup827,0,0
MLT2A1_dup828,0,0
MLT2A1_dup829,0,0
MLT2A1_dup830,0,0
MLT2A1_dup831,0,0
MLT2A1_dup832,0,0
MLT2A1_dup833,1.013850768,0.675837888
MLT2A1_dup834,0.268408118,0.205212868
MLT2A1_dup835,0,0.072004781
MLT2A1_dup836,0,0
MLT2A1_dup837,0,0
MLT2A1_dup838,0,0
MLT2A1_dup839,0,0
MLT2A1_dup840,0.313519439,0.178907652
MLT2A1_dup841,0,0
MLT2A1_dup842,0,0
MLT2A1_dup843,0,0.138885348
MLT2A1_dup844,0,0
MLT2A1_dup845,0.24306889,0
MLT2A1_dup846,0.42554958,0.319263489
MLT2A1_dup847,0,0
MLT2A1_dup848,0,0.316583794
MLT2A1_dup849,0,0.061349136
MLT2A1_dup850,0,0.112722577
MLT2A1_dup851,0,0
MLT2A1_dup852,0,0
MLT2A1_dup853,0,0
MLT2A1_dup854,0,0
MLT2A1_dup855,0,0
MLT2A1_dup856,0,0
MLT2A1_dup857,4.613138326,0
MLT2A1_dup858,4.714121148,0
MLT2A1_dup859,0,0
MLT2A1_dup860,0,0
MLT2A1_dup861,0.819621167,0
MLT2A1_dup862,0,0
MLT2A1_dup863,0,0
MLT2A1_dup864,0.02845569,0
MLT2A1_dup865,0,0
MLT2A1_dup867,0,0
MLT2A1_dup868,0,0
MLT2A1_dup869,0.074443372,0
MLT2A1_dup870,0,0
MLT2A1_dup871,0,0
MLT2A1_dup872,380.4164022,477.9875623
MLT2A1_dup873,0,0.329295829
MLT2A1_dup874,0,0.370056354
MLT2A1_dup875,0,0
MLT2A1_dup876,0.08195996,0.796937499
MLT2A1_dup877,0,0
MLT2A1_dup878,0.844344566,3.320585339
MLT2A1_dup879,0,5.139647289
MLT2A1_dup880,0,1.136100858
MLT2A1_dup881,0,0.08975835
MLT2A1_dup882,0.449108238,0
MLT2A1_dup883,0,0
MLT2A1_dup884,0,0
MLT2A1_dup885,0,0
MLT2A1_dup886,0.030383611,0
MLT2A1_dup887,0,0
MLT2A1_dup888,0,0
MLT2A1_dup889,0.83006047,0.033641487
MLT2A1_dup890,0,0
MLT2A1_dup891,0,0
MLT2A1_dup892,0.252503708,0.183863371
MLT2A1_dup893,0,0
MLT2A1_dup894,0,0
MLT2A1_dup895,0,0
MLT2A1_dup896,0,0
MLT2A1_dup897,0,0
MLT2A1_dup898,0,0
MLT2A1_dup899,0,0
MLT2A1_dup900,0,0
MLT2A1_dup901,0,0
MLT2A1_dup902,0,0
MLT2A1_dup903,0,0
MLT2A1_dup904,0,0
MLT2A1_dup905,0,0
MLT2A1_dup906,0,0
MLT2A1_dup907,0,0
MLT2A1_dup908,0.198097027,0
MLT2A1_dup909,0,0
MLT2A1_dup910,2.251185564,0
MLT2A1_dup911,0.119293594,0
MLT2A1_dup912,0,0
MLT2A1_dup913,0.381965399,0.058825334
MLT2A1_dup914,0,0.312492032
MLT2A1_dup915,0,0.066990243
MLT2A1_dup916,0.22504683,0.475516717
MLT2A1_dup917,0,0
MLT2A1_dup918,0,0
MLT2A1_dup919,0,0
MLT2A1_dup920,0,0
MLT2A1_dup921,0,0
MLT2A1_dup922,0,0
MLT2A1_dup923,0,0
MLT2A1_dup924,0,0.029544563
MLT2A1_dup925,0,0
MLT2A1_dup926,0,0
MLT2A1_dup927,0.817903068,0
MLT2A1_dup928,1.770863403,0.033700447
MLT2A1_dup929,0,0
MLT2A1_dup930,0,0
MLT2A1_dup931,0,0
MLT2A1_dup932,0,0
MLT2A1_dup933,0,0
MLT2A1_dup934,0,0
MLT2A1_dup935,0,0
MLT2A1_dup936,0,0
MLT2A1_dup937,0,0
MLT2A1_dup938,0,0
MLT2A1_dup939,0,0
MLT2A1_dup940,0,0
MLT2A1_dup941,0,0
MLT2A1_dup942,0,0
MLT2A1_dup943,0,0
MLT2A1_dup944,4.751175899,0
MLT2A1_dup945,0,0
MLT2A1_dup946,0,0
MLT2A1_dup947,0,0
MLT2A1_dup948,0.144616361,0
MLT2A1_dup949,0,0
MLT2A1_dup950,0,0.108303082
MLT2A1_dup951,0,0
MLT2A1_dup952,0,0
MLT2A1_dup953,0,0
MLT2A1_dup954,0,0
MLT2A1_dup955,0,0
MLT2A1_dup956,0,0.056620639
MLT2A1_dup957,0,0
MLT2A1_dup958,0,0
MLT2A1_dup959,0,0
MLT2A1_dup960,0.288780796,0
MLT2A1_dup961,0,0
MLT2A1_dup962,0,0
MLT2A1_dup963,0,0
MLT2A1_dup964,1.580234624,0.065557769
MLT2A1_dup965,0,0
MLT2A1_dup966,1.156652415,0
MLT2A1_dup967,0.535709303,0.071613451
MLT2A1_dup968,0.440046927,0.235301338
MLT2A1_dup969,0,0
MLT2A1_dup970,0,0
MLT2A1_dup971,0,0
MLT2A1_dup972,0,0.10068359
MLT2A1_dup973,0,0
MLT2A1_dup974,0,0
MLT2A1_dup975,0,0
MLT2A1_dup976,0,0
MLT2A1_dup977,0,0
MLT2A1_dup978,0,0
MLT2A1_dup979,0,0.107420176
MLT2A1_dup980,0,0
MLT2A1_dup981,0,0
MLT2A1_dup982,0,0
MLT2A1_dup983,0.761271114,0
MLT2A1_dup984,0,0
MLT2A1_dup985,0,0
MLT2A1_dup986,0,0
MLT2A1_dup987,0,0
MLT2A1_dup988,0,0
MLT2A1_dup989,0,0
MLT2A1_dup990,0,0
MLT2A1_dup991,0,0
MLT2A1_dup992,0,0
MLT2A1_dup993,0,0
MLT2A1_dup994,0,0
MLT2A1_dup995,0,0
MLT2A1_dup996,0,0
MLT2A1_dup997,0.08269354,0
MLT2A1_dup998,0,0
MLT2A1_dup999,0,0
MLT2A1_dup1000,0,0
MLT2A1_dup1001,3.168011404,0.527330305
MLT2A1_dup1002,0,0
MLT2A1_dup1003,0,0
MLT2A1_dup1004,0.797913617,0
MLT2A1_dup1005,0,0
MLT2A1_dup1006,0,0
MLT2A1_dup1007,0.396112266,0
MLT2A1_dup1008,8.226947054,0
MLT2A1_dup1009,4.476989792,0
MLT2A1_dup1010,0,0
MLT2A1_dup1011,7.212780071,1.007879341
MLT2A1_dup1012,0,0
MLT2A1_dup1013,0,0
MLT2A1_dup1014,0,0
MLT2A1_dup1015,0,0
MLT2A1_dup1016,0,0
MLT2A1_dup1017,0,0
MLT2A1_dup1018,0,0
MLT2A1_dup1019,3.204027587,0.49971762
MLT2A1_dup1020,0.548049687,0.067228954
MLT2A1_dup1021,0,0
MLT2A1_dup1022,0,0
MLT2A1_dup1023,0,0
MLT2A1_dup1024,0,0
MLT2A1_dup1025,0,0.135854338
MLT2A1_dup1026,0,0
MLT2A1_dup1027,2.403818814,0.626799899
MLT2A1_dup1028,0,0
MLT2A1_dup1029,0,0
MLT2A1_dup1030,0,0
MLT2A1_dup1031,0,0
MLT2A1_dup1032,0,0
MLT2A1_dup1033,0,0
MLT2A1_dup1034,0,0
MLT2A1_dup1035,0,0
MLT2A1_dup1036,0,0
MLT2A1_dup1037,0.32748559,0
MLT2A1_dup1038,0,0
MLT2A1_dup1039,0,0
MLT2A1_dup1040,0,0
MLT2A1_dup1041,0,0.030153032
MLT2A1_dup1042,0.10748775,0
MLT2A1_dup1043,0,0
MLT2A1_dup1044,0,0
MLT2A1_dup1045,0,0
MLT2A1_dup1046,0,0
MLT2A1_dup1047,0,0
MLT2A1_dup1048,0,0
MLT2A1_dup1049,0,0
MLT2A1_dup1050,0,0
MLT2A1_dup1051,0,0
MLT2A1_dup1052,0.026434376,0
MLT2A1_dup1053,16.00394232,0.387303656
MLT2A1_dup1054,0,1.307598005
MLT2A1_dup1055,0,0
MLT2A1_dup1056,0,0
MLT2A1_dup1057,0,0
MLT2A1_dup1058,0,0
MLT2A1_dup1059,0,0
MLT2A1_dup1060,0,0
MLT2A1_dup1061,0,0
MLT2A1_dup1062,0,0
MLT2A1_dup1063,0,0
MLT2A1_dup1064,0,0
MLT2A1_dup1065,0,0
MLT2A1_dup1066,0,0
MLT2A1_dup1067,0.161697034,0.84424861
MLT2A1_dup1068,0,0.547875641
MLT2A1_dup1069,0,0
MLT2A1_dup1070,0,0
MLT2A1_dup1071,0,0
MLT2A1_dup1072,0,0.242450715
MLT2A1_dup1073,0,0.823554682
MLT2A1_dup1074,2.043606878,0.717301885
MLT2A1_dup1075,0,0
MLT2A1_dup1076,0.667029957,0.035600358
MLT2A1_dup1077,0,0
MLT2A1_dup1078,0,0.220294644
MLT2A1_dup1079,0,0
MLT2A1_dup1080,0,0
MLT2A1_dup1081,0,0
MLT2A1_dup1082,0,0
MLT2A1_dup1083,0,0.211992082
MLT2A1_dup1084,0,0
MLT2A1_dup1085,0,0
MLT2A1_dup1086,0,0
MLT2A1_dup1087,0.124955041,0.253944056
MLT2A1_dup1088,1.026744362,0.336414867
MLT2A1_dup1089,0,0
MLT2A1_dup1090,0,0
MLT2A1_dup1091,0.084657239,0
MLT2A1_dup1092,3.985870836,0.2754393
MLT2A1_dup1093,0.496806864,0
MLT2A1_dup1094,0,0
MLT2A1_dup1095,0.253177684,0.332657027
MLT2A1_dup1096,8.419622898,2.18869865
MLT2A1_dup1097,0,0
MLT2A1_dup1098,0,0
MLT2A1_dup1099,0.059646797,0
MLT2A1_dup1100,0,0
MLT2A1_dup1101,0,0.16163381
MLT2A1_dup1102,0,0.03269696
MLT2A1_dup866,0,0
MLT2A1_dup1103,0,0
MLT2A1_dup1104,0,0
MLT2A1_dup1105,0,0
MLT2A1_dup1106,2.440729931,0
MLT2A1_dup1107,1.707861453,0.071200716
MLT2A1_dup1108,0,0
MLT2A1_dup1109,0,0
MLT2A1_dup1110,0,0
MLT2A1_dup1111,0,0
MLT2A1_dup1112,0,0
MLT2A1_dup1113,0,0
MLT2A1_dup1114,0,0
MLT2A1_dup1115,0,0
MLT2A1_dup1116,0,0
MLT2A1_dup1117,0,0
MLT2A1_dup1118,0,0
MLT2A1_dup1119,0,0
MLT2A1_dup1120,0,0
MLT2A1_dup1121,0,0
MLT2A1_dup1122,0,0
MLT2A1_dup1123,2.494123994,0.125275202
MLT2A1_dup1124,0.137254661,0
MLT2A1_dup1125,0.734894197,0.032616027
MLT2A1_dup1126,0,0
MLT2A1_dup1127,0,0
MLT2A1_dup1128,0,0
MLT2A1_dup1129,0.096260265,0.528553966
MLT2A1_dup1130,0.506236182,0.213360442
MLT2A1_dup1131,0,0
MLT2A1_dup1132,0,0.262843766
MLT2A1_dup1133,0,0.062777417
MLT2A1_dup1134,0,0
MLT2A1_dup1135,0,0
MLT2A1_dup1136,0,0
MLT2A1_dup1137,0,0
MLT2A1_dup1138,0.647738219,0.063810532
MLT2A1_dup1139,0,0.266416706
MLT2A1_dup1140,0,0
MLT2A1_dup1141,0,0
MLT2A1_dup1142,0,0
MLT2A1_dup1143,0,0
MLT2A1_dup1144,0.029476828,0
MLT2A1_dup1145,0,0
MLT2A1_dup1146,0,0
MLT2A1_dup1147,3.640861675,0
MLT2A1_dup1148,0.388367054,0
MLT2A1_dup1149,0,0.026248755
MLT2A1_dup1150,0,0
MLT2A1_dup1151,0,0
MLT2A1_dup1152,0,0
MLT2A1_dup1153,0,0
MLT2A1_dup1154,0,0
MLT2A1_dup1155,0,0
MLT2A1_dup1156,0,0
MLT2A1_dup1157,0,0
MLT2A1_dup1158,0.248984336,0
MLT2A1_dup1159,15.86477911,3.24060244
MLT2A1_dup1160,0,0.257608592
MLT2A1_dup1161,0,0.187495219
MLT2A1_dup1162,0.056521915,0.106801074
MLT2A1_dup1163,0,0
MLT2A1_dup1164,0,0.063629599
MLT2A1_dup1165,0.655456897,0.441871213
MLT2A1_dup1166,0,0
MLT2A1_dup1167,0.566787366,0
MLT2A1_dup1168,0,0
MLT2A1_dup1169,0,0
MLT2A1_dup1170,0,0
MLT2A1_dup1171,9.495713839,0.51971464
MLT2A1_dup1172,0.355536585,0
MLT2A1_dup1173,0,0
MLT2A1_dup1174,0.166158935,0
MLT2A1_dup1175,0,0
MLT2A1_dup1176,0.241685723,0.171128246
MLT2A1_dup1177,0,0
MLT2A1_dup1178,0,0
MLT2A1_dup1179,0,0
MLT2A1_dup1180,0,0.68595812
MLT2A1_dup1181,0,0.073623777
MLT2A1_dup1182,0,0
MLT2A1_dup1183,0,0
MLT2A1_dup1184,0.458772328,0
MLT2A1_dup1185,0.292442259,0.308833006
MLT2A1_dup1186,0,0
MLT2A1_dup1187,0,0
MLT2A1_dup1188,0,0.031537614
MLT2A1_dup1189,0,0
MLT2A1_dup1190,0,0
MLT2A1_dup1191,0.105259054,0.604481194
MLT2A1_dup1192,0,0
MLT2A1_dup1193,0,0
MLT2A1_dup1194,0,0
MLT2A1_dup1195,0,0
MLT2A1_dup1196,0.024306889,0.89842329
MLT2A1_dup1197,0,0.450632544
MLT2A1_dup1198,0,0
MLT2A1_dup1199,0,0
MLT2A1_dup1200,0,0
MLT2A1_dup1201,1.091175864,0.031249203
MLT2A1_dup1202,0,0.419765417
MLT2A1_dup1203,0,0
MLT2A1_dup1204,0.064797356,0
MLT2A1_dup1205,0,0
MLT2A1_dup1206,0,0
MLT2A1_dup1207,0,0.267014031
MLT2A1_dup1208,0,0
MLT2A1_dup1209,0,0
MLT2A1_dup1210,0,0
MLT2A1_dup1211,0,0.39061504
MLT2A1_dup1212,0,0
MLT2A1_dup1213,0,0
MLT2A1_dup1214,0,0
MLT2A1_dup1215,0,0
MLT2A1_dup1216,0,0
MLT2A1_dup1217,0,0
MLT2A1_dup1218,0,0
MLT2A1_dup1219,0,0
MLT2A1_dup1220,0,0
MLT2A1_dup1221,0.221720303,0.180747319
MLT2A1_dup1222,0,0
MLT2A1_dup1223,0.030958075,0
MLT2A1_dup1224,0,0
MLT2A1_dup1225,0,0
MLT2A1_dup1226,0,0
MLT2A1_dup1227,0,0
MLT2A1_dup1228,0,0
MLT2A1_dup1229,0,0
MLT2A1_dup1230,0,0
MLT2A1_dup1231,0,0
MLT2A1_dup1232,0,0
MLT2A1_dup1233,0,0
MLT2A1_dup1234,0,0
MLT2A1_dup1235,0,0
MLT2A1_dup1236,0,0
MLT2A1_dup1237,0,1.772072971
MLT2A1_dup1238,0,0.184435162
MLT2A1_dup1239,0,0
MLT2A1_dup1240,0,0
MLT2A1_dup1241,0,0
MLT2A1_dup1242,0,0
MLT2A1_dup1243,0,0.063629599
MLT2A1_dup1244,0,0.036608989
MLT2A1_dup1245,0,0
MLT2A1_dup1246,0,0
MLT2A1_dup1247,0,0
MLT2A1_dup1248,0,0
MLT2A1_dup1249,0,0
MLT2A1_dup1250,0.646173634,0
MLT2A1_dup1251,0.402094162,0
MLT2A1_dup1252,0.29266779,0
MLT2A1_dup1253,0,0
MLT2A1_dup1254,0,0
MLT2A1_dup1255,0,0
MLT2A1_dup1256,0,0
MLT2A1_dup1257,0,0
MLT2A1_dup1258,0,0
MLT2A1_dup1259,0,0
MLT2A1_dup1260,0,0
MLT2A1_dup1261,0,0
MLT2A1_dup1262,0,0
MLT2A1_dup1263,0.176018771,0
MLT2A1_dup1264,0,0
MLT2A1_dup1265,0,0
MLT2A1_dup1266,0,0
MLT2A1_dup1267,0,0
MLT2A1_dup1268,0,0
MLT2A1_dup1269,0,0
MLT2A1_dup1270,0,0
MLT2A1_dup1271,0,0
MLT2A1_dup1272,0,0
MLT2A1_dup1273,0,0
MLT2A1_dup1274,0,0
MLT2A1_dup1275,0,0
MLT2A1_dup1276,0,2.320361993
MLT2A1_dup1277,0.47422199,0.360135314
MLT2A1_dup1278,0,0
MLT2A1_dup1279,0,0
MLT2A1_dup1280,0,0
MLT2A1_dup1281,0,0
MLT2A1_dup1282,0,0
MLT2A1_dup1283,0,0.466324047
MLT2A1_dup1284,0,0
MLT2A1_dup1285,0,0
MLT2A1_dup1286,0,0
MLT2A1_dup1287,0.0556267,0.065780487
MLT2A1_dup1288,0,0
MLT2A1_dup1289,0,0.383430994
MLT2A1_dup1290,0,0.206796198
MLT2A1_dup1291,0,0
MLT2A1_dup1292,0,0
MLT2A1_dup1293,0,0
MLT2A1_dup1294,0,0
MLT2A1_dup1295,0,0
MLT2A1_dup1296,0,0
MLT2A1_dup1297,0,0
MLT2A1_dup1298,0,0.031886942
MLT2A1_dup1299,0,0
MLT2A1_dup1300,0,0
MLT2A1_dup1301,0.321097934,0
MLT2A1_dup1302,0,0
MLT2A1_dup1303,0,0
MLT2A1_dup1304,0,0
MLT2A1_dup1305,0,0
MLT2A1_dup1306,0,0
MLT2A1_dup1307,0,0
MLT2A1_dup1308,0,0
MLT2A1_dup1309,0,0
MLT2A1_dup1310,0,0
MLT2A1_dup1311,0,0
MLT2A1_dup1312,0,0
MLT2A1_dup1313,0,0
MLT2A1_dup1314,0,0
MLT2A1_dup1315,0,0
MLT2A1_dup1316,0,0
MLT2A1_dup1317,0,0
MLT2A1_dup1318,0,0
MLT2A1_dup1319,0,0
MLT2A1_dup1320,0,0
MLT2A1_dup1321,0,0
MLT2A1_dup1322,0,0
MLT2A1_dup1323,8.342826398,1.377405068
MLT2A1_dup1324,0,0
MLT2A1_dup1325,0,0
MLT2A1_dup1326,0,0
MLT2A1_dup1327,0,0.125554834
MLT2A1_dup1328,0,0
MLT2A1_dup1329,0,0
MLT2A1_dup1330,0.22525254,0.013318444
MLT2A1_dup1331,0,0
MLT2A1_dup1332,0,0
MLT2A1_dup1333,0,0
MLT2A1_dup1334,0.692132788,0.201686861
MLT2A1_dup1335,0,0
MLT2A1_dup1336,0,0.200509786
MLT2A1_dup1337,0,0
MLT2A1_dup1338,4.633079647,0.410827815
MLT2A1_dup1339,0,0
MLT2A1_dup1340,0,0
MLT2A1_dup1341,0,0
MLT2A1_dup1342,0.365259959,0.275341052
MLT2A1_dup1343,0.274750994,0.287652252
MLT2A1_dup1344,0,0.857081045
MLT2A1_dup1345,0,0
MLT2A1_dup1346,0,2.17912131
MLT2A1_dup1347,0.609879465,0.835187363
MLT2A1_dup1348,0,0
MLT2A1_dup1349,0,0
MLT2A1_dup1350,0.040385852,0
MLT2A1_dup1351,1.79608962,0
MLT2A1_dup1352,3.087717562,1.189734198
MLT2A1_dup1353,0,0.106531375
MLT2A1_dup1354,0,0
MLT2A1_dup1355,0,0
MLT2A1_dup1356,0,0
MLT2A1_dup1357,0,0
MLT2A1_dup1358,0.185748452,0.176660069
MLT2A1_dup1359,0,0
MLT2A1_dup1360,0,0
MLT2A1_dup1361,0,0.527074997
MLT2A1_dup1362,0,0
MLT2A1_dup1363,0.49494108,0
MLT2A1_dup1364,0,0
MLT2A1_dup1365,0,0
MLT2A1_dup1366,0.572387277,0.999194307
MLT2A1_dup1367,0,0
MLT2A1_dup1368,0,0
MLT2A1_dup1369,0,0
MLT2A1_dup1370,0.24344216,0
MLT2A1_dup1371,0,0
MLT2A1_dup1372,0.026434376,0
MLT2A1_dup1373,0,0
MLT2A1_dup1374,0,0
MLT2A1_dup1375,0,0
MLT2A1_dup1376,0,0
MLT2A1_dup1377,0,0
MLT2A1_dup1378,0,0
MLT2A1_dup1379,0,0
MLT2A1_dup1380,0,0
MLT2A1_dup1381,0,0
MLT2A1_dup1382,0,0
MLT2A1_dup1383,0.164284186,0
MLT2A1_dup1384,0,0
MLT2A1_dup1385,0,0
MLT2A1_dup1386,0,0
MLT2A1_dup1387,0,0
MLT2A1_dup1388,0,0
MLT2A1_dup1389,0,0
MLT2A1_dup1390,0,0
MLT2A1_dup1391,0,0
MLT2A1_dup1392,0.026277718,0
MLT2A1_dup1393,0,0
MLT2A1_dup1394,0,0
MLT2A1_dup1395,0.218750776,0.168818163
MLT2A1_dup1396,0,0
MLT2A1_dup1397,0,0
MLT2A1_dup1398,0,0
MLT2A1_dup1399,0,0
MLT2A1_dup1400,0,0
MLT2A1_dup1401,0,0
MLT2A1_dup1402,0,0.191881073
MLT2A1_dup1403,0,0.754134224
MLT2A1_dup1404,0,0
MLT2A1_dup1405,0,0
MLT2A1_dup1406,0.026374434,0
MLT2A1_dup1407,0.33601029,0
MLT2A1_dup1408,0.138446321,1.058788346
MLT2A1_dup1409,0,0
MLT2A1_dup1410,0,0
MLT2A1_dup1411,0,0
MLT2A1_dup1412,0,0
MLT2A1_dup1413,0,0
MLT2A1_dup1414,0,0
MLT2A1_dup1415,0,0
MLT2A1_dup1416,0.855112045,1.103646884
MLT2A1_dup1417,0,0
MLT2A1_dup1418,0,0
MLT2A1_dup1419,0,0
MLT2A1_dup1420,0,0
MLT2A1_dup1421,0,0
MLT2A1_dup1422,0,0
MLT2A1_dup1423,0,0
MLT2A1_dup1424,0,0
MLT2A1_dup1425,0,0
MLT2A1_dup1426,0,0.069169947
MLT2A1_dup1427,0,0.321387193
MLT2A1_dup1428,0,0
MLT2A1_dup1429,0,0.342052089
MLT2A1_dup1430,3.473155934,0
MLT2A1_dup1431,4.177174886,0
MLT2A1_dup1432,0,0
MLT2A1_dup1433,0.092000268,0.410049709
MLT2A1_dup1434,0,0
MLT2A1_dup1435,0,0
MLT2A1_dup1436,0,0
MLT2A1_dup1437,0.026676893,0.497768038
MLT2A1_dup1438,0,0
MLT2A1_dup1439,0,0
MLT2A1_dup1440,0,0.219614582
MLT2A1_dup1441,0,0.335734913
MLT2A1_dup1442,0.118988495,0
MLT2A1_dup1443,0,0
MLT2A1_dup1444,0,0
MLT2A1_dup1445,0,0
MLT2A1_dup1446,0.337734196,0.465509146
MLT2A1_dup1447,0,0
MLT2A1_dup1448,0,0
MLT2A1_dup1449,0,0
MLT2A1_dup1450,0,0.028068147
MLT2A1_dup1451,0,0.067144598
MLT2A1_dup1452,0,0
MLT2A1_dup1453,0,0.303614629
MLT2A1_dup1454,0,0.243500285
MLT2A1_dup1456,3.751999374,0
MLT2A1_dup1457,0,0
MLT2A1_dup1458,0,0
MLT2A1_dup1459,0.235567097,0
MLT2A1_dup1460,0.125089482,0
MLT2A1_dup1461,0,0
MLT2A1_dup1462,0,0.279615383
MLT2A1_dup1463,0,0
MLT2A1_dup1464,3.05604368,0.240125283
MLT2A1_dup1465,0.183007218,0
MLT2A1_dup1466,0,0
MLT2A1_dup1467,0.12229592,0.06539392
MLT2A1_dup1468,0.701212989,0
MLT2A1_dup1469,0.513388082,0
MLT2A1_dup1470,0,0
MLT2A1_dup1471,1.210391631,0
MLT2A1_dup1472,0.972275561,0
MLT2A1_dup1473,0,0
MLT2A1_dup1474,0,0.034980451
MLT2A1_dup1475,0,0
MLT2A1_dup1476,0,0
MLT2A1_dup1477,0,0
MLT2A1_dup1478,0,0
MLT2A1_dup1479,0,0
MLT2A1_dup1480,0,0
MLT2A1_dup1481,0,0
MLT2A1_dup1482,0,0
MLT2A1_dup1483,0,0
MLT2A1_dup1484,0,0
MLT2A1_dup1485,0,0
MLT2A1_dup1486,0,0
MLT2A1_dup1487,0,0
MLT2A1_dup1488,1.083809414,0.59113308
MLT2A1_dup1489,0,0
MLT2A1_dup1490,0,0
MLT2A1_dup1491,0.648183707,0
MLT2A1_dup1492,0,0
MLT2A1_dup1493,0,0
MLT2A1_dup1494,0,0
MLT2A1_dup1495,0,0
MLT2A1_dup1496,0,0
MLT2A1_dup1497,0,0
MLT2A1_dup1498,3.159725331,0.84928865
MLT2A1_dup1499,0,0
MLT2A1_dup1500,1.865128588,0
MLT2A1_dup1501,0,0
MLT2A1_dup1502,0,0.071929112
MLT2A1_dup1503,0,0
MLT2A1_dup1504,2.934720106,0.674226816
MLT2A1_dup1505,0,0
MLT2A1_dup1506,0,0
MLT2A1_dup1507,0,0
MLT2A1_dup1508,0,0
MLT2A1_dup1509,0,0
MLT2A1_dup1510,0,0
MLT2A1_dup1511,0.112876318,0
MLT2A1_dup1512,0.029823399,0
MLT2A1_dup1513,0,0
MLT2A1_dup1514,0,0.378144313
MLT2A1_dup1515,0,0.59894886
MLT2A1_dup1516,0,0
MLT2A1_dup1517,0,0
MLT2A1_dup1518,0,0
MLT2A1_dup1519,0,0
MLT2A1_dup1520,0,0
MLT2A1_dup1521,0,0
MLT2A1_dup1522,0,0
MLT2A1_dup1523,0,0
MLT2A1_dup1524,0,0
MLT2A1_dup1525,0,0
MLT2A1_dup1526,0.621717677,0
MLT2A1_dup1527,0,0
MLT2A1_dup1528,0,0
MLT2A1_dup1455,0,0
MLT2A1_dup1529,0,0
MLT2A1_dup1530,0,0
MLT2A1_dup1531,0,0
MLT2A1_dup1532,0,0
MLT2A1_dup1533,0.149839977,0
MLT2A1_dup1534,0.486367656,0
MLT2A1_dup1535,0,0
MLT2A1_dup1536,0,0
MLT2A1_dup1537,0,0
MLT2A1_dup1538,0,0
MLT2A1_dup1539,0,0
MLT2A1_dup1540,0,0
MLT2A1_dup1541,0,0
MLT2A1_dup1542,0.626236996,0
MLT2A1_dup1543,0.168975188,0
MLT2A1_dup1544,0,0.204292612
MLT2A1_dup1545,0.167257656,2.254726586
MLT2A1_dup1546,0,0
MLT2A1_dup1547,0.796275392,0
MLT2A1_dup1548,5.269492762,0
MLT2A1_dup1549,2.114581425,0.027858087
MLT2A1_dup1550,0.91001243,0
MLT2A1_dup1551,0,0
MLT2A1_dup1552,0,0
MLT2A1_dup1553,0,0
MLT2A1_dup1554,0,0
MLT2A1_dup1555,0,0.212041665
MLT2A1_dup1556,0.565605804,0
MLT2A1_dup1557,0.22677265,0
MLT2A1_dup1558,0,0
MLT2A1_dup1559,0,0
MLT2A1_dup1560,0,0
MLT2A1_dup1561,0,0
MLT2A1_dup1562,0,0
MLT2A1_dup1563,0.026374434,0
MLT2A1_dup1564,0.029689913,0
MLT2A1_dup1565,0.734232476,0.098789583
MLT2A1_dup1566,0,0
MLT2A1_dup1567,0,0
MLT2A1_dup1568,0,0
MLT2A1_dup1569,0.145510628,0
MLT2A1_dup1570,0.304728964,0
MLT2A1_dup1571,0,0
MLT2A1_dup1572,0,0
MLT2A1_dup1573,0,0
MLT2A1_dup1574,0,0
MLT2A1_dup1575,0,0
MLT2A1_dup1576,0,0
MLT2A1_dup1577,0,0
MLT2A1_dup1578,0,0
MLT2A1_dup1579,0,0
MLT2A1_dup1580,0,0
MLT2A1_dup1581,0,0
MLT2A1_dup1582,0,0
MLT2A1_dup1583,0.025506854,0.339218325
MLT2A1_dup1584,0.090820496,0.643412994
MLT2A1_dup1585,0.078035593,0.421117066
MLT2A1_dup1586,0.366410735,0.173606685
MLT2A1_dup1587,0,0
MLT2A1_dup1588,0.284053228,0.616026463
MLT2A1_dup1589,0,0
MLT2A1_dup1590,0,0
MLT2A1_dup1591,0,0.065405309
MLT2A1_dup1592,0,0
MLT2A1_dup1593,0.058256804,0
MLT2A1_dup1594,0,0
MLT2A1_dup1595,0,0.120705077
MLT2A1_dup1596,0,0
MLT2A1_dup1597,0,0
MLT2A1_dup1598,0,0
MLT2A1_dup1599,0.539525852,3.832019639
MLT2A1_dup1600,0,0
MLT2A1_dup1601,0,0
MLT2A1_dup1602,0,0
MLT2A1_dup1603,0,0.192791027
MLT2A1_dup1604,0,0
MLT2A1_dup1605,0,0
MLT2A1_dup1606,0,0
MLT2A1_dup1607,0,0
MLT2A1_dup1608,0,0
MLT2A1_dup1609,0,0
MLT2A1_dup1610,0,0
MLT2A1_dup1611,0,0
MLT2A1_dup1612,1.285723579,0.30072606
MLT2A1_dup1613,0,0
MLT2A1_dup1614,0,0
MLT2A1_dup1615,0,0.101360576
MLT2A1_dup1616,0.786026646,0.135147435
MLT2A1_dup1617,0,0
MLT2A1_dup1618,0,0
MLT2A1_dup1619,0,0
MLT2A1_dup1620,0,0
MLT2A1_dup1621,0,0
MLT2A1_dup1622,0,0
MLT2A1_dup1623,0,0
MLT2A1_dup1624,0,0
MLT2A1_dup1625,0,0
MLT2A1_dup1626,0.992117919,0
MLT2A1_dup1627,0,0
MLT2A1_dup1628,0,0
MLT2A1_dup1629,0.055254753,0.066803522
MLT2A1_dup1630,0,0.13377538
MLT2A1_dup1631,4.218312725,0.297087496
MLT2A1_dup1632,0,0
MLT2A1_dup1633,0,0
MLT2A1_dup1634,0,0
MLT2A1_dup1635,0,0
MLT2A1_dup1636,0,0
MLT2A1_dup1637,0,0.205888671
MLT2A1_dup1638,0,0.107275735
MLT2A1_dup1639,0,1.957214924
MLT2A1_dup1640,0.224923122,0
MLT2A1_dup1641,0,0
MLT2A1_dup1642,0,0.055470981
MLT2A1_dup1643,0,0
MLT2A1_dup1644,0.757178168,1.04283242
MLT2A1_dup1645,0,0
MLT2A1_dup1646,0,1.420738205
MLT2A1_dup1647,0,0
MLT2A1_dup1648,0,0
MLT2A1_dup1649,0,0
MLT2A1_dup1650,0,0
MLT2A1_dup1651,0.023544788,0
MLT2A1_dup1652,0,1.060530517
MLT2A1_dup1653,0.143605058,0.637005665
MLT2A1_dup1654,0,0
MLT2A1_dup1655,0,0
MLT2A1_dup1656,0,0
MLT2A1_dup1657,0,0
MLT2A1_dup1658,0.300185592,0.159173698
MLT2A1_dup1659,0,0
MLT2A1_dup1660,0,0
MLT2A1_dup1661,0,0
MLT2A1_dup1662,0,0
MLT2A1_dup1663,0,0
MLT2A1_dup1664,0,0.0169423
MLT2A1_dup1665,0,0
MLT2A1_dup1666,0,0
MLT2A1_dup1667,0,0
MLT2A1_dup1668,0,0
MLT2A1_dup1669,1.604858746,0
MLT2A1_dup1670,0,0
MLT2A1_dup1671,0,0
MLT2A1_dup1672,0,0
MLT2A1_dup1673,0,0
MLT2A1_dup1674,0,0
MLT2A1_dup1675,0.633361746,0.486191061
MLT2A1_dup1676,0,0
MLT2A1_dup1677,0.247570166,0.439323722
MLT2A1_dup1678,0.08766419,0
MLT2A1_dup1679,0,0
MLT2A1_dup1680,0.260080506,0.445239307
MLT2A1_dup1681,0,0.261014227
MLT2A1_dup1682,0.028162531,0
MLT2A1_dup1683,0,0
MLT2A1_dup1684,0,0
MLT2A1_dup1685,1.205828441,0
MLT2A1_dup1686,0.03242451,0
MLT2A1_dup1687,0,0
MLT2A1_dup1688,0,0
MLT2A1_dup1689,0,0.344734142
MLT2A1_dup1690,0,0
MLT2A1_dup1691,0,0
MLT2A1_dup1692,27.23860879,0.069442674
MLT2A1_dup1693,0,0
MLT2A1_dup1694,0.025404771,0.222441918
MLT2A1_dup1695,2.131495834,0.238495474
MLT2A1_dup1696,0.087273226,0.099573362
MLT2A1_dup1697,0,0
MLT2A1_dup1698,0,0
MLT2A1_dup1699,0,0
MLT2A1_dup1700,0,0
MLT2A1_dup1701,0,0
MLT2A1_dup1702,0,0
MLT2A1_dup1703,0,0
MLT2A1_dup1704,0,0
MLT2A1_dup1705,0,0
MLT2A1_dup1706,0,0
MLT2A1_dup1707,0,0
MLT2A1_dup1708,0,0.053102812
MLT2A1_dup1709,0,0
MLT2A1_dup1710,0,0
MLT2A1_dup1711,0,0
MLT2A1_dup1712,0,0
MLT2A1_dup1713,0,0
MLT2A1_dup1714,0.532056739,0
MLT2A1_dup1715,0,0
MLT2A1_dup1716,0,0
MLT2A1_dup1717,0,0
MLT2A1_dup1718,0,0
MLT2A1_dup1719,0,0.01690299
MLT2A1_dup1720,0,0.200887735
MLT2A1_dup1721,0,0.594174991
MLT2A1_dup1722,0,0.034381764
MLT2A1_dup1723,0,0
MLT2A1_dup1724,0,0
MLT2A1_dup1725,0,0
MLT2A1_dup1726,0,0
MLT2A1_dup1727,0,0
MLT2A1_dup1728,0,0
MLT2A1_dup1729,0.578465444,0.216521419
MLT2A1_dup1730,9.342413071,9.142625869
MLT2A1_dup1731,0.638777097,1.427025746
MLT2A1_dup1732,0,0.274448528
MLT2A1_dup1733,0.864818005,0.448531595
MLT2A1_dup1734,0,0
MLT2A1_dup1735,0.024033778,0
MLT2A1_dup1736,0.02852156,0.09765376
MLT2A1_dup1737,0,0.308833006
MLT2A1_dup1738,0,0.150592856
MLT2A1_dup1739,0.295835728,0.070310707
MLT2A1_dup1740,0.072263724,0
MLT2A1_dup1741,0,0.049671742
MLT2A1_dup1742,0.083252121,0.082040415
MLT2A1_dup1743,0.027939487,0.348489051
MLT2A1_dup1744,0,0
MLT2A1_dup1745,0.712152944,0
MLT2A1_dup1746,0,0.146176107
MLT2A1_dup1747,2.718276735,0.767811375
MLT2A1_dup1748,0,0
MLT2A1_dup1749,0,0
MLT2A1_dup1750,0,0.013269925
MLT2A1_dup1751,0,0.366751986
MLT2A1_dup1752,4.916703678,0
MLT2A1_dup1753,0.576241888,0.803112184
MLT2A1_dup1754,1.313078195,0.273517602
MLT2A1_dup1755,0,0
MLT2A1_dup1756,0,0
MLT2A1_dup1757,1.133317694,3.924582902
MLT2A1_dup1758,0,0.524405371
MLT2A1_dup1759,0.6483461,0.157241944
MLT2A1_dup1760,0,0
MLT2A1_dup1761,0,0
MLT2A1_dup1762,0.709168671,0.068428912
MLT2A1_dup1763,0,0.208436394
MLT2A1_dup1764,0,0
MLT2A1_dup1765,0.111036997,0
MLT2A1_dup1766,0.030851792,0.41030121
MLT2A1_dup1767,0,0
MLT2A1_dup1768,0,0
MLT2A1_dup1769,0,0
MLT2A1_dup1770,0,0
MLT2A1_dup1771,0,0
MLT2A1_dup1772,0,0
MLT2A1_dup1773,0,0.082974816
MLT2A1_dup1774,0,0
MLT2A1_dup1775,0,0
MLT2A1_dup1776,0,0
MLT2A1_dup1777,0,0
MLT2A1_dup1778,0,0
MLT2A1_dup1779,0,0
MLT2A1_dup1780,0,0
MLT2A1_dup1781,0.481144142,0
MLT2A1_dup1782,4.873163358,2.314485952
MLT2A1_dup1783,0.031838021,0.018824777
MLT2A1_dup1784,0.144137886,0
MLT2A1_dup1785,1.00175274,0.392888472
MLT2A1_dup1786,0,0
MLT2A1_dup1787,0,0
MLT2A1_dup1788,0,0
MLT2A1_dup1789,0,0
MLT2A1_dup1790,0,0
MLT2A1_dup1791,0,0
MLT2A1_dup1792,0,0
MLT2A1_dup1793,0,0
MLT2A1_dup1794,0,0
MLT2A1_dup1795,0,0
MLT2A1_dup1796,0,0
MLT2A1_dup1797,0,0
MLT2A1_dup1798,0,0
MLT2A1_dup1799,0.084657239,0
MLT2A1_dup1800,0,0
MLT2A1_dup1801,0,0
MLT2A1_dup1802,0,0
MLT2A1_dup1803,0.140413834,0
MLT2A1_dup1804,0,0
MLT2A1_dup1805,0.026472849,0
MLT2A1_dup1806,7.379820295,0.571424007
MLT2A1_dup1807,0.1936511,0.994962839
MLT2A1_dup1808,0,0.058956935
MLT2A1_dup1809,1.286626958,1.974201012
MLT2A1_dup1810,0.204220673,0.048533609
MLT2A1_dup1811,0,0
MLT2A1_dup1812,0,0
MLT2A1_dup1813,0,0
MLT2A1_dup1814,0,0
MLT2A1_dup1815,0,0.03001566
MLT2A1_dup1816,0.106220323,0.096316037
MLT2A1_dup1817,0,0
MLT2A1_dup1818,0,0
MLT2A1_dup1819,0,0
MLT2A1_dup1820,0,0
MLT2A1_dup1821,0,0
MLT2A1_dup1822,0,0
MLT2A1_dup1823,0,0
MLT2A1_dup1824,0.0556267,0.220202536
MLT2A1_dup1825,0,0.071248791
MLT2A1_dup1826,0,0
MLT2A1_dup1827,0,0
MLT2A1_dup1828,0,0
MLT2A1_dup1829,0,0
MLT2A1_dup1830,0,0
MLT2A1_dup1831,1.480325053,0
MLT2A1_dup1832,0,0.130464108
MLT2A1_dup1833,0,0
MLT2A1_dup1834,0,0
MLT2A1_dup1835,12.18492356,0.503417952
MLT2A1_dup1836,2.232908662,0.96875695
MLT2A1_dup1837,0,0.074998088
MLT2A1_dup1838,0,0
MLT2A1_dup1839,0,0
MLT2A1_dup1840,0,0
MLT2A1_dup1841,0.804279949,0
MLT2A1_dup1842,10.88213006,0.731771205
MLT2A1_dup1843,0,0
MLT2A1_dup1844,0,0
MLT2A1_dup1845,0,0
MLT2A1_dup1846,0,0.066049498
MLT2A1_dup1847,0,0.426125499
MLT2A1_dup1848,0.395417212,0.512300608
MLT2A1_dup1849,19.33232363,4.971780749
MLT2A1_dup1850,0,0
MLT2A1_dup1851,0,0
MLT2A1_dup1852,0,0
MLT2A1_dup1853,0,0
MLT2A1_dup1854,0.098788303,0
MLT2A1_dup1855,0,0
MLT2A1_dup1856,0,0
MLT2A1_dup1857,0,0
MLT2A1_dup1858,0.199907125,0.117962817
MLT2A1_dup1859,0,0.030503561
MLT2A1_dup1860,0.431769871,1.769393433
MLT2A1_dup1861,0,0.399450198
MLT2A1_dup1862,0.292774324,0.723672764
MLT2A1_dup1863,0,0.03001566
MLT2A1_dup1864,0,0
MLT2A1_dup1865,0.434228682,0
MLT2A1_dup1866,0,0
MLT2A1_dup1867,0,1.085115982
MLT2A1_dup1868,0,0.217542746
MLT2A1_dup1869,0,0
MLT2A1_dup1870,0,0
MLT2A1_dup1871,0.029128402,0
MLT2A1_dup1872,0,0
MLT2A1_dup1873,0,0
MLT2A1_dup1874,0.0556267,0
MLT2A1_dup1875,0,0.033966525
MLT2A1_dup1876,0.025525134,0.683353681
MLT2A1_dup1877,4.085173896,1.618212709
MLT2A1_dup1878,0,0
MLT2A1_dup1879,0,1.189402255
MLT2A1_dup1880,0,0.060963924
MLT2A1_dup1881,0.328057384,0
MLT2A1_dup1882,0,0
MLT2A1_dup1884,0.171526412,0
MLT2A1_dup1885,0.073086773,0
MLT2A1_dup1886,0,0
MLT2A1_dup1887,0,0
MLT2A1_dup1888,0,0
MLT2A1_dup1889,0,0
MLT2A1_dup1890,0,0
MLT2A1_dup1891,0.028066774,1.104762404
MLT2A1_dup1892,0,0
MLT2A1_dup1893,0,0.968887862
MLT2A1_dup1894,6.101246791,0.436114063
MLT2A1_dup1895,0,0
MLT2A1_dup1896,0.570033558,0.211673529
MLT2A1_dup1897,0,0
MLT2A1_dup1898,0.140654269,0.383242993
MLT2A1_dup1899,0,0
MLT2A1_dup1900,0,0
MLT2A1_dup1901,0.352483421,0.219214346
MLT2A1_dup1902,0.67103864,1.349981762
MLT2A1_dup1903,0,0
MLT2A1_dup1904,0,0
MLT2A1_dup1905,0,0
MLT2A1_dup1906,0,0
MLT2A1_dup1907,0,0
MLT2A1_dup1908,0,0
MLT2A1_dup1909,0,0
MLT2A1_dup1910,0.483188783,0
MLT2A1_dup1911,0,0
MLT2A1_dup1912,0,0.032455357
MLT2A1_dup1913,0,0
MLT2A1_dup1914,0,0
MLT2A1_dup1915,0,0
MLT2A1_dup1916,1.371248845,0.237562825
MLT2A1_dup1917,0,0
MLT2A1_dup1918,0,0
MLT2A1_dup1919,0,0
MLT2A1_dup1920,0,0
MLT2A1_dup1921,0,0
MLT2A1_dup1922,0,0
MLT2A1_dup1923,0.615403461,0
MLT2A1_dup1924,5.726376898,0.420588335
MLT2A1_dup1925,2.283638286,0.500015343
MLT2A1_dup1926,0.075851285,0
MLT2A1_dup1927,0,0
MLT2A1_dup1928,0,0
MLT2A1_dup1929,0,0
MLT2A1_dup1930,0,0
MLT2A1_dup1931,0,0
MLT2A1_dup1932,0,0
MLT2A1_dup1933,0,0
MLT2A1_dup1934,0,0
MLT2A1_dup1935,0,0
MLT2A1_dup1936,0,0
MLT2A1_dup1937,0,0
MLT2A1_dup1938,0,0
MLT2A1_dup1939,1.934983318,0.16126309
MLT2A1_dup1940,0,0
MLT2A1_dup1941,0,0.139807691
MLT2A1_dup1942,3.877041805,0
MLT2A1_dup1943,0.301324493,0
MLT2A1_dup1944,0,0
MLT2A1_dup1945,0,0
MLT2A1_dup1946,0.173299116,0
MLT2A1_dup1947,21.01118936,2.132250405
MLT2A1_dup1948,20.70771671,0.504548212
MLT2A1_dup1949,0,0
MLT2A1_dup1950,0,0
MLT2A1_dup1951,0,0
MLT2A1_dup1952,0.661671877,0
MLT2A1_dup1953,0,0
MLT2A1_dup1954,0.117907311,1.002646701
MLT2A1_dup1955,0,0
MLT2A1_dup1956,0,0
MLT2A1_dup1957,0,0
MLT2A1_dup1958,0,0
MLT2A1_dup1959,0,0
MLT2A1_dup1960,0,0
MLT2A1_dup1961,0,0.222925231
MLT2A1_dup1962,0,0
MLT2A1_dup1963,0,0
MLT2A1_dup1964,0.096260265,0
MLT2A1_dup1965,0,0
MLT2A1_dup1966,0,0.144597856
MLT2A1_dup1967,0,0
MLT2A1_dup1968,0,0.239415013
MLT2A1_dup1969,4.653197516,1.658055943
MLT2A1_dup1970,0,0
MLT2A1_dup1971,0,0
MLT2A1_dup1972,0,0
MLT2A1_dup1973,0,0
MLT2A1_dup1974,0,0
MLT2A1_dup1975,0,0
MLT2A1_dup1976,1.424582186,1.390405734
MLT2A1_dup1977,0,2.552085214
MLT2A1_dup1978,0,0
MLT2A1_dup1979,0,0
MLT2A1_dup1980,0,0
MLT2A1_dup1981,0,0.281760647
MLT2A1_dup1982,0.023883214,0.221911291
MLT2A1_dup1983,0.248721655,0
MLT2A1_dup1984,0,0
MLT2A1_dup1985,0,0
MLT2A1_dup1986,0,0
MLT2A1_dup1987,0,0
MLT2A1_dup1988,0,0
MLT2A1_dup1989,0,0
MLT2A1_dup1990,0,0
MLT2A1_dup1991,0,0
MLT2A1_dup1992,0,0
MLT2A1_dup1993,0,0.034951923
MLT2A1_dup1994,0,0
MLT2A1_dup1995,0,0
MLT2A1_dup1996,0,0
MLT2A1_dup1883,0,0
MLT2A1_dup1997,0,0
MLT2A1_dup1998,0,0
MLT2A1_dup1999,0,0
MLT2A1_dup2000,0,0
MLT2A1_dup2001,0,0
MLT2A1_dup2002,0,0
MLT2A1_dup2003,0,0
MLT2A1_dup2004,0,0
MLT2A1_dup2005,0,0
MLT2A1_dup2006,0,0
MLT2A1_dup2007,0,0
MLT2A1_dup2008,0,0
MLT2A1_dup2009,0,0
MLT2A1_dup2010,0,0
MLT2A1_dup2011,0,0
MLT2A1_dup2012,0,0
MLT2A1_dup2013,0.245728002,0.030931631
MLT2A1_dup2014,0,0.174528145
MLT2A1_dup2015,0,0.03077055
MLT2A1_dup2016,0,0.341116791
MLT2A1_dup2017,0.321097934,1.239752722
MLT2A1_dup2018,4.743157329,5.256522848
MLT2A1_dup2019,0,3.529607724
MLT2A1_dup2020,0,0
MLT2A1_dup2021,0.032086755,0
MLT2A1_dup2022,0,0
MLT2A1_dup2023,0,0
MLT2A1_dup2024,0,0
MLT2A1_dup2025,0,0
MLT2A1_dup2026,0,0.068273963
MLT2A1_dup2027,0,0
MLT2A1_dup2028,0,0
MLT2A1_dup2029,0,0.249439316
MLT2A1_dup2030,0,0
MLT2A1_dup2031,0,0.255675299
MLT2A1_dup2032,0,0
MLT2A1_dup2033,0.134931849,0.927690727
MLT2A1_dup2034,0,0.338846782
MLT2A1_dup2035,0,0
MLT2A1_dup2036,0,0
MLT2A1_dup2037,0,0.506797064
MLT2A1_dup2038,0,0
MLT2A1_dup2039,0,0
MLT2A1_dup2040,0,0
MLT2A1_dup2041,0,0
MLT2A1_dup2042,0,0
MLT2A1_dup2043,0.517062576,0.111224258
MLT2A1_dup2044,0,0
MLT2A1_dup2045,0,0
MLT2A1_dup2046,0,0
MLT2A1_dup2047,0,0
MLT2A1_dup2048,0,0
MLT2A1_dup2049,0,0.246955555
MLT2A1_dup2050,0.061916151,0
MLT2A1_dup2051,0.637197964,0
MLT2A1_dup2052,0,0
MLT2A1_dup2053,0.029747124,0
MLT2A1_dup2054,0,0
MLT2A1_dup2055,0.1485421,0
MLT2A1_dup2056,0,0
MLT2A1_dup2057,0,0
MLT2A1_dup2058,0.085170373,0.587515232
MLT2A1_dup2059,0,0
MLT2A1_dup2060,0,0
MLT2A1_dup2061,0,0
MLT2A1_dup2062,0,0
MLT2A1_dup2063,0.026494591,0
MLT2A1_dup2064,0.308180186,0.417011315
MLT2A1_dup2065,2.004361335,0.375236296
MLT2A1_dup2066,0,0.132349567
MLT2A1_dup2067,0.028721012,0
MLT2A1_dup2068,0,0
MLT2A1_dup2069,1.954297497,1.169474228
MLT2A1_dup2070,0,0
MLT2A1_dup2071,0,0
MLT2A1_dup2072,0.027020425,0.175739206
MLT2A1_dup2073,0.462049273,1.072618274
MLT2A1_dup2074,0,0.860440788
MLT2A1_dup2075,0,0
MLT2A1_dup2076,0,0
MLT2A1_dup2077,0,0
MLT2A1_dup2078,0,0
MLT2A1_dup2079,0,0
MLT2A1_dup2080,0,0
MLT2A1_dup2081,0,0
MLT2A1_dup2082,0,0.220706256
MLT2A1_dup2083,0,0
MLT2A1_dup2084,0,0
MLT2A1_dup2085,0,0.028155716
MLT2A1_dup2086,0,0
MLT2A1_dup2087,0,0.211836261
MLT2A1_dup2088,2.640281562,0.753329007
MLT2A1_dup2089,10.86773093,0.269651431
MLT2A1_dup2090,0.420464709,0.016261582
MLT2A1_dup2091,0,0
MLT2A1_dup2092,0.033300849,0
MLT2A1_dup2093,0.773254253,0
MLT2A1_dup2094,0,0
MLT2A1_dup2095,0,0.067933051
MLT2A1_dup2096,0,0
MLT2A1_dup2097,0,0
MLT2A1_dup2098,0,0
MLT2A1_dup2099,0,0
MLT2A1_dup2100,0,0.693827513
MLT2A1_dup2101,0,0.171192428
MLT2A1_dup2102,0,0
MLT2A1_dup2103,0,0
MLT2A1_dup2104,0,0
MLT2A1_dup2105,0,0
MLT2A1_dup2106,0,0
MLT2A1_dup2107,0,0
MLT2A1_dup2108,0,0.019959422
MLT2A1_dup2109,0,0.115637919
MLT2A1_dup2110,0,0.095106904
MLT2A1_dup2111,0,0
MLT2A1_dup2112,0,0.326202487
MLT2A1_dup2113,0,0.072202054
MLT2A1_dup2114,0,0
MLT2A1_dup2115,0,0
MLT2A1_dup2116,0,0
MLT2A1_dup2117,0,0
MLT2A1_dup2118,0,0.610807875
MLT2A1_dup2119,0,0.146829496
MLT2A1_dup2120,0,0
MLT2A1_dup2121,0,0
MLT2A1_dup2122,0,0
MLT2A1_dup2123,0,0
MLT2A1_dup2124,0,0
MLT2A1_dup2125,0,0
MLT2A1_dup2126,0,0.038526415
MLT2A1_dup2127,0,0
MLT2A1_dup2128,2.2932062,0.259420224
MLT2A1_dup2129,0.254643599,0
MLT2A1_dup2130,0,0
MLT2A1_dup2131,1.606386428,0
MLT2A1_dup2132,0,0
MLT2A1_dup2133,0.312439074,0.095444399
MLT2A1_dup2134,0,0
MLT2A1_dup2135,0,0
MLT2A1_dup2136,0,0
MLT2A1_dup2137,0,0
MLT2A1_dup2138,0,0
MLT2A1_dup2139,0.558059048,0
MLT2A1_dup2140,0,0
MLT2A1_dup2141,0,0
MLT2A1_dup2142,0,0
MLT2A1_dup2143,0,0
MLT2A1_dup2144,0,0
MLT2A1_dup2145,0,0
MLT2A1_dup2146,0,0
MLT2A1_dup2147,0,0
MLT2A1_dup2148,0,0
MLT2A1_dup2149,1.496715946,0.24226681
MLT2A1_dup2150,0,0
MLT2A1_dup2151,0,0
MLT2A1_dup2152,0,0
MLT2A1_dup2153,0,0
MLT2A1_dup2154,0.026871938,0
MLT2A1_dup2155,0,0
MLT2A1_dup2156,2.348661848,0
MLT2A1_dup2157,0,0
MLT2A1_dup2158,0,0
MLT2A1_dup2159,0.650237243,0.035904291
MLT2A1_dup2160,0,0
MLT2A1_dup2161,0,0
MLT2A1_dup2162,0,0
MLT2A1_dup2163,0,0
MLT2A1_dup2164,0,0
MLT2A1_dup2165,0,0
MLT2A1_dup2166,0.310409876,0.148413102
MLT2A1_dup2167,0,0
MLT2A1_dup2168,0,0
MLT2A1_dup2169,0,0
MLT2A1_dup2170,0,0
MLT2A1_dup2171,0,0
MLT2A1_dup2172,0,0
MLT2A1_dup2173,0.031431923,0
MLT2A1_dup2174,0.15675972,0.201173663
MLT2A1_dup2175,0,0
MLT2A1_dup2176,0.082816788,0.090252568
MLT2A1_dup2177,0,0
MLT2A1_dup2178,0,0
MLT2A1_dup2179,0.125741896,0.600914767
MLT2A1_dup2180,0,0
MLT2A1_dup2181,0,0
MLT2A1_dup2182,0,0
MLT2A1_dup2183,0,0
MLT2A1_dup2184,0,0
MLT2A1_dup2185,0,0
MLT2A1_dup2186,5.270157952,3.328844415
MLT2A1_dup2187,0,0.751016763
MLT2A1_dup2188,0,0
MLT2A1_dup2189,0,0
MLT2A1_dup2190,0,0
MLT2A1_dup2191,0,0
MLT2A1_dup2192,0,0.561676684
MLT2A1_dup2193,0,2.511096689
MLT2A1_dup2194,0,0
MLT2A1_dup2195,0,0.016297962
MLT2A1_dup2196,3.056581121,0.411777341
MLT2A1_dup2197,0.8531798,0
MLT2A1_dup2198,0,0.036908508
MLT2A1_dup2199,0,0
MLT2A1_dup2200,0,0
MLT2A1_dup2201,0,0
MLT2A1_dup2202,0.159627331,0
MLT2A1_dup2203,0,0
MLT2A1_dup2204,0,0
MLT2A1_dup2205,0.024181134,0
MLT2A1_dup3728,0.139223887,7.981745572
MLT2A1_dup3729,0,0.197818278
MLT2A1_dup3837,0,0.219197447
MLT2A1_dup3737,0,0
MLT2A1_dup3738,0,0
MLT2A1_dup3739,0,0
MLT2A1_dup3740,0,0
MLT2A1_dup3741,0,0
MLT2A1_dup3742,0,0
MLT2A1_dup3743,0,0
MLT2A1_dup3744,0,0
MLT2A1_dup3745,0,0
MLT2A1_dup3746,0,0
MLT2A1_dup3747,0,0
MLT2A1_dup3748,0,0
MLT2A1_dup3749,0,0
MLT2A1_dup3750,0,0
MLT2A1_dup3795,0,0
MLT2A1_dup3796,0,0
MLT2A1_dup3797,0,0
MLT2A1_dup3732,0,0
MLT2A1_dup3733,0,0
MLT2A1_dup3766,0,0
MLT2A1_dup3767,0,0
MLT2A1_dup3816,0,0
MLT2A1_dup3817,0,0
MLT2A1_dup3818,0,0
MLT2A1_dup3819,0,0
MLT2A1_dup3820,0,0
MLT2A1_dup3826,0,0
MLT2A1_dup3827,0,0
MLT2A1_dup3828,0,0
MLT2A1_dup3829,0,0
MLT2A1_dup3830,0,0
MLT2A1_dup3831,0,0
MLT2A1_dup3832,0,0
MLT2A1_dup3833,0,0.020180579
MLT2A1_dup3834,0,0
MLT2A1_dup3835,0.111406575,0
MLT2A1_dup3836,0,0.203167675
MLT2A1_dup3730,0,0
MLT2A1_dup3731,0,0
MLT2A1_dup3734,0,0
MLT2A1_dup3735,0,0
MLT2A1_dup3736,0,0
MLT2A1_dup3751,0,0
MLT2A1_dup3752,0,0
MLT2A1_dup3753,0,0
MLT2A1_dup3754,0,0
MLT2A1_dup3755,0,0
MLT2A1_dup3756,0,0
MLT2A1_dup3757,0,0
MLT2A1_dup3758,0,0
MLT2A1_dup3759,0,0
MLT2A1_dup3761,0,0
MLT2A1_dup3762,0,0
MLT2A1_dup3763,0,0
MLT2A1_dup3764,0,0
MLT2A1_dup3765,0,0
MLT2A1_dup3768,0,0
MLT2A1_dup3769,0,0
MLT2A1_dup3770,0,0
MLT2A1_dup3771,0,0
MLT2A1_dup3772,0,0
MLT2A1_dup3773,0,0
MLT2A1_dup3774,0,0
MLT2A1_dup3775,0,0
MLT2A1_dup3776,0,0
MLT2A1_dup3777,0,0
MLT2A1_dup3778,0,0
MLT2A1_dup3779,0,0
MLT2A1_dup3780,0,0
MLT2A1_dup3781,0,0
MLT2A1_dup3782,0,0
MLT2A1_dup3783,0,0
MLT2A1_dup3784,0,0
MLT2A1_dup3785,0,0
MLT2A1_dup3786,0,0
MLT2A1_dup3787,0,0
MLT2A1_dup3788,0,0
MLT2A1_dup3798,0,0
MLT2A1_dup3799,0,0
MLT2A1_dup3800,0,0
MLT2A1_dup3801,0,0
MLT2A1_dup3802,0,0
MLT2A1_dup3803,0,0
MLT2A1_dup3804,0,0
MLT2A1_dup3822,0,0
MLT2A1_dup3823,0,0
MLT2A1_dup3824,0,0
MLT2A1_dup3825,0,0
MLT2A1_dup3760,0,0
MLT2A1_dup3789,0,0
MLT2A1_dup3790,0,0
MLT2A1_dup3791,0,0
MLT2A1_dup3792,0,0
MLT2A1_dup3793,0,0
MLT2A1_dup3794,0,0
MLT2A1_dup3805,0,0
MLT2A1_dup3806,0,0
MLT2A1_dup3807,0,0
MLT2A1_dup3808,0,0
MLT2A1_dup3809,0,0
MLT2A1_dup3810,0,0
MLT2A1_dup3811,0,0
MLT2A1_dup3812,0,0
MLT2A1_dup3813,0,0
MLT2A1_dup3814,0,0
MLT2A1_dup3815,0,0
MLT2A1_dup3821,0,0
MLT2A1_dup2207,0,0
MLT2A1_dup2208,0,0
MLT2A1_dup2209,0,0
MLT2A1_dup2210,0,0
MLT2A1_dup2211,0,0
MLT2A1_dup2212,0,0
MLT2A1_dup2213,0,0
MLT2A1_dup2214,0,0.147340899
MLT2A1_dup2215,0,0
MLT2A1_dup2216,10.40817814,1.655612415
MLT2A1_dup2217,0.024473756,0.595064743
MLT2A1_dup2218,0.256694041,0.185502495
MLT2A1_dup2219,0,0
MLT2A1_dup2220,0,0
MLT2A1_dup2221,0,0
MLT2A1_dup2222,0,0
MLT2A1_dup2223,0,0
MLT2A1_dup2224,0,0.482613013
MLT2A1_dup2225,0,0
MLT2A1_dup2226,0.064678813,0
MLT2A1_dup2227,0,0
MLT2A1_dup2228,0,0
MLT2A1_dup2229,0,0
MLT2A1_dup2230,0,0.468273535
MLT2A1_dup2231,0,0
MLT2A1_dup2232,0,0.123442753
MLT2A1_dup2233,0,0
MLT2A1_dup2234,0,0
MLT2A1_dup2235,0,0
MLT2A1_dup2236,0,0
MLT2A1_dup2237,0.07694267,1.703962951
MLT2A1_dup2238,0,0
MLT2A1_dup2239,0.084974579,0.096980286
MLT2A1_dup2240,0,0.032942187
MLT2A1_dup2241,0,0
MLT2A1_dup2242,0,0.226650321
MLT2A1_dup2243,0,0
MLT2A1_dup2244,0,0
MLT2A1_dup2245,0,0
MLT2A1_dup2246,0,0.034526962
MLT2A1_dup2247,0,0
MLT2A1_dup2248,0,0
MLT2A1_dup2249,0,0
MLT2A1_dup2250,0,0
MLT2A1_dup2251,0,0
MLT2A1_dup2252,0.211644553,0.727234761
MLT2A1_dup2253,0,0
MLT2A1_dup2254,0.498023863,0.163894423
MLT2A1_dup2255,0,0
MLT2A1_dup2256,0,0
MLT2A1_dup2257,0,2.652122163
MLT2A1_dup2258,0,0.385324966
MLT2A1_dup2259,0.309655691,0
MLT2A1_dup2260,0.081778632,0.531883259
MLT2A1_dup2261,0,0
MLT2A1_dup2262,0,0
MLT2A1_dup2263,0,0
MLT2A1_dup2264,0,0
MLT2A1_dup2265,0,0
MLT2A1_dup2266,0,0
MLT2A1_dup2267,0,0
MLT2A1_dup2268,0,0
MLT2A1_dup2269,0,0
MLT2A1_dup2270,0,0
MLT2A1_dup2271,0,0
MLT2A1_dup2272,0,0
MLT2A1_dup2273,0,0
MLT2A1_dup2274,0,0
MLT2A1_dup2275,0,0
MLT2A1_dup2276,0,0
MLT2A1_dup2277,0,0
MLT2A1_dup2278,0.616065698,0
MLT2A1_dup2279,0,0
MLT2A1_dup2280,0,0
MLT2A1_dup2281,0,0
MLT2A1_dup2282,0,0
MLT2A1_dup2283,0,0
MLT2A1_dup2284,0,0
MLT2A1_dup2285,0,0
MLT2A1_dup2286,0,0
MLT2A1_dup2287,0,0
MLT2A1_dup2288,0,0
MLT2A1_dup2289,0,0
MLT2A1_dup2290,0,0
MLT2A1_dup2291,0,0
MLT2A1_dup2292,0.249195114,0.420521457
MLT2A1_dup2293,0.031114429,0.790758378
MLT2A1_dup2294,0,0
MLT2A1_dup2295,0.950321851,0
MLT2A1_dup2296,0,0
MLT2A1_dup2297,0.279608658,0
MLT2A1_dup2298,0.084008959,0
MLT2A1_dup2299,0.024081005,0.029114165
MLT2A1_dup2300,8.021273378,0.781230081
MLT2A1_dup2301,0.451505274,0.148413102
MLT2A1_dup2302,0,0
MLT2A1_dup2303,0,0
MLT2A1_dup2304,0,0
MLT2A1_dup2305,0,0
MLT2A1_dup2306,0,0
MLT2A1_dup2307,0,0
MLT2A1_dup2308,0,0
MLT2A1_dup2309,0,0
MLT2A1_dup2310,0,0
MLT2A1_dup2311,0,0
MLT2A1_dup2312,0,0
MLT2A1_dup2313,0,0
MLT2A1_dup2314,0,0
MLT2A1_dup2315,0,0
MLT2A1_dup2316,3.118268068,0.859912581
MLT2A1_dup2317,0,0
MLT2A1_dup2318,0,0
MLT2A1_dup2319,1.463544991,0.415283879
MLT2A1_dup2320,0,0
MLT2A1_dup2321,0,0.070049893
MLT2A1_dup2322,12.51603464,10.05097001
MLT2A1_dup2323,0,0
MLT2A1_dup2324,0,0
MLT2A1_dup2325,0,0
MLT2A1_dup2326,0.028437959,0
MLT2A1_dup2327,0.09909904,0.035326742
MLT2A1_dup2328,0,0
MLT2A1_dup2329,0,0
MLT2A1_dup2330,0,0
MLT2A1_dup2331,0,0
MLT2A1_dup2332,0,0
MLT2A1_dup2333,0,0
MLT2A1_dup2334,0,0
MLT2A1_dup2335,0,0
MLT2A1_dup2336,0,0
MLT2A1_dup2337,0,0
MLT2A1_dup2338,0,0
MLT2A1_dup2339,0,0
MLT2A1_dup2340,0,0
MLT2A1_dup2341,0,0
MLT2A1_dup2342,0,0
MLT2A1_dup2343,0,0
MLT2A1_dup2344,0,0
MLT2A1_dup2345,0,0
MLT2A1_dup2346,0,0
MLT2A1_dup2347,0,0
MLT2A1_dup2348,0,0
MLT2A1_dup2349,0,0
MLT2A1_dup2350,0,0
MLT2A1_dup2351,0,0
MLT2A1_dup2352,0,0
MLT2A1_dup2353,0,0
MLT2A1_dup2354,0,0
MLT2A1_dup2355,0,0
MLT2A1_dup2356,3.662772032,0.068629557
MLT2A1_dup2357,0,0
MLT2A1_dup2358,0,0
MLT2A1_dup2359,0,0
MLT2A1_dup2360,0,0.070388298
MLT2A1_dup2361,0,0.794747878
MLT2A1_dup2362,0.031036055,0.035421011
MLT2A1_dup2363,0,0
MLT2A1_dup2364,0,6.977364
MLT2A1_dup2206,0.081418374,0.994893636
MLT2A1_dup2365,0,0
MLT2A1_dup2366,0,0
MLT2A1_dup2367,0,0
MLT2A1_dup2368,0,0
MLT2A1_dup2369,0,0
MLT2A1_dup2370,0,0
MLT2A1_dup2371,0,0
MLT2A1_dup2372,0,0
MLT2A1_dup2373,0,0
MLT2A1_dup2374,0,0
MLT2A1_dup2375,0.285215601,0.133734432
MLT2A1_dup2376,0,0
MLT2A1_dup2377,0,0
MLT2A1_dup2378,0.119098343,0.405634125
MLT2A1_dup2379,2.25158551,2.647345829
MLT2A1_dup2380,0,0
MLT2A1_dup2381,0,0
MLT2A1_dup2382,0,0
MLT2A1_dup2383,0,0
MLT2A1_dup2384,0,0
MLT2A1_dup2385,0.148886745,0.097880335
MLT2A1_dup2386,0,0
MLT2A1_dup2387,0,0
MLT2A1_dup2388,0,0
MLT2A1_dup2389,0,0
MLT2A1_dup2390,0,0
MLT2A1_dup2391,0,0
MLT2A1_dup2392,0,0
MLT2A1_dup2393,0,0
MLT2A1_dup2394,0,0
MLT2A1_dup2395,0,0
MLT2A1_dup2396,0,0
MLT2A1_dup2397,0,0
MLT2A1_dup2398,8.568500138,0
MLT2A1_dup2399,0.127023855,1.101719943
MLT2A1_dup2400,0,0
MLT2A1_dup2401,0,0
MLT2A1_dup2402,0,0
MLT2A1_dup2403,0.128084206,0
MLT2A1_dup2404,0,0.01445474
MLT2A1_dup2405,1.46682309,0
MLT2A1_dup2406,0.264974494,0
MLT2A1_dup2407,0.713002078,6.072878297
MLT2A1_dup2408,0.209274039,1.242359803
MLT2A1_dup2409,0,0
MLT2A1_dup2410,0.028520083,0
MLT2A1_dup2411,0,0
MLT2A1_dup2412,0,0
MLT2A1_dup2413,0.083628828,0.032964656
MLT2A1_dup2414,0,0
MLT2A1_dup2415,0,0.143491239
MLT2A1_dup2416,1.620083549,0.277770695
MLT2A1_dup2417,13.8011227,3.122948244
MLT2A1_dup2418,0,0.032626778
MLT2A1_dup2419,0,0
MLT2A1_dup2420,2.555244344,0.038042762
MLT2A1_dup2421,0,0
MLT2A1_dup2422,0,0
MLT2A1_dup2423,0,0
MLT2A1_dup2424,0,0
MLT2A1_dup2425,0,0
MLT2A1_dup2426,0,0
MLT2A1_dup2427,0,0
MLT2A1_dup2428,0,0
MLT2A1_dup2429,0,0
MLT2A1_dup2430,0,0.507887728
MLT2A1_dup2431,0.750866988,0
MLT2A1_dup2432,0,0
MLT2A1_dup2433,0,0
MLT2A1_dup2434,0,0
MLT2A1_dup2435,0,0
MLT2A1_dup2436,0.084779683,0
MLT2A1_dup2437,0,0
MLT2A1_dup2438,0,0
MLT2A1_dup2439,0,0
MLT2A1_dup2440,0,0
MLT2A1_dup2441,0,0.017855855
MLT2A1_dup2442,0,0
MLT2A1_dup2443,0,0
MLT2A1_dup2444,0,0
MLT2A1_dup2445,0,0
MLT2A1_dup2446,0,0
MLT2A1_dup2447,0,0
MLT2A1_dup2448,0,0
MLT2A1_dup2449,0,0
MLT2A1_dup2450,0,0
MLT2A1_dup2451,0,0
MLT2A1_dup2452,0,0
MLT2A1_dup2453,0,0
MLT2A1_dup2454,0,0
MLT2A1_dup2455,0,0
MLT2A1_dup2456,0,0
MLT2A1_dup2457,0,0
MLT2A1_dup2458,0,0
MLT2A1_dup2459,0,0
MLT2A1_dup2460,0,0
MLT2A1_dup2461,0,0
MLT2A1_dup2462,0,0
MLT2A1_dup2463,0.309714819,0
MLT2A1_dup2464,0,0
MLT2A1_dup2465,0,0
MLT2A1_dup2466,0,0
MLT2A1_dup2467,0,0
MLT2A1_dup2468,0,0
MLT2A1_dup2469,0,0.032326762
MLT2A1_dup2470,0,0
MLT2A1_dup2471,0,0
MLT2A1_dup2472,0,0
MLT2A1_dup2473,0,0
MLT2A1_dup2474,4.170565565,2.543132487
MLT2A1_dup2475,0,0
MLT2A1_dup2476,1.929813767,2.681850081
MLT2A1_dup2477,142.4639948,10.84904695
MLT2A1_dup2478,0,0
MLT2A1_dup2479,0,0.204221971
MLT2A1_dup2480,0,0
MLT2A1_dup2481,0,0
MLT2A1_dup2482,0,0.03167518
MLT2A1_dup2483,0.482552208,1.694434095
MLT2A1_dup2484,0,0
MLT2A1_dup2485,0,0.095228949
MLT2A1_dup2486,0,0
MLT2A1_dup2487,0.471024689,0.094367732
MLT2A1_dup2488,0,0
MLT2A1_dup2489,0,0
MLT2A1_dup2490,0,0
MLT2A1_dup2491,0,0
MLT2A1_dup2492,0,0
MLT2A1_dup2493,0,0
MLT2A1_dup2494,0,0
MLT2A1_dup2495,0,0
MLT2A1_dup2496,0,0
MLT2A1_dup2497,0,0
MLT2A1_dup2498,0,0
MLT2A1_dup2499,0,0
MLT2A1_dup2500,0,0
MLT2A1_dup2501,0,0
MLT2A1_dup2502,0,0
MLT2A1_dup2503,0,0
MLT2A1_dup2504,0,0
MLT2A1_dup2505,0,0
MLT2A1_dup2506,0,0
MLT2A1_dup2507,0,0
MLT2A1_dup2508,0,0
MLT2A1_dup2509,0,0.068268211
MLT2A1_dup2510,0,0
MLT2A1_dup2511,0.200451312,0.461573016
MLT2A1_dup2512,2.915050409,1.91982677
MLT2A1_dup2513,0,0
MLT2A1_dup2514,0,0
MLT2A1_dup2515,0,0
MLT2A1_dup2516,0.277073346,0.21858251
MLT2A1_dup2517,0.090868167,0.075887384
MLT2A1_dup2518,0,0
MLT2A1_dup2519,0,0
MLT2A1_dup2520,0,0
MLT2A1_dup2521,0,0
MLT2A1_dup2522,0,0
MLT2A1_dup2523,0,0
MLT2A1_dup2524,0,0
MLT2A1_dup2525,0,0
MLT2A1_dup2526,0,0
MLT2A1_dup2527,0,0
MLT2A1_dup2528,0,0
MLT2A1_dup2529,0,0
MLT2A1_dup2530,0,0
MLT2A1_dup2531,0,0
MLT2A1_dup2532,0,0
MLT2A1_dup2533,0,0
MLT2A1_dup2534,0.02749675,0
MLT2A1_dup2535,0,0
MLT2A1_dup2536,0,0
MLT2A1_dup2537,0,0
MLT2A1_dup2538,0.945662207,0.549036455
MLT2A1_dup2539,0.288613534,0.13078784
MLT2A1_dup2540,0.55855687,0
MLT2A1_dup2541,0,0
MLT2A1_dup2542,0,0
MLT2A1_dup2543,0,0
MLT2A1_dup2544,0,0
MLT2A1_dup2545,0,0
MLT2A1_dup2546,0,0
MLT2A1_dup2547,0,0
MLT2A1_dup2548,0,0
MLT2A1_dup2549,0,0
MLT2A1_dup2550,0,0
MLT2A1_dup2551,0,0
MLT2A1_dup2552,0,0.030153032
MLT2A1_dup2553,0,0
MLT2A1_dup2554,0,0
MLT2A1_dup2555,0,0
MLT2A1_dup2556,0,0
MLT2A1_dup2557,0,0.520139799
MLT2A1_dup2558,0,0.13377538
MLT2A1_dup2559,0,0
MLT2A1_dup2560,0.112876318,0
MLT2A1_dup2561,0,0
MLT2A1_dup2562,0,0
MLT2A1_dup2563,0,0
MLT2A1_dup2564,0,0
MLT2A1_dup2565,0,0
MLT2A1_dup2566,0,0
MLT2A1_dup2567,0,0
MLT2A1_dup2568,0,0.282073775
MLT2A1_dup2569,0,0
MLT2A1_dup2570,0,0
MLT2A1_dup2571,0,0
MLT2A1_dup2572,0,0
MLT2A1_dup2573,0,0
MLT2A1_dup2574,0,0
MLT2A1_dup2575,0,0
MLT2A1_dup2576,0,0
MLT2A1_dup2577,0,0
MLT2A1_dup2578,0,0
MLT2A1_dup2579,0,0
MLT2A1_dup2580,0,0
MLT2A1_dup2581,0,0
MLT2A1_dup2582,0,0
MLT2A1_dup2583,0,0
MLT2A1_dup2584,0,0
MLT2A1_dup2585,0,0
MLT2A1_dup2586,0,0
