TE,DUX4_NC,DUX4_ASO
MLT2A1_dup1,0,0
MLT2A1_dup2,0,0
MLT2A1_dup3,0,0
MLT2A1_dup4,0,0.322917378
MLT2A1_dup5,0,0.411652926
MLT2A1_dup6,0,0.990731556
MLT2A1_dup7,0,0
MLT2A1_dup8,1.057800547,0.296996203
MLT2A1_dup9,0.924051643,0.287260944
MLT2A1_dup10,0.356639295,0.28794825
MLT2A1_dup11,0,0
MLT2A1_dup12,0.359100637,0
MLT2A1_dup13,0,0
MLT2A1_dup14,0,0
MLT2A1_dup15,0,0.247772934
MLT2A1_dup16,0,0
MLT2A1_dup17,0,0
MLT2A1_dup18,0,0
MLT2A1_dup19,0.145551779,0.144692008
MLT2A1_dup20,0.191376271,0
MLT2A1_dup21,0,0
MLT2A1_dup22,0.196036379,0.515409468
MLT2A1_dup23,0,0
MLT2A1_dup24,0,0
MLT2A1_dup25,0.073789135,0.134421438
MLT2A1_dup26,0,0.448689198
MLT2A1_dup27,0,0
MLT2A1_dup28,0.084453194,0
MLT2A1_dup29,0,0
MLT2A1_dup30,0,0
MLT2A1_dup31,0,0
MLT2A1_dup32,0,0
MLT2A1_dup33,0,0
MLT2A1_dup34,0,0.125075636
MLT2A1_dup35,0,0
MLT2A1_dup36,0.225786621,0
MLT2A1_dup37,0,0
MLT2A1_dup38,0.675602985,0.602896323
MLT2A1_dup39,0.539562106,0.61104694
MLT2A1_dup40,0,0
MLT2A1_dup41,0,0
MLT2A1_dup42,0,0
MLT2A1_dup43,0.323897759,0
MLT2A1_dup44,0.970679336,0
MLT2A1_dup45,0.305360808,0
MLT2A1_dup46,1.488445291,0
MLT2A1_dup47,0,0
MLT2A1_dup48,0,0
MLT2A1_dup49,0.086436976,0
MLT2A1_dup50,0,0
MLT2A1_dup51,0.528624251,0
MLT2A1_dup52,0,0
MLT2A1_dup53,0,0
MLT2A1_dup54,0,0.864409679
MLT2A1_dup55,0,0
MLT2A1_dup56,0,0.112113414
MLT2A1_dup57,0,0
MLT2A1_dup58,0,0
MLT2A1_dup59,0,0
MLT2A1_dup60,0,0.108573869
MLT2A1_dup61,0.129853783,0
MLT2A1_dup62,0.448928085,0
MLT2A1_dup63,0,0
MLT2A1_dup64,0,0.127316384
MLT2A1_dup65,0,0
MLT2A1_dup66,0,0
MLT2A1_dup67,0,0.125628344
MLT2A1_dup68,0,0
MLT2A1_dup69,0,0
MLT2A1_dup70,0,0
MLT2A1_dup71,0,0
MLT2A1_dup72,0,0.230352099
MLT2A1_dup73,1.677691926,0
MLT2A1_dup74,0.376210903,0.44003239
MLT2A1_dup75,0,0.809671367
MLT2A1_dup76,0.116565373,0
MLT2A1_dup77,0.378565679,0.241383928
MLT2A1_dup78,0,0.221223224
MLT2A1_dup79,0,0.155077507
MLT2A1_dup80,0.928429392,0.040399851
MLT2A1_dup81,0,0
MLT2A1_dup82,0,0.083062336
MLT2A1_dup83,0,0
MLT2A1_dup84,0.07768069,0
MLT2A1_dup85,0.956533795,0.131597545
MLT2A1_dup86,0.278582794,0.144055142
MLT2A1_dup87,0,0.255611022
MLT2A1_dup88,0,0
MLT2A1_dup89,0.946990531,0.258134886
MLT2A1_dup90,0,0.211253065
MLT2A1_dup91,0,0
MLT2A1_dup92,0,0
MLT2A1_dup93,0,0
MLT2A1_dup94,0,0.045702447
MLT2A1_dup95,0,0.255027813
MLT2A1_dup96,0,0.334348893
MLT2A1_dup97,0,0
MLT2A1_dup98,0,0.572842496
MLT2A1_dup99,0,0
MLT2A1_dup100,0.439354428,0.176487656
MLT2A1_dup101,0,0
MLT2A1_dup102,0,0
MLT2A1_dup103,0,0
MLT2A1_dup104,0,0
MLT2A1_dup105,0,0
MLT2A1_dup106,2.073769868,0.373722757
MLT2A1_dup107,2.473553868,0
MLT2A1_dup108,2.334953154,0.040490399
MLT2A1_dup109,0,0.077525621
MLT2A1_dup110,0,0.217215473
MLT2A1_dup111,0.088730018,0
MLT2A1_dup112,0.188843391,0
MLT2A1_dup113,0,0.039864957
MLT2A1_dup114,0,0.139114704
MLT2A1_dup115,0,0
MLT2A1_dup116,0,0
MLT2A1_dup117,0,0.041522681
MLT2A1_dup118,0,0.125075636
MLT2A1_dup119,0,0.160650678
MLT2A1_dup120,0,0.199086871
MLT2A1_dup121,1.15992337,0.176899588
MLT2A1_dup122,0.15512686,0.08287138
MLT2A1_dup123,0,0
MLT2A1_dup124,0.15512686,0
MLT2A1_dup125,0,0
MLT2A1_dup126,0,0
MLT2A1_dup127,0.310188728,0
MLT2A1_dup128,0.726092816,0
MLT2A1_dup129,0.697164129,0
MLT2A1_dup130,0,0
MLT2A1_dup131,0,0
MLT2A1_dup132,0,0
MLT2A1_dup133,0.084259828,0
MLT2A1_dup134,0,0
MLT2A1_dup135,0,0
MLT2A1_dup136,0.912764485,0.801839864
MLT2A1_dup137,0,0.195753503
MLT2A1_dup138,0,0
MLT2A1_dup139,0.073244171,0.401718618
MLT2A1_dup140,0.277679584,0
MLT2A1_dup141,0.140066821,0.111188962
MLT2A1_dup142,1.169390267,0.204391867
MLT2A1_dup143,0.382698091,0
MLT2A1_dup144,0,0
MLT2A1_dup145,0,0
MLT2A1_dup146,0.189226919,0
MLT2A1_dup147,0,0.159195023
MLT2A1_dup148,0,0.269898431
MLT2A1_dup149,0,0
MLT2A1_dup150,0.192112683,0
MLT2A1_dup151,1.094040161,0.661555688
MLT2A1_dup152,1.303617671,0.147106618
MLT2A1_dup153,0.4291127,0.151834404
MLT2A1_dup154,1.127864566,0.611065112
MLT2A1_dup155,0,0.087711693
MLT2A1_dup156,0,0.425713196
MLT2A1_dup157,0.143764511,0.318807013
MLT2A1_dup158,0,0
MLT2A1_dup159,0,0
MLT2A1_dup160,0,0.112816961
MLT2A1_dup161,1.855574406,0.345186631
MLT2A1_dup162,0,0
MLT2A1_dup163,0,0
MLT2A1_dup164,0.300728434,0.581715134
MLT2A1_dup165,0.420926534,0.116221175
MLT2A1_dup166,0,0
MLT2A1_dup167,0,0.321786444
MLT2A1_dup168,0.389375866,0.073873331
MLT2A1_dup169,0,0.652877988
MLT2A1_dup170,0,0
MLT2A1_dup171,0,0
MLT2A1_dup172,0,0
MLT2A1_dup173,0,0
MLT2A1_dup174,0,0
MLT2A1_dup175,0.865906447,0
MLT2A1_dup176,0.483352925,0
MLT2A1_dup177,0,0.419306686
MLT2A1_dup178,0,0.811393765
MLT2A1_dup179,0,0.425713196
MLT2A1_dup180,0,0.182313991
MLT2A1_dup181,0,0
MLT2A1_dup182,0,0.873633357
MLT2A1_dup183,0,1.299323542
MLT2A1_dup184,0.085235643,0.184964524
MLT2A1_dup185,0,0.4677798
MLT2A1_dup186,0,0
MLT2A1_dup187,0,0.292221242
MLT2A1_dup188,0,0
MLT2A1_dup189,0,0
MLT2A1_dup190,0,0
MLT2A1_dup191,0,0
MLT2A1_dup192,0,0
MLT2A1_dup193,0,0.18808341
MLT2A1_dup194,0,0
MLT2A1_dup195,0,0
MLT2A1_dup196,0,0.156983107
MLT2A1_dup197,0,0
MLT2A1_dup198,0,0
MLT2A1_dup199,0,0
MLT2A1_dup200,0,0
MLT2A1_dup201,0,0
MLT2A1_dup202,0,0.043305302
MLT2A1_dup203,0.392636291,0.251741277
MLT2A1_dup204,0,0
MLT2A1_dup205,0.073563489,0
MLT2A1_dup206,0,0
MLT2A1_dup207,0,0
MLT2A1_dup208,0.26242563,0
MLT2A1_dup209,0,0
MLT2A1_dup210,0,0
MLT2A1_dup211,0,0
MLT2A1_dup212,0,0
MLT2A1_dup213,0,0
MLT2A1_dup214,0,0.122912915
MLT2A1_dup215,0.129353544,0
MLT2A1_dup216,0,0
MLT2A1_dup217,0,0
MLT2A1_dup218,0,0.773330139
MLT2A1_dup219,0,0
MLT2A1_dup220,0,0
MLT2A1_dup221,0.074210571,0
MLT2A1_dup222,0,0.203765704
MLT2A1_dup223,0,0
MLT2A1_dup224,0,0
MLT2A1_dup225,0,0
MLT2A1_dup226,0,0
MLT2A1_dup227,0,0
MLT2A1_dup228,0,0.546251214
MLT2A1_dup229,0.509766889,0
MLT2A1_dup230,0,0.243049013
MLT2A1_dup231,0.272183569,0
MLT2A1_dup232,0,0
MLT2A1_dup233,0.435448626,0.080596753
MLT2A1_dup234,0.408536237,0.123124557
MLT2A1_dup235,0,0
MLT2A1_dup236,0,0
MLT2A1_dup237,0.275342026,0.09220101
MLT2A1_dup238,1.840987045,0.168735218
MLT2A1_dup239,0,0
MLT2A1,0,0
MLT2A1_dup240,0,0
MLT2A1_dup241,0,0
MLT2A1_dup242,0,0
MLT2A1_dup243,0.863118592,0
MLT2A1_dup244,0.66937384,0
MLT2A1_dup245,0.241318905,0
MLT2A1_dup246,0,0
MLT2A1_dup247,0,0.476881516
MLT2A1_dup248,0.082930743,0
MLT2A1_dup249,0,0.599161132
MLT2A1_dup250,0,0.075333343
MLT2A1_dup251,0.47003288,0.633934824
MLT2A1_dup252,1.392433672,0
MLT2A1_dup253,0.573109992,0
MLT2A1_dup254,0.767415348,1.017535938
MLT2A1_dup255,0,0.330699572
MLT2A1_dup256,0,0
MLT2A1_dup257,0.132153965,0.200332607
MLT2A1_dup258,0,0
MLT2A1_dup259,0,0
MLT2A1_dup260,0.392636291,0.251741277
MLT2A1_dup261,0,0.075576043
MLT2A1_dup262,1.068762586,1.595796542
MLT2A1_dup263,0.610188017,0.845917794
MLT2A1_dup264,0,0.387716474
MLT2A1_dup265,0,1.124088945
MLT2A1_dup266,0,0.93741038
MLT2A1_dup267,0.435242122,0.28331346
MLT2A1_dup268,0.598915743,0.252043714
MLT2A1_dup269,0,0.065264375
MLT2A1_dup270,0,0
MLT2A1_dup2588,0,0
MLT2A1_dup2589,0.684116819,0
MLT2A1_dup2590,0,0
MLT2A1_dup2591,1.97968598,0.043619018
MLT2A1_dup2592,0,0.043937316
MLT2A1_dup2593,0,0.183819063
MLT2A1_dup2594,0.814718202,0.272419241
MLT2A1_dup2595,1.147831081,0.962001924
MLT2A1_dup2596,0.264621727,0.208895321
MLT2A1_dup2597,0,0.108505333
MLT2A1_dup2598,0.193363267,0.251610875
MLT2A1_dup2599,0.3918398,0
MLT2A1_dup2600,0.075709077,0.379624653
MLT2A1_dup2601,0,0
MLT2A1_dup2602,0,0
MLT2A1_dup2603,0,0.088574116
MLT2A1_dup2604,0,0
MLT2A1_dup2605,0,0
MLT2A1_dup2606,0,0.075894118
MLT2A1_dup2607,0,0.737900413
MLT2A1_dup2608,0,0.204655963
MLT2A1_dup2609,0,0
MLT2A1_dup2610,0,0.147110739
MLT2A1_dup2611,0,0.565066681
MLT2A1_dup2612,0,0
MLT2A1_dup2613,0,0.475066659
MLT2A1_dup2614,0.145322825,0.220316169
MLT2A1_dup2615,0,0.11358922
MLT2A1_dup2616,0,0
MLT2A1_dup2617,0,0
MLT2A1_dup2618,0,0
MLT2A1_dup2619,0,0
MLT2A1_dup2620,0,0.204655963
MLT2A1_dup2621,0,0.240717771
MLT2A1_dup2622,0,0.168735218
MLT2A1_dup2623,0,0
MLT2A1_dup2624,0,0
MLT2A1_dup2625,0,0
MLT2A1_dup2626,0,0.293835299
MLT2A1_dup2627,0,0
MLT2A1_dup2628,0.415699402,0
MLT2A1_dup2629,0.520565191,0
MLT2A1_dup2630,0,0
MLT2A1_dup2631,0,0
MLT2A1_dup2632,0,0
MLT2A1_dup2633,0,0
MLT2A1_dup2634,0,0
MLT2A1_dup2635,0,0
MLT2A1_dup2636,0,0
MLT2A1_dup2637,0,0
MLT2A1_dup2638,0,0.644643992
MLT2A1_dup2639,0.945914491,0.289160345
MLT2A1_dup2640,0.724721081,0.251665443
MLT2A1_dup2641,0.877298936,0
MLT2A1_dup2642,0.548914106,0
MLT2A1_dup2643,0.235621857,0
MLT2A1_dup2644,0,0
MLT2A1_dup2645,0,0.270153434
MLT2A1_dup2646,0,0.461313118
MLT2A1_dup2647,0,0.697236192
MLT2A1_dup2648,0,0
MLT2A1_dup2649,0,0
MLT2A1_dup2650,0,0
MLT2A1_dup2651,0,0
MLT2A1_dup2587,1.407678878,0.044698407
MLT2A1_dup2652,1.734358408,0
MLT2A1_dup2653,0.127997324,0.185140681
MLT2A1_dup2654,0.506768122,0
MLT2A1_dup2655,0,0
MLT2A1_dup2656,0,0
MLT2A1_dup2657,0,0.081459277
MLT2A1_dup2658,1.417568179,0.614985194
MLT2A1_dup2659,0,0
MLT2A1_dup2660,0,0.117094378
MLT2A1_dup2661,0.194072022,0
MLT2A1_dup2662,0,0.255399861
MLT2A1_dup2663,0.157467891,0.044152111
MLT2A1_dup2664,0,0
MLT2A1_dup2665,0,0
MLT2A1_dup2666,0,0
MLT2A1_dup2667,0,0.105391454
MLT2A1_dup2668,0,0
MLT2A1_dup2669,0.211970499,0.18419928
MLT2A1_dup2670,0,0
MLT2A1_dup2671,0,0
MLT2A1_dup2672,0,0
MLT2A1_dup2673,0,0
MLT2A1_dup2674,2.398468551,0
MLT2A1_dup2675,1.713751355,0
MLT2A1_dup2676,1.513694299,0
MLT2A1_dup2677,0.081174074,0
MLT2A1_dup2678,0,0
MLT2A1_dup2679,1.825718324,0
MLT2A1_dup2680,1.817181047,0.071388027
MLT2A1_dup2681,0.664911727,0
MLT2A1_dup2682,0,0
MLT2A1_dup2683,0,0
MLT2A1_dup2684,0,0
MLT2A1_dup2685,0.15033978,0.358514169
MLT2A1_dup2686,0,0.701435267
MLT2A1_dup2687,0,0
MLT2A1_dup2688,0,0
MLT2A1_dup2689,0,0
MLT2A1_dup2690,0,0
MLT2A1_dup2691,0,0
MLT2A1_dup2692,0,0
MLT2A1_dup2693,0,0
MLT2A1_dup2694,0,0
MLT2A1_dup2695,0,0
MLT2A1_dup2696,0,0
MLT2A1_dup2697,0,0
MLT2A1_dup2698,0,0
MLT2A1_dup2699,0.90230907,0
MLT2A1_dup2700,0,0
MLT2A1_dup2701,0,0
MLT2A1_dup2702,0,0
MLT2A1_dup2703,0,0.086065425
MLT2A1_dup2704,0,0
MLT2A1_dup2705,0,0
MLT2A1_dup2706,0,0
MLT2A1_dup2707,0.225380881,0.167206121
MLT2A1_dup2708,0,0
MLT2A1_dup2709,0,0
MLT2A1_dup2710,0,0.184581097
MLT2A1_dup2711,0,0
MLT2A1_dup2712,0,0
MLT2A1_dup2713,0,0.134945564
MLT2A1_dup2714,0,0
MLT2A1_dup2715,0.191677035,0.390007527
MLT2A1_dup2716,0,0.600068083
MLT2A1_dup2717,0,0.110722487
MLT2A1_dup2718,0,0.076864652
MLT2A1_dup2719,0,0
MLT2A1_dup2720,0,0.228437038
MLT2A1_dup2721,0,0.792464635
MLT2A1_dup2722,0,0.314579023
MLT2A1_dup2723,0,0
MLT2A1_dup2724,0,0
MLT2A1_dup2725,0.246687378,0.250843401
MLT2A1_dup2726,0,0
MLT2A1_dup2727,0.81780875,0.613830753
MLT2A1_dup2728,0.294879432,0
MLT2A1_dup2729,1.779317014,0.145409429
MLT2A1_dup2730,0,0
MLT2A1_dup2731,0.271989805,0.073021816
MLT2A1_dup2732,0.134000572,0.076701172
MLT2A1_dup2733,0,0.621737739
MLT2A1_dup2734,0,0.709010545
MLT2A1_dup2735,0,0
MLT2A1_dup2736,0,0
MLT2A1_dup2737,0.703293538,0
MLT2A1_dup2738,0.757580145,0
MLT2A1_dup2739,0,0
MLT2A1_dup2740,0.437561026,0
MLT2A1_dup2741,0,0
MLT2A1_dup2742,0,0
MLT2A1_dup2743,0,0
MLT2A1_dup2744,0,0
MLT2A1_dup2745,0.370931901,0.633848654
MLT2A1_dup2746,0,0.275614033
MLT2A1_dup2747,0,0.03867034
MLT2A1_dup2748,0.076391361,0
MLT2A1_dup2749,0.862959055,0
MLT2A1_dup2750,0,0
MLT2A1_dup2751,0,0
MLT2A1_dup2752,0.70942218,0.574731478
MLT2A1_dup2753,0,0
MLT2A1_dup2754,0,0
MLT2A1_dup2755,0,0
MLT2A1_dup2756,0,0
MLT2A1_dup2757,1.643988897,0
MLT2A1_dup2758,0.895353617,0
MLT2A1_dup2759,0.222539635,0
MLT2A1_dup2760,1.176649152,0.039344053
MLT2A1_dup2761,1.140003367,0
MLT2A1_dup2762,0.939069156,0
MLT2A1_dup2763,0,0
MLT2A1_dup2764,0.997725016,1.405959232
MLT2A1_dup2765,0.700626619,0.978150483
MLT2A1_dup2766,0.266186417,0
MLT2A1_dup2767,0.517319016,0
MLT2A1_dup2768,0,0
MLT2A1_dup2769,0,0.047406968
MLT2A1_dup2770,0,0
MLT2A1_dup2771,0.079355047,0.181331945
MLT2A1_dup2772,0,0
MLT2A1_dup2773,0,0
MLT2A1_dup2774,0,0
MLT2A1_dup2775,0,0
MLT2A1_dup2776,0,0
MLT2A1_dup2777,0,0
MLT2A1_dup2778,0,0
MLT2A1_dup2779,0,0
MLT2A1_dup2780,0,0
MLT2A1_dup2781,0,0
MLT2A1_dup2782,0.428410397,0.537825213
MLT2A1_dup2783,0.15701806,0.701731883
MLT2A1_dup2784,0.20110747,0.233101474
MLT2A1_dup2785,0,0
MLT2A1_dup2786,0,0
MLT2A1_dup2787,0,0
MLT2A1_dup2788,0,0
MLT2A1_dup2789,0.284628594,0.174152944
MLT2A1_dup2790,0,0
MLT2A1_dup2791,0,1.003973414
MLT2A1_dup2792,0,0.371461388
MLT2A1_dup2793,0,0.038920259
MLT2A1_dup2794,0,0
MLT2A1_dup2795,0.299345366,0
MLT2A1_dup2796,0,0
MLT2A1_dup2797,0.411552465,0
MLT2A1_dup2798,0.617868444,0
MLT2A1_dup2799,0,0
MLT2A1_dup2800,0,0
MLT2A1_dup2801,0,0
MLT2A1_dup2802,0.214188586,0
MLT2A1_dup2803,0,0
MLT2A1_dup2804,0,0
MLT2A1_dup2805,1.721942766,0.085485281
MLT2A1_dup2806,0.431543951,0
MLT2A1_dup2807,1.015540804,1.203194842
MLT2A1_dup2808,0,0
MLT2A1_dup2809,0,0
MLT2A1_dup2810,0,0
MLT2A1_dup2811,0,0
MLT2A1_dup2812,0.202983913,0.111188962
MLT2A1_dup2813,0,0
MLT2A1_dup2814,0.158493202,0.084821515
MLT2A1_dup2815,0,0
MLT2A1_dup2816,0,0
MLT2A1_dup2817,0,0
MLT2A1_dup2818,0,0.162625334
MLT2A1_dup2819,0,0.688191281
MLT2A1_dup2820,0,0.213659475
MLT2A1_dup2821,0,0
MLT2A1_dup2822,0,0
MLT2A1_dup2823,0,0
MLT2A1_dup2824,0,0
MLT2A1_dup2825,0,0.622829734
MLT2A1_dup2826,0,0.26794248
MLT2A1_dup2827,1.298531316,0.554483721
MLT2A1_dup2828,0.865445126,0.635100228
MLT2A1_dup2829,0,0
MLT2A1_dup2830,1.942836477,0
MLT2A1_dup2831,2.363402375,0
MLT2A1_dup2832,0.878379844,0
MLT2A1_dup2833,0.430715459,0
MLT2A1_dup2834,0,0.496201682
MLT2A1_dup2835,0,0
MLT2A1_dup2836,0,0
MLT2A1_dup2837,0,0
MLT2A1_dup2838,0,0
MLT2A1_dup2839,0,0
MLT2A1_dup2840,0,0
MLT2A1_dup2841,0.079526473,0
MLT2A1_dup2842,0.537418315,0
MLT2A1_dup2843,0,0
MLT2A1_dup2844,1.278775482,0
MLT2A1_dup2845,1.125733577,0.629908669
MLT2A1_dup2846,1.036558212,0.739785571
MLT2A1_dup2847,1.086154449,0
MLT2A1_dup2848,1.360947527,0
MLT2A1_dup2849,0.861888206,0
MLT2A1_dup2850,0.357521321,0
MLT2A1_dup2851,0,0
MLT2A1_dup2852,0,0
MLT2A1_dup2853,0,0.113137747
MLT2A1_dup2854,0,0
MLT2A1_dup2855,0.336762173,0.180102686
MLT2A1_dup2856,0,0.072682518
MLT2A1_dup2857,1.744990258,0
MLT2A1_dup2858,1.830915255,0
MLT2A1_dup2859,1.872093161,0
MLT2A1_dup2860,0,0
MLT2A1_dup2861,0,0.316105283
MLT2A1_dup2862,0.125721981,0.103510562
MLT2A1_dup2863,0,0
MLT2A1_dup2864,0,0.046369318
MLT2A1_dup2865,0,0
MLT2A1_dup2866,0,0
MLT2A1_dup2867,0,0
MLT2A1_dup2868,0,0
MLT2A1_dup2869,0,0
MLT2A1_dup2870,0.186030776,0
MLT2A1_dup2871,0,0
MLT2A1_dup2872,0,0
MLT2A1_dup2873,0,0
MLT2A1_dup2874,0,0
MLT2A1_dup2875,0,0.34648466
MLT2A1_dup2876,0.246376921,0.183633725
MLT2A1_dup2877,0,0.641506424
MLT2A1_dup2878,0,0.609154234
MLT2A1_dup2879,0,0.38893755
MLT2A1_dup2880,0,0.454861466
MLT2A1_dup2881,0,0.084622368
MLT2A1_dup2882,0.08593136,0
MLT2A1_dup2883,0,0
MLT2A1_dup2884,0,0
MLT2A1_dup2885,0,0.47800953
MLT2A1_dup2886,0.156316611,0.124547889
MLT2A1_dup2887,0.689715944,0.309776249
MLT2A1_dup2888,0.079829312,0.226102447
MLT2A1_dup2889,0,0
MLT2A1_dup2890,0,0.441518411
MLT2A1_dup2891,0,0
MLT2A1_dup2892,0,0
MLT2A1_dup2893,1.249868522,0.040041673
MLT2A1_dup2894,0,0.391253654
MLT2A1_dup2895,0,0.044920733
MLT2A1_dup2896,0,0
MLT2A1_dup2897,0,0
MLT2A1_dup2898,1.41796297,0.895392377
MLT2A1_dup2899,1.439506025,1.265628004
MLT2A1_dup2900,1.015395877,0.684946134
MLT2A1_dup2901,0,0.428462823
MLT2A1_dup2902,1.072819576,0.958143872
MLT2A1_dup2903,0,0
MLT2A1_dup2904,0,0
MLT2A1_dup2905,0,0
MLT2A1_dup2906,0.209029035,0.694820859
MLT2A1_dup2907,0,0.729272276
MLT2A1_dup2908,0.707010673,0.174152944
MLT2A1_dup2909,0.407749271,0
MLT2A1_dup2910,0,0
MLT2A1_dup2911,1.385967258,0.193267459
MLT2A1_dup2912,0.457981203,0.07859957
MLT2A1_dup2913,0.188517171,0
MLT2A1_dup2914,0.649515358,0
MLT2A1_dup2915,0.315923578,0.047055958
MLT2A1_dup2916,0,0
MLT2A1_dup2917,0,0.173445533
MLT2A1_dup2918,0.410632471,0.611034151
MLT2A1_dup2919,0.084259828,0.243408279
MLT2A1_dup2920,0.161651785,0
MLT2A1_dup2921,0,0
MLT2A1_dup2922,0,0.145025989
MLT2A1_dup2923,0,0.704914649
MLT2A1_dup2924,0,0.075260631
MLT2A1_dup2925,0,0
MLT2A1_dup2926,0.132630484,0.136492043
MLT2A1_dup2927,0,0
MLT2A1_dup2928,0,0
MLT2A1_dup2929,0.084453194,0.706061192
MLT2A1_dup2930,0,1.433130853
MLT2A1_dup2931,0.866371539,0.779072193
MLT2A1_dup2932,0.425938697,0
MLT2A1_dup2933,0.126670168,0.137370198
MLT2A1_dup2934,0,0.631577488
MLT2A1_dup2935,0.468008843,0.201142405
MLT2A1_dup2936,0.150277389,0.554213313
MLT2A1_dup2937,0,0.336902791
MLT2A1_dup2938,0.234958708,0.040987223
MLT2A1_dup2939,0.607233835,0
MLT2A1_dup2940,0,0
MLT2A1_dup2941,0.672334303,0.288361863
MLT2A1_dup2942,1.440985861,0.315099396
MLT2A1_dup2943,0,0
MLT2A1_dup2944,0,0
MLT2A1_dup2945,0,0
MLT2A1_dup2946,0.070786287,0
MLT2A1_dup2947,0,0
MLT2A1_dup2948,0.968039019,0
MLT2A1_dup2949,0.079355047,0
MLT2A1_dup2950,0,0
MLT2A1_dup2951,0,0.141867768
MLT2A1_dup2952,0.189201053,0.111188962
MLT2A1_dup2953,1.147831081,0
MLT2A1_dup2954,0.693100478,0
MLT2A1_dup2955,0.762339174,0.040987223
MLT2A1_dup2956,1.049871668,0.81108042
MLT2A1_dup2957,0,0.089232185
MLT2A1_dup2958,0,0.750158996
MLT2A1_dup2959,0.787312345,0
MLT2A1_dup2960,0,0.424928135
MLT2A1_dup2961,0,0
MLT2A1_dup2962,0.808765563,0
MLT2A1_dup2963,1.141052148,0
MLT2A1_dup2964,1.049551746,0
MLT2A1_dup2965,1.487806095,0
MLT2A1_dup2966,0,0.135692798
MLT2A1_dup2967,0.128610422,0
MLT2A1_dup2968,0.544978425,0
MLT2A1_dup2969,0,0
MLT2A1_dup2970,0.070786287,0.175907753
MLT2A1_dup2971,0,0
MLT2A1_dup2972,1.457722656,0.039173432
MLT2A1_dup2973,2.04028462,0.754415758
MLT2A1_dup2974,2.697603166,1.119651324
MLT2A1_dup2975,0,0.139385152
MLT2A1_dup2976,0.453980934,0.730429063
MLT2A1_dup2977,0.454629605,0.179925763
MLT2A1_dup2978,0.877298936,0.805925943
MLT2A1_dup2979,0,0
MLT2A1_dup2980,0,0
MLT2A1_dup2981,0,0
MLT2A1_dup2982,0,0
MLT2A1_dup2983,0,0
MLT2A1_dup2984,0,0
MLT2A1_dup2985,0,0
MLT2A1_dup2986,0,0
MLT2A1_dup2987,0,0
MLT2A1_dup2988,0,0
MLT2A1_dup2989,0,0
MLT2A1_dup2990,0,0
MLT2A1_dup2991,0,0
MLT2A1_dup2992,0,0
MLT2A1_dup2993,0,0.033737238
MLT2A1_dup2994,0,0
MLT2A1_dup2995,0,0.176535624
MLT2A1_dup2996,0,0
MLT2A1_dup2997,0,0
MLT2A1_dup2998,0.222601067,0.09754516
MLT2A1_dup2999,0.458371373,0
MLT2A1_dup3000,0,0
MLT2A1_dup3001,1.240140786,0
MLT2A1_dup3002,0,0
MLT2A1_dup3003,0,0.082340518
MLT2A1_dup3004,0,0.168942395
MLT2A1_dup3005,0,0
MLT2A1_dup3006,0.084425313,0
MLT2A1_dup3007,0,0
MLT2A1_dup3008,0,0
MLT2A1_dup3009,0.473753927,0
MLT2A1_dup3010,0.795681198,0
MLT2A1_dup3011,0.137356409,0.037859985
MLT2A1_dup3012,0.310309311,0.106787433
MLT2A1_dup3013,1.671587947,0
MLT2A1_dup3014,1.00391201,0
MLT2A1_dup3015,0.213603316,0
MLT2A1_dup3016,0.664911727,0.483432947
MLT2A1_dup3017,0.068349672,0.345289024
MLT2A1_dup3018,0.131378168,0.11358922
MLT2A1_dup3019,0,0
MLT2A1_dup3020,0,0.279840114
MLT2A1_dup3021,0,0
MLT2A1_dup3022,0,0
MLT2A1_dup3023,0.203363489,0
MLT2A1_dup3024,0.256650861,0.078198087
MLT2A1_dup3025,0,0.142431626
MLT2A1_dup3026,0,0
MLT2A1_dup3027,0,0.068410119
MLT2A1_dup3028,0.812648356,0
MLT2A1_dup3029,0.180165097,0
MLT2A1_dup3030,0,0
MLT2A1_dup3031,0.26836588,0
MLT2A1_dup3032,1.288855188,1.057695265
MLT2A1_dup3033,0.246095773,0
MLT2A1_dup3034,0,0
MLT2A1_dup3035,0,0
MLT2A1_dup3036,0,0
MLT2A1_dup3037,0,0
MLT2A1_dup3038,0,0
MLT2A1_dup3039,0,0
MLT2A1_dup3040,0,0.080358818
MLT2A1_dup3041,0,0.25208501
MLT2A1_dup3042,0,0.635576343
MLT2A1_dup3043,0,0
MLT2A1_dup3044,1.207686612,0
MLT2A1_dup3045,0.764061874,0
MLT2A1_dup3046,1.173773873,0.081191591
MLT2A1_dup3047,0.849523208,0
MLT2A1_dup3048,1.291415245,0
MLT2A1_dup3049,0.845382453,0
MLT2A1_dup3050,0,0.041164166
MLT2A1_dup3051,0.075918856,0.829513414
MLT2A1_dup3052,1.512628159,0
MLT2A1_dup3053,0,0
MLT2A1_dup3054,0.354012406,0
MLT2A1_dup3055,0.767701317,0
MLT2A1_dup3056,0.60985271,0
MLT2A1_dup3057,0.370680351,0.168214312
MLT2A1_dup3058,1.030861291,0
MLT2A1_dup3059,0.233336268,0
MLT2A1_dup3060,0,0.358240162
MLT2A1_dup3061,3.208117596,0.860507903
MLT2A1_dup3062,2.378278187,0.160073939
MLT2A1_dup3063,0,0.488744216
MLT2A1_dup3064,0,0.084424157
MLT2A1_dup3065,0,0
MLT2A1_dup3066,0.089594417,0.132049612
MLT2A1_dup3067,0.526457903,0.462879188
MLT2A1_dup3068,0.469423297,0.504771412
MLT2A1_dup3069,0,0
MLT2A1_dup3070,0,0
MLT2A1_dup3071,0,0.295905299
MLT2A1_dup3072,0,0
MLT2A1_dup3073,0,0
MLT2A1_dup3074,0.764386716,0.075260631
MLT2A1_dup3075,0.803675589,0
MLT2A1_dup3076,0.241145377,0.369823002
MLT2A1_dup3077,0.720174435,0.880335348
MLT2A1_dup3078,0.338522006,0.805157982
MLT2A1_dup3079,0.073563489,0.484260706
MLT2A1_dup3080,0,0
MLT2A1_dup3081,0.770304801,0
MLT2A1_dup3082,0.757517876,0
MLT2A1_dup3083,0.301845534,0
MLT2A1_dup3084,0.794801765,0
MLT2A1_dup3085,1.159824564,0.295905299
MLT2A1_dup3086,1.894179231,0
MLT2A1_dup3087,1.584272035,0.043724603
MLT2A1_dup3088,2.211675103,0
MLT2A1_dup3089,0.387602533,1.535035216
MLT2A1_dup3090,0.20839399,0
MLT2A1_dup3091,0.726508584,0
MLT2A1_dup3092,0.351275867,0
MLT2A1_dup3093,0,0
MLT2A1_dup3094,0,0
MLT2A1_dup3095,0,0
MLT2A1_dup3096,0.262127093,0
MLT2A1_dup3097,0.104932194,0
MLT2A1_dup3098,0.854266314,0
MLT2A1_dup3099,0.159532104,0.245713741
MLT2A1_dup3100,0,0
MLT2A1_dup3101,0,0
MLT2A1_dup3102,0.261604768,0.164384544
MLT2A1_dup3103,0,0
MLT2A1_dup3104,0,0
MLT2A1_dup3105,0,0
MLT2A1_dup3106,0.435348084,0
MLT2A1_dup3107,0.672940617,0
MLT2A1_dup3108,0,0
MLT2A1_dup3109,0,0
MLT2A1_dup3110,0,0
MLT2A1_dup3111,0,0
MLT2A1_dup3112,0.256998537,0
MLT2A1_dup3113,0,0
MLT2A1_dup3114,0,0
MLT2A1_dup3115,0.361386925,0
MLT2A1_dup3116,0.462367737,0
MLT2A1_dup3117,0.472848183,0
MLT2A1_dup3118,0,0
MLT2A1_dup3119,0,0
MLT2A1_dup3120,0,0
MLT2A1_dup3121,0,0
MLT2A1_dup3122,0,0
MLT2A1_dup3123,0,0
MLT2A1_dup3124,0,0
MLT2A1_dup3125,0.56802901,0
MLT2A1_dup3126,0.152218348,0
MLT2A1_dup3127,0,0
MLT2A1_dup3128,0.3346788,0
MLT2A1_dup3129,0,0
MLT2A1_dup3130,0,0
MLT2A1_dup3131,0.194356891,0
MLT2A1_dup3132,0,0
MLT2A1_dup3133,1.966317119,0.120971836
MLT2A1_dup3134,1.991243665,0.343722199
MLT2A1_dup3135,0,0
MLT2A1_dup3136,0,0
MLT2A1_dup3137,0,0
MLT2A1_dup3138,0,0
MLT2A1_dup3139,0,0
MLT2A1_dup3140,1.845193249,0.17696023
MLT2A1_dup3141,0.199009179,0.04279236
MLT2A1_dup3142,0,0
MLT2A1_dup3143,0.074991212,0.333212833
MLT2A1_dup3144,0,0
MLT2A1_dup3145,0,0.045032728
MLT2A1_dup3146,0,0
MLT2A1_dup3147,0,0
MLT2A1_dup3148,0,0
MLT2A1_dup3149,0,0
MLT2A1_dup3150,0,0
MLT2A1_dup3151,0,0
MLT2A1_dup3152,0,0
MLT2A1_dup3153,0,0
MLT2A1_dup3154,0,0
MLT2A1_dup3155,0,0
MLT2A1_dup3156,0,0
MLT2A1_dup3157,0,0
MLT2A1_dup3158,0,0
MLT2A1_dup3159,0,0
MLT2A1_dup3160,0.071234467,0.041613288
MLT2A1_dup3161,0,0
MLT2A1_dup3162,0,0
MLT2A1_dup3163,0.180087301,0
MLT2A1_dup3164,0,0
MLT2A1_dup3165,0,0
MLT2A1_dup3166,0,0
MLT2A1_dup3167,0,0
MLT2A1_dup3168,0.352345015,0
MLT2A1_dup3169,0.320673419,0
MLT2A1_dup3170,0,0.623467592
MLT2A1_dup3171,0,0
MLT2A1_dup3172,1.033749934,0
MLT2A1_dup3173,0,0
MLT2A1_dup3174,0.085632348,0.120643403
MLT2A1_dup3175,0,0
MLT2A1_dup3176,0,0.226567204
MLT2A1_dup3177,0.369636705,0.041522681
MLT2A1_dup3178,0,0.080256851
MLT2A1_dup3179,0,0
MLT2A1_dup3180,0,0
MLT2A1_dup3181,0,0
MLT2A1_dup3182,0.413731228,0.180289212
MLT2A1_dup3183,0.143834686,0
MLT2A1_dup3184,0,0
MLT2A1_dup3185,0.325136405,0.194923544
MLT2A1_dup3186,0,0
MLT2A1_dup3187,0,0
MLT2A1_dup3188,0,0
MLT2A1_dup3189,0.196744838,0
MLT2A1_dup3190,0,0
MLT2A1_dup3191,0.493531148,0
MLT2A1_dup3192,0.435789499,0
MLT2A1_dup3193,0,0
MLT2A1_dup3194,0,0
MLT2A1_dup3195,0,0
MLT2A1_dup3196,0,0
MLT2A1_dup3197,0,0
MLT2A1_dup3198,0.085235643,0
MLT2A1_dup3199,0.085433533,0.193666227
MLT2A1_dup3200,0.473753927,0
MLT2A1_dup3201,0,0
MLT2A1_dup3202,0,0
MLT2A1_dup3203,0,0
MLT2A1_dup3204,0,0.12056811
MLT2A1_dup3205,0,0
MLT2A1_dup3206,0,0
MLT2A1_dup3207,0,0
MLT2A1_dup3208,0,0
MLT2A1_dup3209,0,0
MLT2A1_dup3210,0,0
MLT2A1_dup3211,0,0
MLT2A1_dup3212,0,0
MLT2A1_dup3213,0,0.123179128
MLT2A1_dup3214,0,0.433307799
MLT2A1_dup3215,0,0.602458142
MLT2A1_dup3216,0,0
MLT2A1_dup3217,0.337870665,0.048937334
MLT2A1_dup3218,0,0.253556999
MLT2A1_dup3219,0,0
MLT2A1_dup3220,0.415699402,0.209136993
MLT2A1_dup3221,0.857907404,0.390464269
MLT2A1_dup3222,0.474160867,0.108505333
MLT2A1_dup3223,0,0.215703591
MLT2A1_dup3224,0,0
MLT2A1_dup3225,0,0
MLT2A1_dup3226,0,0.217214126
MLT2A1_dup3227,0,0
MLT2A1_dup3228,0.12688953,0
MLT2A1_dup3229,0,0
MLT2A1_dup3230,0,0
MLT2A1_dup3231,0,0
MLT2A1_dup3232,0,0
MLT2A1_dup3233,0,0
MLT2A1_dup3234,0,0
MLT2A1_dup3235,0,0.065041534
MLT2A1_dup3236,0,0
MLT2A1_dup3237,0,0.461221851
MLT2A1_dup3238,0,0.043201732
MLT2A1_dup3239,0,0.163592034
MLT2A1_dup3240,0.11516814,0.096197722
MLT2A1_dup3241,0,0
MLT2A1_dup3242,0.758470136,0
MLT2A1_dup3243,1.71822472,0
MLT2A1_dup3244,0.400266777,0.260199162
MLT2A1_dup3245,0.420694088,0.042691227
MLT2A1_dup3246,0,0.192738344
MLT2A1_dup3247,0,0.112346947
MLT2A1_dup3248,0.133467684,0
MLT2A1_dup3249,0,0
MLT2A1_dup3250,0,0
MLT2A1_dup3251,0,0
MLT2A1_dup3252,0.869253388,0.074330032
MLT2A1_dup3253,0,0
MLT2A1_dup3254,0,0
MLT2A1_dup3255,0,0.496201682
MLT2A1_dup3256,0.150960744,0.080466743
MLT2A1_dup3257,0.43187709,0.313915863
MLT2A1_dup3258,0.241101168,0.144483514
MLT2A1_dup3259,1.110024228,0
MLT2A1_dup3260,0.407139649,0.259643639
MLT2A1_dup3261,0.193979162,0.079403485
MLT2A1_dup3262,0,0.097969933
MLT2A1_dup3263,0.237020619,0.201410719
MLT2A1_dup3264,0.29251053,0.32927012
MLT2A1_dup3265,0,0
MLT2A1_dup3266,0,0
MLT2A1_dup3267,0,0.140026842
MLT2A1_dup3268,1.052142528,0.939167553
MLT2A1_dup3269,0.131894342,0.755807683
MLT2A1_dup3270,0.292125151,0.07479243
MLT2A1_dup3271,0,0
MLT2A1_dup3272,0,0
MLT2A1_dup3273,0,0
MLT2A1_dup3274,0,0
MLT2A1_dup3275,0,0.145222644
MLT2A1_dup3276,0.324222419,0.282824891
MLT2A1_dup3277,0.143834686,0.597588427
MLT2A1_dup3278,0,0
MLT2A1_dup3279,0,0.252578895
MLT2A1_dup3280,0,0.84203587
MLT2A1_dup3281,0,0.171445648
MLT2A1_dup3282,0.090791362,0
MLT2A1_dup3283,0.582147965,0.182875453
MLT2A1_dup3284,0.296103179,0.591146471
MLT2A1_dup3285,0,0
MLT2A1_dup3286,0,0
MLT2A1_dup3287,0,0.141308396
MLT2A1_dup3288,0.929435419,0.537652098
MLT2A1_dup3289,0.370367212,0.074947847
MLT2A1_dup3290,0.071234467,0
MLT2A1_dup3291,0.072927619,0
MLT2A1_dup3292,0.199266002,0.041522681
MLT2A1_dup3293,0.430531137,0.395842318
MLT2A1_dup3294,0.202229074,0
MLT2A1_dup3295,0.628785193,0
MLT2A1_dup3296,0,0
MLT2A1_dup3297,0,0.636507571
MLT2A1_dup3298,0.705212154,0
MLT2A1_dup3299,1.532007673,0
MLT2A1_dup3300,1.033267806,0
MLT2A1_dup3301,0,0
MLT2A1_dup3302,0,0
MLT2A1_dup3303,0,0
MLT2A1_dup3304,0,0
MLT2A1_dup3305,0,0
MLT2A1_dup3306,0.068767373,0
MLT2A1_dup3307,0.18813217,0.300614259
MLT2A1_dup3308,1.653874788,0.250720214
MLT2A1_dup3309,0,0.072682518
MLT2A1_dup3310,0,0
MLT2A1_dup3311,0.151273173,0
MLT2A1_dup3312,0,0
MLT2A1_dup3313,0,0
MLT2A1_dup3315,0,0
MLT2A1_dup3316,0,0.126222692
MLT2A1_dup3317,0,0
MLT2A1_dup3318,1.424304644,0.481529681
MLT2A1_dup3319,0.517724471,0.158349604
MLT2A1_dup3320,0,0.56313344
MLT2A1_dup3321,0,0
MLT2A1_dup3322,0.144688091,0
MLT2A1_dup3323,0,0.038587745
MLT2A1_dup3324,0,0
MLT2A1_dup3325,0,0
MLT2A1_dup3326,1.084130602,0
MLT2A1_dup3327,0,0
MLT2A1_dup3328,0,0
MLT2A1_dup3329,0,0.037006961
MLT2A1_dup3330,0,0.547738555
MLT2A1_dup3331,0.082373923,0.442933089
MLT2A1_dup3332,0,0
MLT2A1_dup3333,0,0
MLT2A1_dup3334,0.293858488,0.573680298
MLT2A1_dup3335,0,0
MLT2A1_dup3336,0.459029346,0.171445648
MLT2A1_dup3337,0.229686344,0.368261934
MLT2A1_dup3338,0,0.050818957
MLT2A1_dup3339,0,0
MLT2A1_dup3340,0.133155661,0.266143701
MLT2A1_dup3341,0,0
MLT2A1_dup3342,0,0.414634507
MLT2A1_dup3343,0,0
MLT2A1_dup3344,0,0
MLT2A1_dup3345,0,0.039602791
MLT2A1_dup3346,0.517924207,0.421136611
MLT2A1_dup3347,0.599698249,0.643875763
MLT2A1_dup3348,0.123679046,0.263321872
MLT2A1_dup3349,0,0.70400088
MLT2A1_dup3350,0,0.14556182
MLT2A1_dup3351,0,0.766442696
MLT2A1_dup3352,0,0.264758073
MLT2A1_dup3353,0.57848183,0.079578734
MLT2A1_dup3354,0.083875749,0.482089707
MLT2A1_dup3355,0,0
MLT2A1_dup3356,0,0.082303757
MLT2A1_dup3357,0,0
MLT2A1_dup3358,0,0
MLT2A1_dup3314,0,0
MLT2A1_dup3359,0,0
MLT2A1_dup3360,0.143150587,0
MLT2A1_dup3361,1.162755088,0
MLT2A1_dup3362,0.259536732,0.189291515
MLT2A1_dup3363,0.083875749,0.188892834
MLT2A1_dup3364,0,0
MLT2A1_dup3365,1.300703965,0.069427595
MLT2A1_dup3366,0,0
MLT2A1_dup3367,0,0
MLT2A1_dup3368,0,0
MLT2A1_dup3369,0.582074607,0
MLT2A1_dup3370,0.877176049,0
MLT2A1_dup3371,0,0
MLT2A1_dup3372,0.141061932,0.202810114
MLT2A1_dup3373,0,0
MLT2A1_dup3374,0,0
MLT2A1_dup3375,0,0.213607625
MLT2A1_dup3376,0,0
MLT2A1_dup3377,0,0.504976317
MLT2A1_dup3378,0,0.193666227
MLT2A1_dup3379,0,0
MLT2A1_dup3380,0,0
MLT2A1_dup3381,0,0.112816961
MLT2A1_dup3382,0,0
MLT2A1_dup3383,0,0
MLT2A1_dup3384,0,0
MLT2A1_dup3385,0,0.04432143
MLT2A1_dup3386,0,0
MLT2A1_dup3387,0,0
MLT2A1_dup3388,0.262766995,0
MLT2A1_dup3389,0,0.369739114
MLT2A1_dup3390,0,0
MLT2A1_dup3391,0,0.302408118
MLT2A1_dup3392,0.541059116,0.93958631
MLT2A1_dup3393,0,1.085231364
MLT2A1_dup3394,0,0.704636253
MLT2A1_dup3395,0,0
MLT2A1_dup3396,0.295035045,0
MLT2A1_dup3397,0,0
MLT2A1_dup3398,0,0
MLT2A1_dup3399,0,0
MLT2A1_dup3400,0,0
MLT2A1_dup3401,2.078525827,0.688353061
MLT2A1_dup3402,2.132175643,1.101398161
MLT2A1_dup3403,0.382520004,0.186758648
MLT2A1_dup3404,0,0
MLT2A1_dup3405,1.682173023,0.304110431
MLT2A1_dup3406,0,0
MLT2A1_dup3407,0,0.397337431
MLT2A1_dup3408,0,0
MLT2A1_dup3409,0,0
MLT2A1_dup3410,0.970079329,0
MLT2A1_dup3411,1.726589443,0
MLT2A1_dup3412,0,0
MLT2A1_dup3413,0,0
MLT2A1_dup3414,0,0
MLT2A1_dup3415,0,0
MLT2A1_dup3416,0,0
MLT2A1_dup3417,0.465735551,0
MLT2A1_dup3418,0.614634134,0
MLT2A1_dup3419,0,0.151226712
MLT2A1_dup3420,0.551351209,0.316448188
MLT2A1_dup3421,0,0.037817528
MLT2A1_dup3422,0.141334345,0.351274996
MLT2A1_dup3423,0,0.908840265
MLT2A1_dup3424,0,0.093010793
MLT2A1_dup3425,0,0.252227453
MLT2A1_dup3426,0,0.202672972
MLT2A1_dup3427,0,0.091112734
MLT2A1_dup3428,0,0.682059102
MLT2A1_dup3429,0,1.275088657
MLT2A1_dup3430,0.337404598,0.176186779
MLT2A1_dup3431,0.835175369,0
MLT2A1_dup3432,0.368891467,0
MLT2A1_dup3433,0,0
MLT2A1_dup3434,0,0.084821515
MLT2A1_dup3435,0,0
MLT2A1_dup3436,0,0
MLT2A1_dup3437,0,0.526717693
MLT2A1_dup3438,0.391031129,0.389941982
MLT2A1_dup3439,1.95044165,0
MLT2A1_dup3440,1.174873813,0
MLT2A1_dup3441,0.134807996,0.040309707
MLT2A1_dup3442,0,0.199232296
MLT2A1_dup3443,0,0.108287564
MLT2A1_dup3444,0,0.614917288
MLT2A1_dup3445,0,0.946431898
MLT2A1_dup3446,0,0
MLT2A1_dup3447,0,0
MLT2A1_dup3448,1.619714792,0.044920733
MLT2A1_dup3449,2.58211239,0.309776249
MLT2A1_dup3450,1.097305125,0.07479243
MLT2A1_dup3451,0,0
MLT2A1_dup3452,0,0
MLT2A1_dup3453,0.462180419,0.68469442
MLT2A1_dup3454,0.364575093,0.365780974
MLT2A1_dup3455,0.955483946,0.295039914
MLT2A1_dup3456,1.784166079,0.358053761
MLT2A1_dup3457,1.238120497,0.567377946
MLT2A1_dup3458,0,0.792631991
MLT2A1_dup3459,0,0.725929582
MLT2A1_dup3460,0,0
MLT2A1_dup3461,0,0
MLT2A1_dup3462,0.074687027,0
MLT2A1_dup3463,0,0
MLT2A1_dup3464,0.64346712,0
MLT2A1_dup3465,0.253033198,0
MLT2A1_dup3466,0,0
MLT2A1_dup3467,0,0
MLT2A1_dup3468,0,0
MLT2A1_dup3469,0,0
MLT2A1_dup3470,0,0.046369318
MLT2A1_dup3471,0,0.227019486
MLT2A1_dup3472,0.085433533,0
MLT2A1_dup3473,0,0
MLT2A1_dup3474,0,0
MLT2A1_dup3475,0.527130053,0.420330013
MLT2A1_dup3476,0.291645948,0.078437609
MLT2A1_dup3477,0,0
MLT2A1_dup3478,0,0
MLT2A1_dup3479,0,0
MLT2A1_dup3480,0,0
MLT2A1_dup3481,0,0
MLT2A1_dup3482,0,0
MLT2A1_dup3483,0,0
MLT2A1_dup3484,0,0
MLT2A1_dup3485,0,0.167897949
MLT2A1_dup3486,0.233336268,0.541801997
MLT2A1_dup3488,1.136826646,0.070827414
MLT2A1_dup3489,0.148874126,0
MLT2A1_dup3490,0.275948314,0.18848956
MLT2A1_dup3491,0,0.987904029
MLT2A1_dup3492,0,0
MLT2A1_dup3493,0.078676693,0
MLT2A1_dup3494,0.127774209,0
MLT2A1_dup3495,1.654599277,1.233905121
MLT2A1_dup3496,1.087997926,0.543762334
MLT2A1_dup3497,1.28778723,0.497723508
MLT2A1_dup3498,0.413775022,0.041229678
MLT2A1_dup3499,0,0
MLT2A1_dup3500,0.672484738,0.141030376
MLT2A1_dup3501,0.256497015,0.220982709
MLT2A1_dup3502,0.667494689,0
MLT2A1_dup3503,0.270786758,0
MLT2A1_dup3504,0,0.629908669
MLT2A1_dup3505,1.195657199,0
MLT2A1_dup3506,0.500385553,0
MLT2A1_dup3507,0,0
MLT2A1_dup3508,0,0
MLT2A1_dup3509,0,0
MLT2A1_dup3510,0,0
MLT2A1_dup3511,0,0
MLT2A1_dup3512,0,0
MLT2A1_dup3487,0,0
MLT2A1_dup3513,1.118336672,0.97582503
MLT2A1_dup3514,0.992395689,0.479481086
MLT2A1_dup3515,0,0.234711946
MLT2A1_dup3516,0.274188429,0
MLT2A1_dup3517,0,0
MLT2A1_dup3518,0.683079194,0.24819499
MLT2A1_dup3519,0.206428903,0
MLT2A1_dup3520,0,0
MLT2A1_dup3521,0,0
MLT2A1_dup3522,0,0
MLT2A1_dup3523,0,0
MLT2A1_dup3524,0,0
MLT2A1_dup3525,1.845899465,0
MLT2A1_dup3526,0.760971721,0
MLT2A1_dup3527,0.274763977,0
MLT2A1_dup3528,0,0
MLT2A1_dup3529,0,0
MLT2A1_dup3530,0,0
MLT2A1_dup3531,0,0
MLT2A1_dup3532,1.487783249,1.501893699
MLT2A1_dup3533,0.575949953,0.821210342
MLT2A1_dup3534,0,0
MLT2A1_dup3535,0,0
MLT2A1_dup3536,0,0
MLT2A1_dup3537,0,0
MLT2A1_dup3538,0,0
MLT2A1_dup3539,0,0.497287647
MLT2A1_dup3540,0,0
MLT2A1_dup3541,0,0
MLT2A1_dup3542,0.32231432,0.519516951
MLT2A1_dup3543,1.183657054,0.702713916
MLT2A1_dup3544,0,0
MLT2A1_dup3545,0,0.108723985
MLT2A1_dup3546,1.158238149,0
MLT2A1_dup3547,0,0
MLT2A1_dup3548,0,0
MLT2A1_dup3549,0,0
MLT2A1_dup3550,0,0
MLT2A1_dup3551,0.184315675,0.074947847
MLT2A1_dup3552,0.180829905,0
MLT2A1_dup3553,1.625349523,0
MLT2A1_dup3554,1.232336843,0
MLT2A1_dup3555,0,0
MLT2A1_dup3556,0,0
MLT2A1_dup3557,0,0
MLT2A1_dup3558,0,0
MLT2A1_dup3559,0,0
MLT2A1_dup3560,0,0
MLT2A1_dup3561,0,0
MLT2A1_dup3562,0,0
MLT2A1_dup3563,0.30466981,0
MLT2A1_dup3564,0,0.116724435
MLT2A1_dup3565,0.251110253,0
MLT2A1_dup3566,0,0
MLT2A1_dup3567,0.082373923,0
MLT2A1_dup3568,0,0
MLT2A1_dup3569,0,0
MLT2A1_dup3570,0,0
MLT2A1_dup3571,0.126670285,0
MLT2A1_dup3572,0,0
MLT2A1_dup3573,0,0
MLT2A1_dup3574,0,0
MLT2A1_dup3575,0,0.075576043
MLT2A1_dup3576,0,0.394890564
MLT2A1_dup3577,0.299564927,0.5257012
MLT2A1_dup3578,0.143456886,0
MLT2A1_dup3579,0.19478608,0.609369503
MLT2A1_dup3580,0.404432882,0.247751995
MLT2A1_dup3581,0.267180317,0.647972916
MLT2A1_dup3582,0.494862732,0.982953285
MLT2A1_dup3583,0,0.998151854
MLT2A1_dup3584,0.595739221,0.795493433
MLT2A1_dup3585,0,0
MLT2A1_dup3586,0,0
MLT2A1_dup3587,0,0
MLT2A1_dup3588,0,0
MLT2A1_dup3589,0,0.333712831
MLT2A1_dup3590,0,0
MLT2A1_dup3591,0.093824559,0.511656158
MLT2A1_dup3592,0.258007659,0.370905983
MLT2A1_dup3593,0,0.797496639
MLT2A1_dup3594,0,0.170354654
MLT2A1_dup271,0,0.176567719
MLT2A1_dup272,0,0
MLT2A1_dup273,0,0.216079544
MLT2A1_dup274,0.329968179,0.328411627
MLT2A1_dup275,0.315173886,0
MLT2A1_dup276,0,0
MLT2A1_dup277,0.158493202,0.195685458
MLT2A1_dup278,0,0.038920259
MLT2A1_dup279,0,0
MLT2A1_dup280,0,0
MLT2A1_dup281,0,0
MLT2A1_dup282,0,0
MLT2A1_dup283,0,0
MLT2A1_dup284,0,0
MLT2A1_dup285,0,0
MLT2A1_dup286,0,0
MLT2A1_dup287,0.956375993,0.819458864
MLT2A1_dup288,0,0
MLT2A1_dup289,0,0
MLT2A1_dup290,0,0
MLT2A1_dup291,0.156121489,0
MLT2A1_dup292,0,0
MLT2A1_dup293,0,0
MLT2A1_dup294,0,0
MLT2A1_dup295,0,0
MLT2A1_dup296,0,0
MLT2A1_dup297,0,0
MLT2A1_dup298,0,0
MLT2A1_dup299,0,0
MLT2A1_dup300,0,0
MLT2A1_dup301,0,0
MLT2A1_dup302,0,0
MLT2A1_dup303,0,0
MLT2A1_dup304,0,0
MLT2A1_dup305,0,0
MLT2A1_dup306,0.073724196,0
MLT2A1_dup307,1.348573033,0.039689796
MLT2A1_dup308,0.908417588,0.075418006
MLT2A1_dup309,0,0
MLT2A1_dup310,0,0
MLT2A1_dup311,0,0
MLT2A1_dup312,0.73600486,0.335669513
MLT2A1_dup313,0,0
MLT2A1_dup314,0,0
MLT2A1_dup315,0,0
MLT2A1_dup316,0,0
MLT2A1_dup317,0,0
MLT2A1_dup318,0,0
MLT2A1_dup319,0,0
MLT2A1_dup320,0.249513655,0.075576043
MLT2A1_dup321,0,0
MLT2A1_dup322,0,0.0580651
MLT2A1_dup323,0.153175531,0
MLT2A1_dup324,0,0.320452807
MLT2A1_dup325,0.473753927,0.4677798
MLT2A1_dup326,0.083875749,0.263549823
MLT2A1_dup327,0,0
MLT2A1_dup328,0,0
MLT2A1_dup329,0,0.473730747
MLT2A1_dup330,0,0.242008493
MLT2A1_dup331,0,0.444282673
MLT2A1_dup332,0,0.227811596
MLT2A1_dup333,0,0
MLT2A1_dup334,0,0
MLT2A1_dup335,1.476146691,0.177945119
MLT2A1_dup336,0,0.376470287
MLT2A1_dup337,0.088516527,0
MLT2A1_dup338,0,0
MLT2A1_dup339,0.069190223,0
MLT2A1_dup340,0,0
MLT2A1_dup341,0.138135936,0
MLT2A1_dup342,0,0
MLT2A1_dup343,0.150960744,0
MLT2A1_dup344,0,0
MLT2A1_dup345,0,0
MLT2A1_dup346,1.713299095,0
MLT2A1_dup347,0.397578109,0.213201844
MLT2A1_dup348,0,0
MLT2A1_dup349,0.244933116,0.372048517
MLT2A1_dup350,0.304112695,0.267573575
MLT2A1_dup351,0,0
MLT2A1_dup352,0,0
MLT2A1_dup353,1.512318924,0
MLT2A1_dup354,0,0.294111979
MLT2A1_dup355,0.714061761,0
MLT2A1_dup356,0.724190512,0
MLT2A1_dup357,0.198177499,0
MLT2A1_dup358,0,0
MLT2A1_dup359,0,0
MLT2A1_dup360,0,0
MLT2A1_dup361,0,0
MLT2A1_dup362,0,0
MLT2A1_dup363,0,0
MLT2A1_dup364,0,0
MLT2A1_dup365,0.189558635,0
MLT2A1_dup366,0,0
MLT2A1_dup367,0,0
MLT2A1_dup368,0,0.15869146
MLT2A1_dup369,0,1.453362218
MLT2A1_dup370,0.380420956,0.65144785
MLT2A1_dup371,0.571028937,0.753576715
MLT2A1_dup372,1.492038771,1.611477291
MLT2A1_dup373,0,0.076699224
MLT2A1_dup374,0,0.381355698
MLT2A1_dup375,0.649951373,0.830957875
MLT2A1_dup376,1.000253646,1.017957677
MLT2A1_dup377,0,0
MLT2A1_dup378,0,0
MLT2A1_dup379,0,0
MLT2A1_dup380,0,0
MLT2A1_dup381,0,0
MLT2A1_dup382,0,0
MLT2A1_dup383,0,0
MLT2A1_dup384,0,0
MLT2A1_dup385,0,0
MLT2A1_dup386,0,0
MLT2A1_dup387,0,0
MLT2A1_dup388,0,0
MLT2A1_dup389,0,0
MLT2A1_dup390,0,0
MLT2A1_dup391,0,0
MLT2A1_dup392,0,0
MLT2A1_dup393,0,0.0380995
MLT2A1_dup394,0.242349205,0.500997087
MLT2A1_dup395,0,0
MLT2A1_dup396,0,0
MLT2A1_dup397,0.072457901,0
MLT2A1_dup398,0,0
MLT2A1_dup399,0,0
MLT2A1_dup400,0,0
MLT2A1_dup401,0,0
MLT2A1_dup402,0,0
MLT2A1_dup403,0,0
MLT2A1_dup404,0,0
MLT2A1_dup405,0,0.037859985
MLT2A1_dup406,0.324080236,0.089453728
MLT2A1_dup407,0.836471047,0.386575541
MLT2A1_dup408,0,0
MLT2A1_dup409,0.41561473,0
MLT2A1_dup410,0,0.386575541
MLT2A1_dup411,0,0.047025956
MLT2A1_dup412,1.114520531,0.801168602
MLT2A1_dup413,0.481322243,0.583787845
MLT2A1_dup414,0.553381532,0
MLT2A1_dup415,0.091602507,0.262581729
MLT2A1_dup416,0,0
MLT2A1_dup417,0,0
MLT2A1_dup418,0.533915792,0.712150933
MLT2A1_dup419,1.548242591,1.388778494
MLT2A1_dup420,0,0
MLT2A1_dup421,0,0
MLT2A1_dup422,0,0
MLT2A1_dup423,0,0
MLT2A1_dup424,0,0
MLT2A1_dup425,0.155079472,0
MLT2A1_dup426,0,0
MLT2A1_dup427,0,0
MLT2A1_dup428,0,0
MLT2A1_dup429,0,0
MLT2A1_dup430,0,0
MLT2A1_dup431,0,0
MLT2A1_dup432,0,0
MLT2A1_dup433,0,0
MLT2A1_dup434,0,0
MLT2A1_dup435,0,0
MLT2A1_dup436,0,0
MLT2A1_dup437,0,0
MLT2A1_dup438,0,0
MLT2A1_dup439,0.076709653,0.412870523
MLT2A1_dup440,0,0
MLT2A1_dup441,0,0
MLT2A1_dup442,0,0
MLT2A1_dup443,0,0
MLT2A1_dup444,0,0
MLT2A1_dup445,0.589303197,0.105741233
MLT2A1_dup446,0.430853058,0
MLT2A1_dup447,0,0
MLT2A1_dup448,0,0
MLT2A1_dup449,0.611833952,0.868755435
MLT2A1_dup450,0.631839029,0.690800902
MLT2A1_dup451,0,0
MLT2A1_dup452,0,0.586622871
MLT2A1_dup453,0.420056854,0
MLT2A1_dup454,0.704818806,0.169170688
MLT2A1_dup455,0.713486063,0
MLT2A1_dup456,0.639414094,0
MLT2A1_dup457,0,0
MLT2A1_dup458,0,0.218942413
MLT2A1_dup459,0,0.327493006
MLT2A1_dup460,0,0
MLT2A1_dup461,0,0
MLT2A1_dup462,0,0.068151699
MLT2A1_dup463,0.075144238,0
MLT2A1_dup464,0,0
MLT2A1_dup465,0,0.118260876
MLT2A1_dup466,0,0
MLT2A1_dup467,1.48349892,0
MLT2A1_dup468,1.043684447,0
MLT2A1_dup469,0,0
MLT2A1_dup470,0,0
MLT2A1_dup471,0,0
MLT2A1_dup472,0,0
MLT2A1_dup473,0.666648222,0.627930142
MLT2A1_dup474,0.195116854,0
MLT2A1_dup475,0,0
MLT2A1_dup476,0,0
MLT2A1_dup477,0.319493554,0.042258791
MLT2A1_dup478,0,0
MLT2A1_dup479,0,0.086865958
MLT2A1_dup480,0,0
MLT2A1_dup481,0,0.3910432
MLT2A1_dup482,0.116162695,0.393573178
MLT2A1_dup483,0,0
MLT2A1_dup484,0,0
MLT2A1_dup485,0,0
MLT2A1_dup486,0,0
MLT2A1_dup487,0,0
MLT2A1_dup488,0.482685242,0
MLT2A1_dup489,0,0
MLT2A1_dup490,0,0
MLT2A1_dup491,0,0
MLT2A1_dup492,0,0
MLT2A1_dup493,2.207928471,0.224290904
MLT2A1_dup494,1.752007814,0.693313978
MLT2A1_dup495,0.315342536,0
MLT2A1_dup496,0,0
MLT2A1_dup497,0.163829229,0.335607654
MLT2A1_dup498,0,0
MLT2A1_dup499,0,0
MLT2A1_dup500,0.161651785,0.091007428
MLT2A1_dup501,0.703101559,0
MLT2A1_dup502,0,0
MLT2A1_dup503,0,0
MLT2A1_dup504,0,0
MLT2A1_dup505,0,0
MLT2A1_dup506,0,0.074330032
MLT2A1_dup507,0.216761087,0
MLT2A1_dup508,0.544081396,0
MLT2A1_dup509,0.473753927,0
MLT2A1_dup510,0.067664688,0
MLT2A1_dup511,0.467293519,0.072536366
MLT2A1_dup512,0.329068649,0.870068061
MLT2A1_dup513,0.870399099,0.808189037
MLT2A1_dup514,0,0.116851975
MLT2A1_dup515,0,0
MLT2A1_dup516,0,0.041802113
MLT2A1_dup517,1.32964032,0
MLT2A1_dup518,1.028447328,0
MLT2A1_dup519,0.999774338,0
MLT2A1_dup520,0.580511725,0.626803601
MLT2A1_dup521,0,0
MLT2A1_dup522,0,0
MLT2A1_dup523,0.148874126,0
MLT2A1_dup524,0,0
MLT2A1_dup525,0,0
MLT2A1_dup526,0.144990902,0.041899069
MLT2A1_dup527,1.650863857,0.356217446
MLT2A1_dup528,0,0
MLT2A1_dup529,0,0
MLT2A1_dup530,0.293572615,0.315343292
MLT2A1_dup531,0.446955353,0.109163958
MLT2A1_dup532,0,0
MLT2A1_dup533,0,0
MLT2A1_dup534,0.22768592,0.165110624
MLT2A1_dup535,1.390868013,1.338103626
MLT2A1_dup536,0,0
MLT2A1_dup537,1.090396106,0
MLT2A1_dup538,0,0
MLT2A1_dup539,0.167088961,0.207644571
MLT2A1_dup540,0,0
MLT2A1_dup541,0.15033978,0.084161648
MLT2A1_dup542,0,0
MLT2A1_dup543,0,0
MLT2A1_dup544,0,0
MLT2A1_dup545,0,0
MLT2A1_dup546,0,0
MLT2A1_dup547,0.085433533,0.126185993
MLT2A1_dup548,0,0
MLT2A1_dup549,0.273308384,0
MLT2A1_dup550,0,0
MLT2A1_dup551,0.222083552,0
MLT2A1_dup552,0,0
MLT2A1_dup553,0,0
MLT2A1_dup554,0,0.283914605
MLT2A1_dup555,0,0
MLT2A1_dup556,0.767701317,0
MLT2A1_dup557,0.156791768,0
MLT2A1_dup558,0,0
MLT2A1_dup559,0,0
MLT2A1_dup560,0,0
MLT2A1_dup561,0,0
MLT2A1_dup562,0,0
MLT2A1_dup563,0,0
MLT2A1_dup564,0.844580949,0.496201682
MLT2A1_dup565,0.634345376,0
MLT2A1_dup566,0,0
MLT2A1_dup567,0,0
MLT2A1_dup568,0.271233696,0.26706369
MLT2A1_dup569,0,0
MLT2A1_dup570,0.070786287,0.268750165
MLT2A1_dup571,0,0
MLT2A1_dup572,0.273308384,0
MLT2A1_dup573,0,0
MLT2A1_dup574,0.575449505,0.506210073
MLT2A1_dup575,0,0
MLT2A1_dup576,0,0
MLT2A1_dup577,0.313814772,0
MLT2A1_dup578,0.626122142,0.192975365
MLT2A1_dup579,0,0
MLT2A1_dup580,0.950920047,0.840138394
MLT2A1_dup581,0.253529663,0.398043733
MLT2A1_dup3595,0.53472597,0.823501352
MLT2A1_dup3596,0.284478702,0.040987223
MLT2A1_dup3597,0,0
MLT2A1_dup3598,0,0.361889793
MLT2A1_dup3599,0,0
MLT2A1_dup3600,0,0.039056624
MLT2A1_dup3601,0,0
MLT2A1_dup3602,0,0
MLT2A1_dup3603,0,0
MLT2A1_dup3604,0,0
MLT2A1_dup3605,0,0.523789676
MLT2A1_dup3606,0.804608935,0
MLT2A1_dup3607,1.424304644,0
MLT2A1_dup3608,0.331544891,0
MLT2A1_dup3609,0,0
MLT2A1_dup3610,0,0
MLT2A1_dup3611,0.079871561,0
MLT2A1_dup3612,0,0
MLT2A1_dup3613,0,0.219029944
MLT2A1_dup3614,0.544933485,0
MLT2A1_dup3615,0,0.50019038
MLT2A1_dup3616,0,0
MLT2A1_dup3617,1.037254111,0.113529445
MLT2A1_dup3618,0,0
MLT2A1_dup3619,0,0
MLT2A1_dup3620,0,0
MLT2A1_dup3621,0,0
MLT2A1_dup3622,0,0
MLT2A1_dup3623,0,0
MLT2A1_dup3624,0,0
MLT2A1_dup3625,0,0.552633062
MLT2A1_dup3626,0.855027412,0.663967434
MLT2A1_dup3627,1.038361752,0.632738406
MLT2A1_dup3628,0,0
MLT2A1_dup3629,0,0
MLT2A1_dup3630,0.141334345,0
MLT2A1_dup3631,0,0
MLT2A1_dup3632,0,0
MLT2A1_dup3633,0,0
MLT2A1_dup3634,0,0
MLT2A1_dup3635,0,0
MLT2A1_dup3636,0,0
MLT2A1_dup3637,0.838765412,0
MLT2A1_dup3638,1.401061041,0
MLT2A1_dup3639,0.470390362,0
MLT2A1_dup3640,0.129104877,0.402506045
MLT2A1_dup3641,0,0.166944487
MLT2A1_dup3642,0,0.964016535
MLT2A1_dup3643,2.48379782,0.869479513
MLT2A1_dup3644,1.452867301,0.199635184
MLT2A1_dup3645,0.965909985,0
MLT2A1_dup3646,0,0
MLT2A1_dup3647,0,0
MLT2A1_dup3648,0.337923389,0
MLT2A1_dup3649,0.392027765,0
MLT2A1_dup3650,1.193433962,0
MLT2A1_dup3651,0,0
MLT2A1_dup3652,0,0
MLT2A1_dup3653,1.578382164,0
MLT2A1_dup3654,0.32337017,0
MLT2A1_dup3655,0,0
MLT2A1_dup3656,0.635197313,0
MLT2A1_dup3657,1.034272746,0
MLT2A1_dup3658,1.408533973,0
MLT2A1_dup3659,0.134537767,0
MLT2A1_dup3660,0.078676693,0
MLT2A1_dup3661,1.306521196,0.072976599
MLT2A1_dup3662,0.601256692,0
MLT2A1_dup3663,0.070538823,0
MLT2A1_dup3664,0,0.474079406
MLT2A1_dup3665,0.157467891,0.601033482
MLT2A1_dup3666,0,0
MLT2A1_dup3667,0.752067793,0
MLT2A1_dup3668,0.572062952,0
MLT2A1_dup3669,0.078346131,0.087450316
MLT2A1_dup3670,0.819524179,0.4677798
MLT2A1_dup3671,0,0.675063788
MLT2A1_dup3672,0,0
MLT2A1_dup3673,0,0
MLT2A1_dup3674,0,0.074947847
MLT2A1_dup3675,0,0
MLT2A1_dup3676,0,0
MLT2A1_dup3677,0,0.48012587
MLT2A1_dup3678,0,0.570514892
MLT2A1_dup3679,0,0
MLT2A1_dup3680,0,0.448689198
MLT2A1_dup3681,0,0
MLT2A1_dup3682,0.202983913,0
MLT2A1_dup3683,0.349001358,0
MLT2A1_dup3684,0.182504449,0
MLT2A1_dup3685,0,0
MLT2A1_dup3686,0.082189979,0
MLT2A1_dup3687,0,0
MLT2A1_dup3688,0,0
MLT2A1_dup3689,0,0.087165065
MLT2A1_dup3690,0,0
MLT2A1_dup3691,0,0
MLT2A1_dup3692,0,0
MLT2A1_dup3693,0,0
MLT2A1_dup3694,0,0.542230324
MLT2A1_dup3695,0,0.163218419
MLT2A1_dup3696,0,0
MLT2A1_dup3697,0,0
MLT2A1_dup3698,0,0
MLT2A1_dup3699,0,0
MLT2A1_dup3700,0.493599028,0.743222007
MLT2A1_dup3701,0,0
MLT2A1_dup3702,0,0.197747971
MLT2A1_dup3703,0,0
MLT2A1_dup3704,0,0
MLT2A1_dup3705,0,0.211316901
MLT2A1_dup3706,0,0.375296003
MLT2A1_dup3707,0,0
MLT2A1_dup3708,0,0
MLT2A1_dup3709,0,0.450890522
MLT2A1_dup3710,0.818613686,0
MLT2A1_dup3711,2.531451979,0.887459236
MLT2A1_dup3712,0.403010227,0.230222226
MLT2A1_dup3713,0.141938474,0
MLT2A1_dup3714,0.726508584,0.248188824
MLT2A1_dup3715,0,0
MLT2A1_dup3716,0.302580339,0
MLT2A1_dup3717,0,0
MLT2A1_dup3718,0,0
MLT2A1_dup3719,1.646683413,1.358170811
MLT2A1_dup3720,1.268697372,0.921118751
MLT2A1_dup3721,1.189066065,0.652776736
MLT2A1_dup3722,0,0
MLT2A1_dup3723,0,0
MLT2A1_dup3724,0,0
MLT2A1_dup3725,0,0
MLT2A1_dup3726,0,0
MLT2A1_dup3727,0,0
MLT2A1_dup583,0,0
MLT2A1_dup584,0.344987929,0
MLT2A1_dup585,0.329014416,0
MLT2A1_dup586,0,0.172365481
MLT2A1_dup587,0,0
MLT2A1_dup588,0,0
MLT2A1_dup589,0,0
MLT2A1_dup590,0,0
MLT2A1_dup591,0,0
MLT2A1_dup592,0,0
MLT2A1_dup593,0,0
MLT2A1_dup594,0,1.010746952
MLT2A1_dup595,0.554172818,0.383265803
MLT2A1_dup596,0,0
MLT2A1_dup597,0,0.688646387
MLT2A1_dup598,0.344540038,0.657726196
MLT2A1_dup599,0.589179019,0.37122555
MLT2A1_dup600,0,0
MLT2A1_dup601,0,0
MLT2A1_dup602,0,0.040811795
MLT2A1_dup603,0,0.381871251
MLT2A1_dup604,0.900879018,0
MLT2A1_dup605,0,0
MLT2A1_dup606,0,0
MLT2A1_dup607,0,0
MLT2A1_dup608,0,0
MLT2A1_dup609,0,0
MLT2A1_dup610,0,0.227310579
MLT2A1_dup611,0,0
MLT2A1_dup612,0.070490628,0.074947847
MLT2A1_dup613,0.503049459,0.23241982
MLT2A1_dup614,0.866789731,0.64327096
MLT2A1_dup615,0,0
MLT2A1_dup616,0,0.080426442
MLT2A1_dup617,0.50586646,0.117578244
MLT2A1_dup618,0.843448978,0
MLT2A1_dup619,0.512992103,0
MLT2A1_dup620,0.314515576,0
MLT2A1_dup621,1.195561963,0
MLT2A1_dup622,0.405769621,0.058099739
MLT2A1_dup623,1.145567826,0
MLT2A1_dup624,0.345157386,0.163329422
MLT2A1_dup625,0,0
MLT2A1_dup626,0,0
MLT2A1_dup627,0,0
MLT2A1_dup628,0,0
MLT2A1_dup629,0,0
MLT2A1_dup630,0.293572615,0
MLT2A1_dup631,0,0
MLT2A1_dup632,0,0
MLT2A1_dup633,0,0
MLT2A1_dup634,0,0
MLT2A1_dup635,0,0
MLT2A1_dup636,0.298506951,0.389541794
MLT2A1_dup637,0.093703033,0.485327618
MLT2A1_dup638,0.242983656,0.312216018
MLT2A1_dup639,0,0
MLT2A1_dup640,0.446622458,0
MLT2A1_dup641,0,0
MLT2A1_dup642,0,0.077525621
MLT2A1_dup643,1.455869472,0
MLT2A1_dup644,0.611332972,0
MLT2A1_dup645,0.337492363,0
MLT2A1_dup646,0.279921796,0.391351799
MLT2A1_dup647,0.2006969,0
MLT2A1_dup648,0.200366742,0.113186941
MLT2A1_dup649,0,0.448867185
MLT2A1_dup650,0.308656634,0.047172381
MLT2A1_dup651,0,0.76454231
MLT2A1_dup652,0,0.060094872
MLT2A1_dup653,0.159532104,0.047172381
MLT2A1_dup654,0.720174435,0.321930893
MLT2A1_dup655,0,0.170924162
MLT2A1_dup656,0.597287279,0.498807299
MLT2A1_dup657,1.045845392,0.322000369
MLT2A1_dup658,0,0.528649052
MLT2A1_dup659,0,0
MLT2A1_dup660,0,0
MLT2A1_dup661,0,0
MLT2A1_dup662,0,0.568540738
MLT2A1_dup663,0.15568059,0
MLT2A1_dup664,0.077092952,0.210279622
MLT2A1_dup665,0.476719126,0
MLT2A1_dup666,0,0
MLT2A1_dup667,0,0
MLT2A1_dup668,0,0
MLT2A1_dup669,0.186377692,0
MLT2A1_dup670,0,0
MLT2A1_dup671,0,0
MLT2A1_dup672,0,0
MLT2A1_dup673,0,0
MLT2A1_dup674,0.391066869,0
MLT2A1_dup675,0,0
MLT2A1_dup676,0,0
MLT2A1_dup677,0,0
MLT2A1_dup678,0,0.196688644
MLT2A1_dup679,0.134537767,0
MLT2A1_dup680,0,0
MLT2A1_dup681,0,0
MLT2A1_dup682,0,0
MLT2A1_dup683,0,0
MLT2A1_dup684,0,0.309315554
MLT2A1_dup685,0,0
MLT2A1_dup686,0,0
MLT2A1_dup687,0,0
MLT2A1_dup688,0,0
MLT2A1_dup689,0,0
MLT2A1_dup690,0,0
MLT2A1_dup691,0.59616165,0
MLT2A1_dup692,0,0
MLT2A1_dup693,0,0
MLT2A1_dup694,0,0
MLT2A1_dup695,0,0
MLT2A1_dup696,0,0
MLT2A1_dup697,0,0
MLT2A1_dup698,0,0
MLT2A1_dup699,0,0
MLT2A1_dup700,1.207696115,0
MLT2A1_dup701,0,0
MLT2A1_dup702,0,0
MLT2A1_dup703,0,0
MLT2A1_dup704,0,0
MLT2A1_dup705,0,0
MLT2A1_dup706,0,0
MLT2A1_dup707,0,0
MLT2A1_dup708,0,0
MLT2A1_dup709,0,0.073873331
MLT2A1_dup710,0,0
MLT2A1_dup711,0,0
MLT2A1_dup712,0,0
MLT2A1_dup713,0,0
MLT2A1_dup714,0,0
MLT2A1_dup715,0,0
MLT2A1_dup716,0,0
MLT2A1_dup717,0,0
MLT2A1_dup718,0,0
MLT2A1_dup719,1.788441514,0.227811596
MLT2A1_dup720,1.316790646,0
MLT2A1_dup721,0,0
MLT2A1_dup722,0,0
MLT2A1_dup723,1.009220561,0
MLT2A1_dup724,1.840330918,0
MLT2A1_dup725,1.027091379,0.169170688
MLT2A1_dup726,0,0
MLT2A1_dup727,0,0
MLT2A1_dup728,0,0
MLT2A1_dup729,0.073202467,0
MLT2A1_dup730,0,0
MLT2A1_dup731,0.556229421,0
MLT2A1_dup732,0,0
MLT2A1_dup733,0,0
MLT2A1_dup734,0.924876314,0.07342222
MLT2A1_dup735,0,0
MLT2A1_dup736,0,0
MLT2A1_dup737,0,0
MLT2A1_dup738,0,0
MLT2A1_dup739,0,0
MLT2A1_dup740,0,0
MLT2A1_dup741,0,0
MLT2A1_dup742,0,0
MLT2A1_dup743,0.178398303,0.196779989
MLT2A1_dup744,0.07108332,0
MLT2A1_dup745,0,0.136727476
MLT2A1_dup746,0.087464351,0
MLT2A1_dup582,0,0.868755435
MLT2A1_dup747,0,0.086065425
MLT2A1_dup748,0.123679046,0.064961895
MLT2A1_dup749,0.351780011,0
MLT2A1_dup750,0,0
MLT2A1_dup751,0.969484978,0
MLT2A1_dup752,0,0.221191069
MLT2A1_dup753,0.074374129,0
MLT2A1_dup754,0,0
MLT2A1_dup755,0,0
MLT2A1_dup756,0,0
MLT2A1_dup757,0,0.848731248
MLT2A1_dup758,0,0.310583561
MLT2A1_dup759,0,0
MLT2A1_dup760,0,0.038587745
MLT2A1_dup761,0.275806279,0
MLT2A1_dup762,0,0.41757082
MLT2A1_dup763,0,0.786026636
MLT2A1_dup764,0,0.32059314
MLT2A1_dup765,0,0
MLT2A1_dup766,0,0
MLT2A1_dup767,0,0
MLT2A1_dup768,0.128897687,0
MLT2A1_dup769,0,0.139114704
MLT2A1_dup770,0.827827484,0
MLT2A1_dup771,1.512359971,0
MLT2A1_dup772,0,0
MLT2A1_dup773,0.547258338,0.311611484
MLT2A1_dup774,1.713247304,0.697324401
MLT2A1_dup775,2.21134706,1.160844442
MLT2A1_dup776,0.124787982,0.238392887
MLT2A1_dup777,0.423337062,0.353615479
MLT2A1_dup778,0,0
MLT2A1_dup779,0.520908944,0
MLT2A1_dup780,0,0
MLT2A1_dup781,0,0.117335809
MLT2A1_dup782,0,0
MLT2A1_dup783,0,0
MLT2A1_dup784,0.142991379,0
MLT2A1_dup785,0,0
MLT2A1_dup786,0,0
MLT2A1_dup787,0.825733071,0
MLT2A1_dup788,0,0
MLT2A1_dup789,0,0
MLT2A1_dup790,0.998096296,0
MLT2A1_dup791,0,0
MLT2A1_dup792,0,0
MLT2A1_dup793,0,0
MLT2A1_dup794,0,0
MLT2A1_dup795,0,0
MLT2A1_dup796,0,0
MLT2A1_dup797,0,0
MLT2A1_dup798,0,0
MLT2A1_dup799,0,0
MLT2A1_dup800,0,0
MLT2A1_dup801,0.076550175,0.320325218
MLT2A1_dup802,0.078676693,0.175258964
MLT2A1_dup803,0,0
MLT2A1_dup804,0.249081096,0.29664282
MLT2A1_dup805,0,0
MLT2A1_dup806,0,0
MLT2A1_dup807,0,0
MLT2A1_dup808,0.199266002,0
MLT2A1_dup809,0,0
MLT2A1_dup810,0.642899748,0
MLT2A1_dup811,0,0
MLT2A1_dup812,0,0
MLT2A1_dup813,0,0
MLT2A1_dup814,0,0
MLT2A1_dup815,0,0
MLT2A1_dup816,0.815873088,0
MLT2A1_dup817,0,0
MLT2A1_dup818,0,0
MLT2A1_dup819,0,0
MLT2A1_dup820,0,0
MLT2A1_dup821,1.216909673,0.043098655
MLT2A1_dup822,0.494862732,0
MLT2A1_dup823,0,0
MLT2A1_dup824,0.305824319,0
MLT2A1_dup825,0,0
MLT2A1_dup826,0,0
MLT2A1_dup827,0,0
MLT2A1_dup828,0,0
MLT2A1_dup829,0,0
MLT2A1_dup830,0,0
MLT2A1_dup831,0,0
MLT2A1_dup832,0,0
MLT2A1_dup833,1.181461779,0.173952913
MLT2A1_dup834,0.776501753,0
MLT2A1_dup835,0,0.089011741
MLT2A1_dup836,0,0
MLT2A1_dup837,0,0
MLT2A1_dup838,0,0
MLT2A1_dup839,0,0.113290947
MLT2A1_dup840,0,0
MLT2A1_dup841,0,0
MLT2A1_dup842,0,0
MLT2A1_dup843,0,0
MLT2A1_dup844,0,0
MLT2A1_dup845,0,0
MLT2A1_dup846,0.07453586,0
MLT2A1_dup847,0,0
MLT2A1_dup848,0,0
MLT2A1_dup849,0.183638588,0
MLT2A1_dup850,0,0
MLT2A1_dup851,0,0
MLT2A1_dup852,0,0
MLT2A1_dup853,0,0.503915716
MLT2A1_dup854,0,0.2203051
MLT2A1_dup855,0,0
MLT2A1_dup856,0,0.077692648
MLT2A1_dup857,0,0
MLT2A1_dup858,0,0
MLT2A1_dup859,0,0
MLT2A1_dup860,0,0
MLT2A1_dup861,0,0
MLT2A1_dup862,0,0
MLT2A1_dup863,0,0
MLT2A1_dup864,0,0.197783171
MLT2A1_dup865,0,0.239199866
MLT2A1_dup867,0.247574221,0.580821
MLT2A1_dup868,0.861995008,0.608718917
MLT2A1_dup869,0.18813217,0
MLT2A1_dup870,0.192754383,0.456663824
MLT2A1_dup871,0.076550175,0.075103912
MLT2A1_dup872,1.313254903,0.889618741
MLT2A1_dup873,0,0.355980699
MLT2A1_dup874,0,1.057203632
MLT2A1_dup875,0,0.17623711
MLT2A1_dup876,0.700735356,0.401038711
MLT2A1_dup877,0,0
MLT2A1_dup878,0,0
MLT2A1_dup879,0,0
MLT2A1_dup880,0,0
MLT2A1_dup881,0,0.69773189
MLT2A1_dup882,0,0
MLT2A1_dup883,0,0
MLT2A1_dup884,0,0
MLT2A1_dup885,0.121226053,0
MLT2A1_dup886,0.171133927,0
MLT2A1_dup887,0,0
MLT2A1_dup888,0,0
MLT2A1_dup889,0.241888818,0
MLT2A1_dup890,0,0.193666227
MLT2A1_dup891,0,0
MLT2A1_dup892,0,0.042258791
MLT2A1_dup893,0,0.085293639
MLT2A1_dup894,0,0
MLT2A1_dup895,0,0
MLT2A1_dup896,0,0
MLT2A1_dup897,0,0
MLT2A1_dup898,0.614083946,0
MLT2A1_dup899,1.287181232,0
MLT2A1_dup900,0,0
MLT2A1_dup901,0,0
MLT2A1_dup902,0.417257501,0.119303932
MLT2A1_dup903,0,0.436900309
MLT2A1_dup904,0,0
MLT2A1_dup905,0,0
MLT2A1_dup906,0,0
MLT2A1_dup907,1.082334105,0
MLT2A1_dup908,0.195499106,0
MLT2A1_dup909,0.846269637,0
MLT2A1_dup910,0,0
MLT2A1_dup911,0.079080749,0
MLT2A1_dup912,0.069906672,0
MLT2A1_dup913,0,0
MLT2A1_dup914,0.069332333,0.434022848
MLT2A1_dup915,0,0.114965647
MLT2A1_dup916,0,0.041522681
MLT2A1_dup917,0,0.533666066
MLT2A1_dup918,0,0
MLT2A1_dup919,0,0
MLT2A1_dup920,0,0
MLT2A1_dup921,0.215873702,0
MLT2A1_dup922,0,0
MLT2A1_dup923,0,0
MLT2A1_dup924,0,0
MLT2A1_dup925,0,0
MLT2A1_dup926,0,0
MLT2A1_dup927,0,0
MLT2A1_dup928,0,0
MLT2A1_dup929,0,0
MLT2A1_dup930,0,0
MLT2A1_dup931,0,0
MLT2A1_dup932,0,0
MLT2A1_dup933,0,0
MLT2A1_dup934,0,0
MLT2A1_dup935,0,0
MLT2A1_dup936,0,0
MLT2A1_dup937,0,0
MLT2A1_dup938,0,0
MLT2A1_dup939,0,0
MLT2A1_dup940,0,0
MLT2A1_dup941,0.136080131,0
MLT2A1_dup942,0,0
MLT2A1_dup943,0.783535222,0
MLT2A1_dup944,0.6669306,0
MLT2A1_dup945,0,0
MLT2A1_dup946,0,0
MLT2A1_dup947,0,0
MLT2A1_dup948,0.630966784,0
MLT2A1_dup949,0,0.110282888
MLT2A1_dup950,0,0.285877753
MLT2A1_dup951,0,1.113434991
MLT2A1_dup952,0.37424249,0.116138565
MLT2A1_dup953,0,0.110505619
MLT2A1_dup954,0,0
MLT2A1_dup955,0,0
MLT2A1_dup956,0,0
MLT2A1_dup957,0,0
MLT2A1_dup958,0,0
MLT2A1_dup959,0,0
MLT2A1_dup960,0.873514749,0
MLT2A1_dup961,1.164953429,0
MLT2A1_dup962,0.663363259,0
MLT2A1_dup963,0.363328722,0
MLT2A1_dup964,0.472004089,0
MLT2A1_dup965,0,0
MLT2A1_dup966,0,0.112913361
MLT2A1_dup967,0.228647879,0.426802582
MLT2A1_dup968,0,0.402788385
MLT2A1_dup969,0,0.742666879
MLT2A1_dup970,0,0
MLT2A1_dup971,0,0
MLT2A1_dup972,0,0.145320151
MLT2A1_dup973,0,0
MLT2A1_dup974,0,0
MLT2A1_dup975,0,0
MLT2A1_dup976,0,0
MLT2A1_dup977,0,0
MLT2A1_dup978,0,0
MLT2A1_dup979,0,0
MLT2A1_dup980,0,0
MLT2A1_dup981,0,0
MLT2A1_dup982,0,0
MLT2A1_dup983,0.399207624,0
MLT2A1_dup984,0,0
MLT2A1_dup985,0.08097919,0
MLT2A1_dup986,0,0
MLT2A1_dup987,0,0
MLT2A1_dup988,0,0
MLT2A1_dup989,0,0
MLT2A1_dup990,0,0
MLT2A1_dup991,0,0
MLT2A1_dup992,0,0
MLT2A1_dup993,0,0
MLT2A1_dup994,0,0
MLT2A1_dup995,0,0
MLT2A1_dup996,0,0
MLT2A1_dup997,0,0
MLT2A1_dup998,0,0
MLT2A1_dup999,0,0
MLT2A1_dup1000,0.064807267,0
MLT2A1_dup1001,0.142845604,0
MLT2A1_dup1002,0,0
MLT2A1_dup1003,0,0
MLT2A1_dup1004,0.584402774,0.306466208
MLT2A1_dup1005,0,0
MLT2A1_dup1006,0.071084443,0.139929241
MLT2A1_dup1007,0,0
MLT2A1_dup1008,0,0
MLT2A1_dup1009,0,0
MLT2A1_dup1010,0,0
MLT2A1_dup1011,0.207720678,0.047406968
MLT2A1_dup1012,0.703101559,1.003704018
MLT2A1_dup1013,0.242772654,0.198866168
MLT2A1_dup1014,0,0
MLT2A1_dup1015,0,0.386575541
MLT2A1_dup1016,0.138920175,0
MLT2A1_dup1017,0.080570827,0
MLT2A1_dup1018,0,0
MLT2A1_dup1019,1.047687463,0
MLT2A1_dup1020,0.203062837,0
MLT2A1_dup1021,0,0
MLT2A1_dup1022,0,0
MLT2A1_dup1023,0.084259828,0
MLT2A1_dup1024,0,0.175148581
MLT2A1_dup1025,0,0
MLT2A1_dup1026,0,0
MLT2A1_dup1027,0.915857,0
MLT2A1_dup1028,0,0
MLT2A1_dup1029,0,0
MLT2A1_dup1030,0,0
MLT2A1_dup1031,0,0
MLT2A1_dup1032,0,0
MLT2A1_dup1033,0.47420492,0
MLT2A1_dup1034,0.378565679,0
MLT2A1_dup1035,0.518539826,0
MLT2A1_dup1036,0,0
MLT2A1_dup1037,1.20046172,0.043619018
MLT2A1_dup1038,2.023692753,0
MLT2A1_dup1039,1.956938894,0
MLT2A1_dup1040,0.186030776,0.434558279
MLT2A1_dup1041,0.07719211,0.336378824
MLT2A1_dup1042,0.210281562,0
MLT2A1_dup1043,0,0
MLT2A1_dup1044,0,0
MLT2A1_dup1045,0,0
MLT2A1_dup1046,0,0
MLT2A1_dup1047,0,0
MLT2A1_dup1048,0.462367737,0
MLT2A1_dup1049,0.823790513,0
MLT2A1_dup1050,0,0
MLT2A1_dup1051,0,0
MLT2A1_dup1052,0.601414703,0
MLT2A1_dup1053,1.447114958,0.332564603
MLT2A1_dup1054,2.395037131,0.813918888
MLT2A1_dup1055,0,0
MLT2A1_dup1056,0,0.306121407
MLT2A1_dup1057,0,0.370577272
MLT2A1_dup1058,0,0
MLT2A1_dup1059,0,0
MLT2A1_dup1060,0.61009276,0
MLT2A1_dup1061,0.262826877,0
MLT2A1_dup1062,0,0
MLT2A1_dup1063,0,0
MLT2A1_dup1064,0.348517859,0.210934891
MLT2A1_dup1065,0.285763542,0
MLT2A1_dup1066,0.21408875,0
MLT2A1_dup1067,0,0.197747971
MLT2A1_dup1068,0,0.585857827
MLT2A1_dup1069,0.152258197,0
MLT2A1_dup1070,0,0
MLT2A1_dup1071,0,0
MLT2A1_dup1072,0,0
MLT2A1_dup1073,1.8052063,0.742666879
MLT2A1_dup1074,1.350911298,0.164756269
MLT2A1_dup1075,0.693192546,0.922142122
MLT2A1_dup1076,1.598919794,0
MLT2A1_dup1077,1.665230149,0.683158569
MLT2A1_dup1078,0.31650926,0.085424639
MLT2A1_dup1079,0.150960744,0.080466743
MLT2A1_dup1080,0,0
MLT2A1_dup1081,0.190883828,0
MLT2A1_dup1082,0,0
MLT2A1_dup1083,0,0
MLT2A1_dup1084,0,0
MLT2A1_dup1085,0,0
MLT2A1_dup1086,0,0.18098301
MLT2A1_dup1087,0.180585756,0
MLT2A1_dup1088,1.44044024,0.041229678
MLT2A1_dup1089,1.522010537,0
MLT2A1_dup1090,0,0
MLT2A1_dup1091,0,0
MLT2A1_dup1092,0.741183938,0.08174388
MLT2A1_dup1093,0.077625073,0.190909423
MLT2A1_dup1094,0,0
MLT2A1_dup1095,0,0.075576043
MLT2A1_dup1096,1.182772381,0.174122709
MLT2A1_dup1097,0,0
MLT2A1_dup1098,0,0
MLT2A1_dup1099,0,0
MLT2A1_dup1100,0,0
MLT2A1_dup1101,0.40040635,0.17137607
MLT2A1_dup1102,0,0
MLT2A1_dup866,0,0
MLT2A1_dup1103,0,0
MLT2A1_dup1104,0.238164709,0
MLT2A1_dup1105,0.978659206,0
MLT2A1_dup1106,0.595786575,0.08174388
MLT2A1_dup1107,0.301892517,0
MLT2A1_dup1108,0,0
MLT2A1_dup1109,0,0.268591206
MLT2A1_dup1110,0,0
MLT2A1_dup1111,0,0
MLT2A1_dup1112,0,0
MLT2A1_dup1113,0,0
MLT2A1_dup1114,0,0
MLT2A1_dup1115,0,0
MLT2A1_dup1116,0,0
MLT2A1_dup1117,0,0
MLT2A1_dup1118,0,0
MLT2A1_dup1119,0,0
MLT2A1_dup1120,0,0
MLT2A1_dup1121,0,0
MLT2A1_dup1122,0,0
MLT2A1_dup1123,0.668352213,0
MLT2A1_dup1124,0.071234467,0.473350735
MLT2A1_dup1125,0.386967435,0.116977714
MLT2A1_dup1126,0.89138731,0.792631991
MLT2A1_dup1127,0.724256978,0.509208179
MLT2A1_dup1128,0.535126442,0
MLT2A1_dup1129,1.021923022,0.331301984
MLT2A1_dup1130,0.148215458,0
MLT2A1_dup1131,0,0
MLT2A1_dup1132,0.078676693,0
MLT2A1_dup1133,0.245256269,0
MLT2A1_dup1134,0,0
MLT2A1_dup1135,0,0.076538387
MLT2A1_dup1136,0,0
MLT2A1_dup1137,0,0
MLT2A1_dup1138,0.41412052,0
MLT2A1_dup1139,0,0
MLT2A1_dup1140,0,0
MLT2A1_dup1141,0.172259336,0
MLT2A1_dup1142,0,0
MLT2A1_dup1143,0,0
MLT2A1_dup1144,0.074210571,0
MLT2A1_dup1145,0,0
MLT2A1_dup1146,0,0
MLT2A1_dup1147,0.899367268,0
MLT2A1_dup1148,0.281040194,0.090806518
MLT2A1_dup1149,0,0.130383076
MLT2A1_dup1150,0.513869204,0
MLT2A1_dup1151,0.506219093,0
MLT2A1_dup1152,0,0
MLT2A1_dup1153,0,0
MLT2A1_dup1154,0,0
MLT2A1_dup1155,0,0
MLT2A1_dup1156,0,0
MLT2A1_dup1157,0,0.04249039
MLT2A1_dup1158,0,0
MLT2A1_dup1159,1.314401867,0.139114704
MLT2A1_dup1160,0.082558694,0
MLT2A1_dup1161,0,0
MLT2A1_dup1162,0,0
MLT2A1_dup1163,0,0.211901645
MLT2A1_dup1164,0,0
MLT2A1_dup1165,0,0.137250805
MLT2A1_dup1166,0,0.041432467
MLT2A1_dup1167,0,0
MLT2A1_dup1168,0,0
MLT2A1_dup1169,0,0
MLT2A1_dup1170,0,0
MLT2A1_dup1171,0,0
MLT2A1_dup1172,0,0
MLT2A1_dup1173,0,0
MLT2A1_dup1174,0,0
MLT2A1_dup1175,0.318445134,0
MLT2A1_dup1176,0.080018679,0
MLT2A1_dup1177,0,0
MLT2A1_dup1178,0,0
MLT2A1_dup1179,0,0.080939555
MLT2A1_dup1180,0,0
MLT2A1_dup1181,0,0
MLT2A1_dup1182,0.084647452,0
MLT2A1_dup1183,0,0
MLT2A1_dup1184,0.32458143,0
MLT2A1_dup1185,0.221177093,0
MLT2A1_dup1186,0,0
MLT2A1_dup1187,0,0
MLT2A1_dup1188,0,0
MLT2A1_dup1189,0,0
MLT2A1_dup1190,0.151907153,0
MLT2A1_dup1191,0.184315675,0.341049761
MLT2A1_dup1192,0,0.304340504
MLT2A1_dup1193,0,0.321279222
MLT2A1_dup1194,0,0.04463266
MLT2A1_dup1195,0,0.090790166
MLT2A1_dup1196,1.214532336,0.075260631
MLT2A1_dup1197,0.232106502,0
MLT2A1_dup1198,0,0
MLT2A1_dup1199,0,0
MLT2A1_dup1200,0,0.125075636
MLT2A1_dup1201,0.592367991,0
MLT2A1_dup1202,1.075096371,0
MLT2A1_dup1203,0,0
MLT2A1_dup1204,0,0
MLT2A1_dup1205,0,0
MLT2A1_dup1206,0,0.269898431
MLT2A1_dup1207,0,0.178695319
MLT2A1_dup1208,0,0
MLT2A1_dup1209,0,0.278492806
MLT2A1_dup1210,0,0.19050753
MLT2A1_dup1211,0,0.520173746
MLT2A1_dup1212,0.436376024,0.330638873
MLT2A1_dup1213,0.996172669,0
MLT2A1_dup1214,1.254257503,0
MLT2A1_dup1215,0,0
MLT2A1_dup1216,0,0
MLT2A1_dup1217,0,0
MLT2A1_dup1218,0,0
MLT2A1_dup1219,0.079453262,0
MLT2A1_dup1220,0,0
MLT2A1_dup1221,0.157467891,0
MLT2A1_dup1222,0,0
MLT2A1_dup1223,0,0.299662836
MLT2A1_dup1224,0,0
MLT2A1_dup1225,0.568894074,0
MLT2A1_dup1226,0.577791009,0
MLT2A1_dup1227,0.417379461,0.213486409
MLT2A1_dup1228,0,0
MLT2A1_dup1229,0,0
MLT2A1_dup1230,0.076233205,0.07479243
MLT2A1_dup1231,0,0
MLT2A1_dup1232,0,0
MLT2A1_dup1233,0,0
MLT2A1_dup1234,0,0
MLT2A1_dup1235,0,0
MLT2A1_dup1236,0,0
MLT2A1_dup1237,0,0
MLT2A1_dup1238,0.07816461,0
MLT2A1_dup1239,0.685506181,0
MLT2A1_dup1240,0,0
MLT2A1_dup1241,0,0
MLT2A1_dup1242,0,0
MLT2A1_dup1243,0,0
MLT2A1_dup1244,0.859055329,0
MLT2A1_dup1245,0.843276464,0
MLT2A1_dup1246,1.565095589,0
MLT2A1_dup1247,0,0.189695097
MLT2A1_dup1248,0,0
MLT2A1_dup1249,0,0
MLT2A1_dup1250,0.7371147,0
MLT2A1_dup1251,0.814956717,0
MLT2A1_dup1252,0.344677825,0
MLT2A1_dup1253,0.085632348,0
MLT2A1_dup1254,0,0
MLT2A1_dup1255,0,0
MLT2A1_dup1256,0,0
MLT2A1_dup1257,0,0
MLT2A1_dup1258,0,0
MLT2A1_dup1259,0,0
MLT2A1_dup1260,0,0
MLT2A1_dup1261,0,0.046482361
MLT2A1_dup1262,0,0
MLT2A1_dup1263,0.876590764,0.696856748
MLT2A1_dup1264,0,1.034609755
MLT2A1_dup1265,0,0.582754095
MLT2A1_dup1266,0,0
MLT2A1_dup1267,0.268529059,0.268599395
MLT2A1_dup1268,0,0
MLT2A1_dup1269,0,0
MLT2A1_dup1270,0,0
MLT2A1_dup1271,0,0
MLT2A1_dup1272,0,0
MLT2A1_dup1273,0,0
MLT2A1_dup1274,0,0
MLT2A1_dup1275,0,0
MLT2A1_dup1276,0,0
MLT2A1_dup1277,0,0
MLT2A1_dup1278,0,0
MLT2A1_dup1279,0,0
MLT2A1_dup1280,0,0
MLT2A1_dup1281,0,0
MLT2A1_dup1282,0,0
MLT2A1_dup1283,0.368891467,0.439833857
MLT2A1_dup1284,0,0.297308784
MLT2A1_dup1285,0,0
MLT2A1_dup1286,0,0.271977741
MLT2A1_dup1287,0,0.452161318
MLT2A1_dup1288,0,0.124801114
MLT2A1_dup1289,0,0.650237743
MLT2A1_dup1290,0,0
MLT2A1_dup1291,0,0
MLT2A1_dup1292,0,0
MLT2A1_dup1293,0,0
MLT2A1_dup1294,0,0
MLT2A1_dup1295,0,0
MLT2A1_dup1296,0.16309685,0
MLT2A1_dup1297,0,0
MLT2A1_dup1298,0,0.145689543
MLT2A1_dup1299,0,0.321930893
MLT2A1_dup1300,0.163829229,0.193407597
MLT2A1_dup1301,0,0.482149391
MLT2A1_dup1302,0,0.113053455
MLT2A1_dup1303,0.59293615,0
MLT2A1_dup1304,0,0
MLT2A1_dup1305,0,0
MLT2A1_dup1306,0,0
MLT2A1_dup1307,0,0
MLT2A1_dup1308,0,0
MLT2A1_dup1309,0,0
MLT2A1_dup1310,0,0
MLT2A1_dup1311,0,0
MLT2A1_dup1312,0,0
MLT2A1_dup1313,0,0.371655582
MLT2A1_dup1314,0,0.794589585
MLT2A1_dup1315,0,1.023379845
MLT2A1_dup1316,0,0.22684583
MLT2A1_dup1317,0.190923521,0.165409752
MLT2A1_dup1318,0,0
MLT2A1_dup1319,0,0
MLT2A1_dup1320,0,0.165989077
MLT2A1_dup1321,0,0.375344843
MLT2A1_dup1322,0,0.2809301
MLT2A1_dup1323,2.22742374,0.079931569
MLT2A1_dup1324,0,0
MLT2A1_dup1325,0.130611494,0
MLT2A1_dup1326,0.079355047,0.179766077
MLT2A1_dup1327,0,0.077796402
MLT2A1_dup1328,0,0
MLT2A1_dup1329,0,0.105328498
MLT2A1_dup1330,0,0.25608439
MLT2A1_dup1331,0,0.22308313
MLT2A1_dup1332,0,0.045949221
MLT2A1_dup1333,0.206452946,0.229284139
MLT2A1_dup1334,1.126318765,0
MLT2A1_dup1335,0,0
MLT2A1_dup1336,0,0.075894118
MLT2A1_dup1337,1.089720275,0
MLT2A1_dup1338,0.441821324,0.126597145
MLT2A1_dup1339,0,0
MLT2A1_dup1340,0,0
MLT2A1_dup1341,0,0
MLT2A1_dup1342,0,0.077479724
MLT2A1_dup1343,0,0
MLT2A1_dup1344,0,0
MLT2A1_dup1345,0,0.098776292
MLT2A1_dup1346,0,0
MLT2A1_dup1347,0.937217669,0
MLT2A1_dup1348,0,0
MLT2A1_dup1349,0,0.812447382
MLT2A1_dup1350,0,0.246232796
MLT2A1_dup1351,0.776001661,0
MLT2A1_dup1352,1.361573211,0.339677783
MLT2A1_dup1353,0.385740672,0.291763752
MLT2A1_dup1354,0,0
MLT2A1_dup1355,0.361038477,0
MLT2A1_dup1356,0.074538411,0
MLT2A1_dup1357,0,0
MLT2A1_dup1358,0.148998786,0
MLT2A1_dup1359,0,0
MLT2A1_dup1360,0,0
MLT2A1_dup1361,0,0
MLT2A1_dup1362,0,0
MLT2A1_dup1363,0.336182485,0
MLT2A1_dup1364,0.217189811,0
MLT2A1_dup1365,1.367001571,1.696036877
MLT2A1_dup1366,0,0
MLT2A1_dup1367,0,0
MLT2A1_dup1368,0,0
MLT2A1_dup1369,0,0.145320151
MLT2A1_dup1370,0.144688091,0.040130621
MLT2A1_dup1371,0,0
MLT2A1_dup1372,0,0
MLT2A1_dup1373,0,0
MLT2A1_dup1374,0,0.228596253
MLT2A1_dup1375,0,0
MLT2A1_dup1376,0,0
MLT2A1_dup1377,0,0
MLT2A1_dup1378,0.857944512,0
MLT2A1_dup1379,0,0.349271084
MLT2A1_dup1380,0,0
MLT2A1_dup1381,0,0
MLT2A1_dup1382,0,0
MLT2A1_dup1383,0.750311538,0.161429173
MLT2A1_dup1384,1.367202934,0.669596754
MLT2A1_dup1385,0,0
MLT2A1_dup1386,0,0
MLT2A1_dup1387,0,0
MLT2A1_dup1388,0.134807996,0
MLT2A1_dup1389,0,0
MLT2A1_dup1390,0,0
MLT2A1_dup1391,0.50781563,0
MLT2A1_dup1392,0.082373923,0
MLT2A1_dup1393,0,0
MLT2A1_dup1394,1.017231671,0
MLT2A1_dup1395,1.085109683,0
MLT2A1_dup1396,0.133155661,0
MLT2A1_dup1397,0.762963751,0.192870345
MLT2A1_dup1398,0.534200977,0
MLT2A1_dup1399,0,0.322478831
MLT2A1_dup1400,0,0.80187362
MLT2A1_dup1401,0,0
MLT2A1_dup1402,0,0.127961238
MLT2A1_dup1403,0.140790576,0.17156018
MLT2A1_dup1404,0,0.474545448
MLT2A1_dup1405,0,0.188889673
MLT2A1_dup1406,0,0.300262343
MLT2A1_dup1407,1.222096788,0.198869989
MLT2A1_dup1408,0,0
MLT2A1_dup1409,0,0
MLT2A1_dup1410,0,0
MLT2A1_dup1411,0,0
MLT2A1_dup1412,0,0
MLT2A1_dup1413,0,0
MLT2A1_dup1414,0,0
MLT2A1_dup1415,0.501105269,0.087711693
MLT2A1_dup1416,0.580220776,0
MLT2A1_dup1417,0,0.669596754
MLT2A1_dup1418,0,0.146209912
MLT2A1_dup1419,1.893094021,0
MLT2A1_dup1420,1.089473404,0
MLT2A1_dup1421,0.954085314,0
MLT2A1_dup1422,0,0.03995312
MLT2A1_dup1423,0,0
MLT2A1_dup1424,0,0
MLT2A1_dup1425,0,0
MLT2A1_dup1426,0,0
MLT2A1_dup1427,0,0
MLT2A1_dup1428,0,0
MLT2A1_dup1429,0,0
MLT2A1_dup1430,0,0
MLT2A1_dup1431,0,0
MLT2A1_dup1432,0,0.120177239
MLT2A1_dup1433,0.067260262,0.139253926
MLT2A1_dup1434,0,0
MLT2A1_dup1435,0,0
MLT2A1_dup1436,0,0
MLT2A1_dup1437,0.242349205,0.322915912
MLT2A1_dup1438,0,0
MLT2A1_dup1439,0,0
MLT2A1_dup1440,0,0
MLT2A1_dup1441,0,0
MLT2A1_dup1442,0.156791768,0
MLT2A1_dup1443,0,0
MLT2A1_dup1444,0,0
MLT2A1_dup1445,0,0
MLT2A1_dup1446,0,0
MLT2A1_dup1447,0,0
MLT2A1_dup1448,0,0
MLT2A1_dup1449,0,0
MLT2A1_dup1450,0,0
MLT2A1_dup1451,0,0
MLT2A1_dup1452,0,0.378360722
MLT2A1_dup1453,0,0
MLT2A1_dup1454,0,0
MLT2A1_dup1456,0,0
MLT2A1_dup1457,0,0
MLT2A1_dup1458,0,0.916655722
MLT2A1_dup1459,0.551984572,0.950458349
MLT2A1_dup1460,0.202238711,0
MLT2A1_dup1461,0,0
MLT2A1_dup1462,0,0
MLT2A1_dup1463,0,0
MLT2A1_dup1464,1.45956976,0.860225775
MLT2A1_dup1465,0.060171759,0.030508752
MLT2A1_dup1466,0,0.623467592
MLT2A1_dup1467,0.602611236,0.180833717
MLT2A1_dup1468,0.326882612,0
MLT2A1_dup1469,0.450678109,0
MLT2A1_dup1470,0.862201937,0
MLT2A1_dup1471,0.825360913,0
MLT2A1_dup1472,1.198895344,0
MLT2A1_dup1473,0,0
MLT2A1_dup1474,0,0
MLT2A1_dup1475,0,0
MLT2A1_dup1476,0,0
MLT2A1_dup1477,0,0
MLT2A1_dup1478,0,0
MLT2A1_dup1479,0,0.554483721
MLT2A1_dup1480,0,0
MLT2A1_dup1481,0.489290473,0
MLT2A1_dup1482,0,0
MLT2A1_dup1483,0,0
MLT2A1_dup1484,0,0
MLT2A1_dup1485,0,0
MLT2A1_dup1486,0.412832203,0
MLT2A1_dup1487,0,0
MLT2A1_dup1488,0,0
MLT2A1_dup1489,0,0.332103723
MLT2A1_dup1490,0,0
MLT2A1_dup1491,0,0.119044461
MLT2A1_dup1492,0,0.440682268
MLT2A1_dup1493,0.08097919,0.278926054
MLT2A1_dup1494,0,0
MLT2A1_dup1495,0.485552766,0.322278246
MLT2A1_dup1496,0,0
MLT2A1_dup1497,1.083767271,0.528751116
MLT2A1_dup1498,0.425045528,0.156888242
MLT2A1_dup1499,0,0.229697698
MLT2A1_dup1500,0.713920309,0.589091422
MLT2A1_dup1501,0,0
MLT2A1_dup1502,0,0
MLT2A1_dup1503,0,0
MLT2A1_dup1504,0,0
MLT2A1_dup1505,0,0
MLT2A1_dup1506,0,0.257048133
MLT2A1_dup1507,0,0
MLT2A1_dup1508,0,0.204404228
MLT2A1_dup1509,0,0
MLT2A1_dup1510,0,0.34648466
MLT2A1_dup1511,0,0
MLT2A1_dup1512,0,0
MLT2A1_dup1513,0.066465769,0.072500204
MLT2A1_dup1514,0,0
MLT2A1_dup1515,0,0
MLT2A1_dup1516,0,0
MLT2A1_dup1517,0,0
MLT2A1_dup1518,0.306810237,0.262359642
MLT2A1_dup1519,0.954085314,0.956980829
MLT2A1_dup1520,0.331521719,0
MLT2A1_dup1521,0.306981253,0.252169128
MLT2A1_dup1522,0.073724196,0
MLT2A1_dup1523,0.378565679,0
MLT2A1_dup1524,0.420728821,0
MLT2A1_dup1525,0.082558694,0
MLT2A1_dup1526,1.068978765,0
MLT2A1_dup1527,0,0
MLT2A1_dup1528,0,0
MLT2A1_dup1455,0,0
MLT2A1_dup1529,0.27541612,0
MLT2A1_dup1530,0,0
MLT2A1_dup1531,0,0
MLT2A1_dup1532,0,0
MLT2A1_dup1533,0,0
MLT2A1_dup1534,0,0.281688344
MLT2A1_dup1535,0.95045561,0.315853669
MLT2A1_dup1536,0,0.124547889
MLT2A1_dup1537,0,0
MLT2A1_dup1538,0,0
MLT2A1_dup1539,0,0
MLT2A1_dup1540,0,0
MLT2A1_dup1541,0,0
MLT2A1_dup1542,0.265476229,0.043513942
MLT2A1_dup1543,0.307303447,0.041705605
MLT2A1_dup1544,0.208833546,0
MLT2A1_dup1545,0.184315675,0
MLT2A1_dup1546,0,0.193068692
MLT2A1_dup1547,0.375310477,0
MLT2A1_dup1548,1.091981564,0
MLT2A1_dup1549,1.323540484,0.070412712
MLT2A1_dup1550,1.259456619,0
MLT2A1_dup1551,0,0.081285295
MLT2A1_dup1552,0,0
MLT2A1_dup1553,0,0
MLT2A1_dup1554,0,0.145409429
MLT2A1_dup1555,0.13293905,0
MLT2A1_dup1556,0,0
MLT2A1_dup1557,0.271646028,0.180557111
MLT2A1_dup1558,0,0.043812257
MLT2A1_dup1559,0,0.531090224
MLT2A1_dup1560,0,0
MLT2A1_dup1561,0,0
MLT2A1_dup1562,0,0
MLT2A1_dup1563,0,0
MLT2A1_dup1564,0,0
MLT2A1_dup1565,0.373712738,0
MLT2A1_dup1566,0,0
MLT2A1_dup1567,0,0
MLT2A1_dup1568,1.57966001,0.769576182
MLT2A1_dup1569,0.916094457,0.669410021
MLT2A1_dup1570,0.314963957,0
MLT2A1_dup1571,0,0
MLT2A1_dup1572,0,0
MLT2A1_dup1573,0.071084443,0
MLT2A1_dup1574,0,0
MLT2A1_dup1575,0,0
MLT2A1_dup1576,0,0
MLT2A1_dup1577,0.07005175,0
MLT2A1_dup1578,0,0
MLT2A1_dup1579,0,0
MLT2A1_dup1580,0.817066064,0
MLT2A1_dup1581,1.006407608,0
MLT2A1_dup1582,1.526068726,0
MLT2A1_dup1583,0.192911462,1.004264211
MLT2A1_dup1584,0.474754807,0.851438023
MLT2A1_dup1585,0.078009869,0
MLT2A1_dup1586,0,0
MLT2A1_dup1587,0,0
MLT2A1_dup1588,0.125487164,0
MLT2A1_dup1589,0,0
MLT2A1_dup1590,0,0
MLT2A1_dup1591,0,0
MLT2A1_dup1592,0.546914541,1.096613053
MLT2A1_dup1593,0.146719685,0.040764499
MLT2A1_dup1594,0,0
MLT2A1_dup1595,1.454309358,0
MLT2A1_dup1596,0,0
MLT2A1_dup1597,0,0
MLT2A1_dup1598,0,0
MLT2A1_dup1599,0.15512686,0
MLT2A1_dup1600,0,0.969671679
MLT2A1_dup1601,0,0
MLT2A1_dup1602,0.701471432,0.886439937
MLT2A1_dup1603,0,0.146253054
MLT2A1_dup1604,0.073724196,0.078368035
MLT2A1_dup1605,0,0.358095711
MLT2A1_dup1606,0.076709653,0.108505333
MLT2A1_dup1607,0,0.339356222
MLT2A1_dup1608,0,0
MLT2A1_dup1609,0.992034678,0.675569324
MLT2A1_dup1610,1.018902247,1.301375791
MLT2A1_dup1611,0.603759712,0.889689993
MLT2A1_dup1612,0.723803469,0.921788461
MLT2A1_dup1613,0.316322693,0.43447292
MLT2A1_dup1614,0,0.695877198
MLT2A1_dup1615,0.320102749,0.18573625
MLT2A1_dup1616,0.562423463,0
MLT2A1_dup1617,0.544081396,0
MLT2A1_dup1618,0,0
MLT2A1_dup1619,0,0.281206455
MLT2A1_dup1620,0,0.92033413
MLT2A1_dup1621,0,0
MLT2A1_dup1622,0,0
MLT2A1_dup1623,0,0
MLT2A1_dup1624,0.789733805,0
MLT2A1_dup1625,0,0
MLT2A1_dup1626,0.119061952,0.145833042
MLT2A1_dup1627,0,0
MLT2A1_dup1628,0,0
MLT2A1_dup1629,0.985137927,0.85379504
MLT2A1_dup1630,0.155788516,0.087450316
MLT2A1_dup1631,1.891335979,0.326006933
MLT2A1_dup1632,0,0
MLT2A1_dup1633,0.510204956,0
MLT2A1_dup1634,0.50374853,0
MLT2A1_dup1635,0,0
MLT2A1_dup1636,0,0
MLT2A1_dup1637,0.075452176,0.143751306
MLT2A1_dup1638,0.605910738,0.223446617
MLT2A1_dup1639,1.429750648,0.624309215
MLT2A1_dup1640,0,0
MLT2A1_dup1641,0,0.679819659
MLT2A1_dup1642,0.078346131,0.401453823
MLT2A1_dup1643,0,0.420359982
MLT2A1_dup1644,0.359164209,0.262435842
MLT2A1_dup1645,0,0
MLT2A1_dup1646,0,0.163683785
MLT2A1_dup1647,0.376497012,0
MLT2A1_dup1648,0.627927633,0
MLT2A1_dup1649,0.243634131,0
MLT2A1_dup1650,0,0
MLT2A1_dup1651,0.298687874,0
MLT2A1_dup1652,0.198538986,0
MLT2A1_dup1653,0,0
MLT2A1_dup1654,0,0.184837285
MLT2A1_dup1655,0.315678335,0
MLT2A1_dup1656,0.789714484,0.2841971
MLT2A1_dup1657,0,0.225933712
MLT2A1_dup1658,0,0
MLT2A1_dup1659,0,0
MLT2A1_dup1660,0,0
MLT2A1_dup1661,0,0
MLT2A1_dup1662,0,0
MLT2A1_dup1663,0,0
MLT2A1_dup1664,0,0
MLT2A1_dup1665,0,0
MLT2A1_dup1666,0,0
MLT2A1_dup1667,0,0.667791166
MLT2A1_dup1668,0,0.075934332
MLT2A1_dup1669,0.435316007,0.108606361
MLT2A1_dup1670,0,0
MLT2A1_dup1671,0,0
MLT2A1_dup1672,0,0
MLT2A1_dup1673,0.547129765,0
MLT2A1_dup1674,1.513627931,0
MLT2A1_dup1675,0.525615622,0
MLT2A1_dup1676,0,0.44352225
MLT2A1_dup1677,0.828557015,0
MLT2A1_dup1678,0.22961819,0
MLT2A1_dup1679,1.800886864,0
MLT2A1_dup1680,0.956867587,0
MLT2A1_dup1681,0,0.198519765
MLT2A1_dup1682,0,0
MLT2A1_dup1683,0,0
MLT2A1_dup1684,0,0
MLT2A1_dup1685,0.422098834,0.110505619
MLT2A1_dup1686,0.878533066,0
MLT2A1_dup1687,0,0
MLT2A1_dup1688,0,0
MLT2A1_dup1689,0,0
MLT2A1_dup1690,0.224058099,0.718788777
MLT2A1_dup1691,1.470482818,0.824546949
MLT2A1_dup1692,1.865382002,0.373792965
MLT2A1_dup1693,0.730732287,0.18069327
MLT2A1_dup1694,0,0.134313144
MLT2A1_dup1695,0.404581916,0.35931097
MLT2A1_dup1696,0.077804087,0
MLT2A1_dup1697,0,0
MLT2A1_dup1698,0,0
MLT2A1_dup1699,0,0
MLT2A1_dup1700,0,0
MLT2A1_dup1701,0,0
MLT2A1_dup1702,0,0
MLT2A1_dup1703,0,0
MLT2A1_dup1704,0,0
MLT2A1_dup1705,0,0
MLT2A1_dup1706,0,0
MLT2A1_dup1707,0,0
MLT2A1_dup1708,0,0
MLT2A1_dup1709,0,0.110279711
MLT2A1_dup1710,0,0
MLT2A1_dup1711,0,0
MLT2A1_dup1712,0.200655072,0.398032922
MLT2A1_dup1713,0,0
MLT2A1_dup1714,0.275342026,0.321930893
MLT2A1_dup1715,0,0.420468451
MLT2A1_dup1716,0,0.036557689
MLT2A1_dup1717,0,0
MLT2A1_dup1718,0.157636224,0.171749373
MLT2A1_dup1719,0,0
MLT2A1_dup1720,0,0
MLT2A1_dup1721,0,0
MLT2A1_dup1722,0,0
MLT2A1_dup1723,0,0
MLT2A1_dup1724,0,0
MLT2A1_dup1725,0,0
MLT2A1_dup1726,0,0
MLT2A1_dup1727,0,0.074637658
MLT2A1_dup1728,0,0
MLT2A1_dup1729,0.373534351,0
MLT2A1_dup1730,1.075093078,0.140224623
MLT2A1_dup1731,0,0.196917682
MLT2A1_dup1732,0,0.53000892
MLT2A1_dup1733,0.91274795,0.11005473
MLT2A1_dup1734,1.63019747,0.483908333
MLT2A1_dup1735,0,0
MLT2A1_dup1736,0.979628215,0
MLT2A1_dup1737,0,0
MLT2A1_dup1738,0,0.294762145
MLT2A1_dup1739,0,0
MLT2A1_dup1740,0,0.202445004
MLT2A1_dup1741,0.070786287,0
MLT2A1_dup1742,0,0
MLT2A1_dup1743,0.717973927,0.399724423
MLT2A1_dup1744,0,0.145418474
MLT2A1_dup1745,0,0
MLT2A1_dup1746,0,0.23095488
MLT2A1_dup1747,2.467504005,0.497442065
MLT2A1_dup1748,1.828669733,0
MLT2A1_dup1749,0,0
MLT2A1_dup1750,0,0
MLT2A1_dup1751,0.962891211,0
MLT2A1_dup1752,0,0
MLT2A1_dup1753,0,0.239087143
MLT2A1_dup1754,0.451688439,0
MLT2A1_dup1755,0,0
MLT2A1_dup1756,0,0
MLT2A1_dup1757,1.392749584,0.040672721
MLT2A1_dup1758,0.29251053,0.68909998
MLT2A1_dup1759,0,0.203059326
MLT2A1_dup1760,0,0
MLT2A1_dup1761,0,0
MLT2A1_dup1762,0,0
MLT2A1_dup1763,0,0.505498242
MLT2A1_dup1764,0,0.397879229
MLT2A1_dup1765,0.19718979,0
MLT2A1_dup1766,0.853910316,0
MLT2A1_dup1767,1.413078255,0
MLT2A1_dup1768,0,0.058821943
MLT2A1_dup1769,0,0
MLT2A1_dup1770,0,0
MLT2A1_dup1771,0,0
MLT2A1_dup1772,0.147888325,0
MLT2A1_dup1773,0.622681387,0.039344053
MLT2A1_dup1774,0,0.175907753
MLT2A1_dup1775,0,0.046184208
MLT2A1_dup1776,0,0
MLT2A1_dup1777,0,0
MLT2A1_dup1778,0,0.299099574
MLT2A1_dup1779,0,0.683158569
MLT2A1_dup1780,1.198196297,0
MLT2A1_dup1781,0,0.198585414
MLT2A1_dup1782,0.462367737,0.481529681
MLT2A1_dup1783,0,0
MLT2A1_dup1784,0,0
MLT2A1_dup1785,1.337333266,0.114733917
MLT2A1_dup1786,0,0
MLT2A1_dup1787,0,0
MLT2A1_dup1788,1.606656993,0
MLT2A1_dup1789,0.662175597,0
MLT2A1_dup1790,0.859218616,0
MLT2A1_dup1791,0,0.531090224
MLT2A1_dup1792,0,0
MLT2A1_dup1793,0,0
MLT2A1_dup1794,0,0
MLT2A1_dup1795,0,0
MLT2A1_dup1796,0,0
MLT2A1_dup1797,0.234579452,0.140753456
MLT2A1_dup1798,0.453180699,0
MLT2A1_dup1799,0,0.273852749
MLT2A1_dup1800,0,0.36010878
MLT2A1_dup1801,0,0
MLT2A1_dup1802,0,0.611034151
MLT2A1_dup1803,0.582638275,0.094748452
MLT2A1_dup1804,0.79757549,0.281110013
MLT2A1_dup1805,0.141638675,0
MLT2A1_dup1806,1.755380628,0
MLT2A1_dup1807,0,0.330426507
MLT2A1_dup1808,0,0
MLT2A1_dup1809,0.782388661,0
MLT2A1_dup1810,0.211168071,0
MLT2A1_dup1811,0,0
MLT2A1_dup1812,0,0
MLT2A1_dup1813,0,0
MLT2A1_dup1814,0,0
MLT2A1_dup1815,0,0
MLT2A1_dup1816,0.318740789,0.330510796
MLT2A1_dup1817,0,0
MLT2A1_dup1818,0,0
MLT2A1_dup1819,0.407872409,0
MLT2A1_dup1820,0.078711721,0
MLT2A1_dup1821,0,0
MLT2A1_dup1822,0,0
MLT2A1_dup1823,0,0
MLT2A1_dup1824,0,0.383809431
MLT2A1_dup1825,0.075709077,0
MLT2A1_dup1826,0,0
MLT2A1_dup1827,0,0
MLT2A1_dup1828,0,0
MLT2A1_dup1829,0,0.329352669
MLT2A1_dup1830,0,0
MLT2A1_dup1831,0.232514947,0
MLT2A1_dup1832,0,0
MLT2A1_dup1833,0.300859289,0
MLT2A1_dup1834,0,0
MLT2A1_dup1835,1.650284528,0
MLT2A1_dup1836,1.08652689,0.19780079
MLT2A1_dup1837,0,0
MLT2A1_dup1838,0,0.56196472
MLT2A1_dup1839,0,0.044809294
MLT2A1_dup1840,0,0
MLT2A1_dup1841,0,0.282508546
MLT2A1_dup1842,1.500231646,0.354041829
MLT2A1_dup1843,0,0
MLT2A1_dup1844,0,0
MLT2A1_dup1845,0,0.661677688
MLT2A1_dup1846,0,0.182313991
MLT2A1_dup1847,0,0
MLT2A1_dup1848,0,0.080087975
MLT2A1_dup1849,0,1.452175532
MLT2A1_dup1850,0,0
MLT2A1_dup1851,0,0
MLT2A1_dup1852,0,0.650205917
MLT2A1_dup1853,0.258501308,0.203447183
MLT2A1_dup1854,0,0
MLT2A1_dup1855,0,0
MLT2A1_dup1856,1.033749934,0
MLT2A1_dup1857,0.363188495,0.159798609
MLT2A1_dup1858,0,0
MLT2A1_dup1859,0.323528122,0
MLT2A1_dup1860,1.631442476,0
MLT2A1_dup1861,0.181308022,0.109637596
MLT2A1_dup1862,1.553259899,0.487792268
MLT2A1_dup1863,0.198901818,0
MLT2A1_dup1864,0.671710631,0
MLT2A1_dup1865,0,0.249698614
MLT2A1_dup1866,0,0.613474605
MLT2A1_dup1867,0,0.038753288
MLT2A1_dup1868,0.294213674,0.259643639
MLT2A1_dup1869,0.332053356,0
MLT2A1_dup1870,0,0
MLT2A1_dup1871,0,0
MLT2A1_dup1872,0,0
MLT2A1_dup1873,0,0.287965875
MLT2A1_dup1874,0,0
MLT2A1_dup1875,0,0
MLT2A1_dup1876,0,0
MLT2A1_dup1877,0,0
MLT2A1_dup1878,0,0
MLT2A1_dup1879,0,0.388019637
MLT2A1_dup1880,0.799649959,0
MLT2A1_dup1881,0,0.046369318
MLT2A1_dup1882,0,0
MLT2A1_dup1884,0.139232672,0.042165352
MLT2A1_dup1885,0.198901818,0
MLT2A1_dup1886,0,0
MLT2A1_dup1887,0,0
MLT2A1_dup1888,0,0.127889263
MLT2A1_dup1889,0,0
MLT2A1_dup1890,0,0
MLT2A1_dup1891,0,0
MLT2A1_dup1892,0.2892613,0
MLT2A1_dup1893,2.308965275,0
MLT2A1_dup1894,1.769255729,0
MLT2A1_dup1895,0,0
MLT2A1_dup1896,0,0
MLT2A1_dup1897,0,0.304340504
MLT2A1_dup1898,1.645968992,0
MLT2A1_dup1899,0,0
MLT2A1_dup1900,0.252141786,0.115666521
MLT2A1_dup1901,2.106631428,0.452370492
MLT2A1_dup1902,1.052035668,0.121664881
MLT2A1_dup1903,0,0.19013635
MLT2A1_dup1904,0,0.046482361
MLT2A1_dup1905,0,0
MLT2A1_dup1906,0,0
MLT2A1_dup1907,0,0
MLT2A1_dup1908,0,0
MLT2A1_dup1909,0,0.044478273
MLT2A1_dup1910,0,0
MLT2A1_dup1911,0,0
MLT2A1_dup1912,0,0
MLT2A1_dup1913,0,0
MLT2A1_dup1914,0,0
MLT2A1_dup1915,0,0
MLT2A1_dup1916,0,0.185238091
MLT2A1_dup1917,0,0.333734818
MLT2A1_dup1918,0,0.188231209
MLT2A1_dup1919,0,0
MLT2A1_dup1920,0,0
MLT2A1_dup1921,0,0
MLT2A1_dup1922,0,0
MLT2A1_dup1923,0,0
MLT2A1_dup1924,1.591110162,0.37054231
MLT2A1_dup1925,0.351952339,0.137250805
MLT2A1_dup1926,0,0.042924652
MLT2A1_dup1927,0,0
MLT2A1_dup1928,0,0
MLT2A1_dup1929,0.148544055,0.320088904
MLT2A1_dup1930,0,0
MLT2A1_dup1931,0,0
MLT2A1_dup1932,0,0.205104071
MLT2A1_dup1933,0.35047491,0.194872649
MLT2A1_dup1934,0.078895802,0
MLT2A1_dup1935,0,0
MLT2A1_dup1936,0.177764513,0
MLT2A1_dup1937,0,0
MLT2A1_dup1938,0,0
MLT2A1_dup1939,0.142991379,0
MLT2A1_dup1940,0,0
MLT2A1_dup1941,0,0
MLT2A1_dup1942,0,0
MLT2A1_dup1943,0,0
MLT2A1_dup1944,0,0.143000025
MLT2A1_dup1945,0,0
MLT2A1_dup1946,0,0
MLT2A1_dup1947,3.005721951,1.283771032
MLT2A1_dup1948,2.067953458,0.324799251
MLT2A1_dup1949,0,0
MLT2A1_dup1950,0,0
MLT2A1_dup1951,0,0
MLT2A1_dup1952,0,0
MLT2A1_dup1953,0,0
MLT2A1_dup1954,1.017905283,0.082878502
MLT2A1_dup1955,0,0
MLT2A1_dup1956,0,0
MLT2A1_dup1957,0,0
MLT2A1_dup1958,0,0
MLT2A1_dup1959,0.965081213,0
MLT2A1_dup1960,0.282480072,0
MLT2A1_dup1961,0,0
MLT2A1_dup1962,0,0
MLT2A1_dup1963,0,0
MLT2A1_dup1964,0,0.044698407
MLT2A1_dup1965,0,0
MLT2A1_dup1966,0,0
MLT2A1_dup1967,0,0
MLT2A1_dup1968,0,0.17156018
MLT2A1_dup1969,0.858630057,0
MLT2A1_dup1970,0,0
MLT2A1_dup1971,0,0
MLT2A1_dup1972,0,0.483432947
MLT2A1_dup1973,0,0.563870953
MLT2A1_dup1974,0,0.077009525
MLT2A1_dup1975,0.214246181,0
MLT2A1_dup1976,0.228165862,0
MLT2A1_dup1977,0,0
MLT2A1_dup1978,0,0.290769045
MLT2A1_dup1979,0,0
MLT2A1_dup1980,0,0
MLT2A1_dup1981,0,0
MLT2A1_dup1982,0.125314484,0.358346034
MLT2A1_dup1983,0.072302673,0
MLT2A1_dup1984,0,0
MLT2A1_dup1985,0,0
MLT2A1_dup1986,0.427640245,0
MLT2A1_dup1987,0,0
MLT2A1_dup1988,0,0
MLT2A1_dup1989,0.439777074,0
MLT2A1_dup1990,0,0.106576532
MLT2A1_dup1991,1.030450324,0.33682909
MLT2A1_dup1992,0.901272193,0
MLT2A1_dup1993,0.395150615,0
MLT2A1_dup1994,0,0
MLT2A1_dup1995,0,0
MLT2A1_dup1996,0,0
MLT2A1_dup1883,0,0
MLT2A1_dup1997,0,0
MLT2A1_dup1998,0,0
MLT2A1_dup1999,0,0
MLT2A1_dup2000,0,0
MLT2A1_dup2001,0,0
MLT2A1_dup2002,0,0
MLT2A1_dup2003,0,0.064600394
MLT2A1_dup2004,0.057036428,0
MLT2A1_dup2005,0.533940428,0
MLT2A1_dup2006,0,0
MLT2A1_dup2007,0,0
MLT2A1_dup2008,0,0
MLT2A1_dup2009,0,0.085831524
MLT2A1_dup2010,0,0
MLT2A1_dup2011,0.506411199,0
MLT2A1_dup2012,0,0
MLT2A1_dup2013,0,0
MLT2A1_dup2014,0.481830481,0.073273075
MLT2A1_dup2015,0,0
MLT2A1_dup2016,0.405652303,0.042165352
MLT2A1_dup2017,0,0.039864957
MLT2A1_dup2018,0.634227331,0.555636555
MLT2A1_dup2019,0.822650709,1.030178694
MLT2A1_dup2020,1.039161134,0
MLT2A1_dup2021,0.080208949,0.325149087
MLT2A1_dup2022,0,0
MLT2A1_dup2023,0,0
MLT2A1_dup2024,0,0
MLT2A1_dup2025,0,0
MLT2A1_dup2026,0,0
MLT2A1_dup2027,0,0
MLT2A1_dup2028,0,0
MLT2A1_dup2029,0,0
MLT2A1_dup2030,0,0
MLT2A1_dup2031,0,0
MLT2A1_dup2032,0,0
MLT2A1_dup2033,0,0
MLT2A1_dup2034,0,0
MLT2A1_dup2035,0,0.14357302
MLT2A1_dup2036,0.426203626,0.314037122
MLT2A1_dup2037,0.268075746,0.694148218
MLT2A1_dup2038,0,0
MLT2A1_dup2039,0,0
MLT2A1_dup2040,0.375199556,0.177097244
MLT2A1_dup2041,0.535814975,0.21759683
MLT2A1_dup2042,0.351109234,0.140286407
MLT2A1_dup2043,0.770963763,0.907066776
MLT2A1_dup2044,0.999457038,1.099121683
MLT2A1_dup2045,1.505861871,1.201385972
MLT2A1_dup2046,1.508206025,1.106332863
MLT2A1_dup2047,0,0
MLT2A1_dup2048,0,0
MLT2A1_dup2049,0,0.493688048
MLT2A1_dup2050,0.077625073,0
MLT2A1_dup2051,0,0.171176551
MLT2A1_dup2052,0,0
MLT2A1_dup2053,0,0
MLT2A1_dup2054,0,0
MLT2A1_dup2055,0,0.080426442
MLT2A1_dup2056,0.078346131,0
MLT2A1_dup2057,0.672940617,0
MLT2A1_dup2058,0.251259442,0.0418875
MLT2A1_dup2059,0,0
MLT2A1_dup2060,0,0
MLT2A1_dup2061,0.151250981,0
MLT2A1_dup2062,0,0
MLT2A1_dup2063,0.392352192,0.891290548
MLT2A1_dup2064,0.281506281,0.143000025
MLT2A1_dup2065,0.076568095,0.20904011
MLT2A1_dup2066,0,0.476700904
MLT2A1_dup2067,0.188843391,0.077028833
MLT2A1_dup2068,0,0
MLT2A1_dup2069,1.988143923,0
MLT2A1_dup2070,1.434244582,0
MLT2A1_dup2071,0,0
MLT2A1_dup2072,0,0
MLT2A1_dup2073,0.295269357,0
MLT2A1_dup2074,0,0
MLT2A1_dup2075,0,0
MLT2A1_dup2076,0,0
MLT2A1_dup2077,0,0
MLT2A1_dup2078,0,0
MLT2A1_dup2079,0,0
MLT2A1_dup2080,0,0
MLT2A1_dup2081,0.078711721,0
MLT2A1_dup2082,0.191961423,0.221084108
MLT2A1_dup2083,0.414974141,0
MLT2A1_dup2084,1.266247585,0
MLT2A1_dup2085,0,0
MLT2A1_dup2086,0,0
MLT2A1_dup2087,0,0
MLT2A1_dup2088,1.938287114,0
MLT2A1_dup2089,1.29394375,0
MLT2A1_dup2090,0.245256269,0
MLT2A1_dup2091,0,0.371061606
MLT2A1_dup2092,0.362020761,0
MLT2A1_dup2093,0.642127889,0
MLT2A1_dup2094,0.462367737,0.481529681
MLT2A1_dup2095,0.788834816,0
MLT2A1_dup2096,0,0.585595548
MLT2A1_dup2097,0,0.300598287
MLT2A1_dup2098,0,0
MLT2A1_dup2099,0,0
MLT2A1_dup2100,0,0
MLT2A1_dup2101,0.087050474,0
MLT2A1_dup2102,0,0
MLT2A1_dup2103,0,0
MLT2A1_dup2104,0,0.089232185
MLT2A1_dup2105,0,0.400317856
MLT2A1_dup2106,0,0.160073939
MLT2A1_dup2107,0,0
MLT2A1_dup2108,0,0
MLT2A1_dup2109,0,0
MLT2A1_dup2110,0,0
MLT2A1_dup2111,0,0
MLT2A1_dup2112,0,0.45696024
MLT2A1_dup2113,0,0.091471035
MLT2A1_dup2114,0,0.229816836
MLT2A1_dup2115,0,0.158603851
MLT2A1_dup2116,0,0
MLT2A1_dup2117,0,0
MLT2A1_dup2118,0,0.45696024
MLT2A1_dup2119,0,0.16510734
MLT2A1_dup2120,0,0.229816836
MLT2A1_dup2121,0,0.124540949
MLT2A1_dup2122,0,0.112245542
MLT2A1_dup2123,0,0
MLT2A1_dup2124,0,0
MLT2A1_dup2125,0,0
MLT2A1_dup2126,0,0
MLT2A1_dup2127,0,0
MLT2A1_dup2128,0.506462498,0.209835766
MLT2A1_dup2129,0,0
MLT2A1_dup2130,0,0
MLT2A1_dup2131,0.534275518,0.18671015
MLT2A1_dup2132,0,0
MLT2A1_dup2133,0,0.039088675
MLT2A1_dup2134,0,0.114044331
MLT2A1_dup2135,0,0
MLT2A1_dup2136,0,0.55132618
MLT2A1_dup2137,0,1.10110437
MLT2A1_dup2138,0,0.403459236
MLT2A1_dup2139,0,0.08287138
MLT2A1_dup2140,0,0.601646993
MLT2A1_dup2141,0,0.118805699
MLT2A1_dup2142,0.690060573,0
MLT2A1_dup2143,0,0
MLT2A1_dup2144,0,0
MLT2A1_dup2145,0,0.410180022
MLT2A1_dup2146,0,0
MLT2A1_dup2147,0,0
MLT2A1_dup2148,0,0.170463121
MLT2A1_dup2149,0,0.710838594
MLT2A1_dup2150,0,1.07642362
MLT2A1_dup2151,0,0.174122709
MLT2A1_dup2152,0,0.113053455
MLT2A1_dup2153,0.693249166,0.361906106
MLT2A1_dup2154,0,0
MLT2A1_dup2155,0,0
MLT2A1_dup2156,1.39874404,0.270337096
MLT2A1_dup2157,0,0
MLT2A1_dup2158,0,0
MLT2A1_dup2159,0.658092792,0.291793283
MLT2A1_dup2160,1.177017365,1.071100127
MLT2A1_dup2161,0,0.370185762
MLT2A1_dup2162,0,0
MLT2A1_dup2163,0,0
MLT2A1_dup2164,0,0
MLT2A1_dup2165,0,0
MLT2A1_dup2166,0,0
MLT2A1_dup2167,0,0
MLT2A1_dup2168,0,0
MLT2A1_dup2169,0,0
MLT2A1_dup2170,0,0
MLT2A1_dup2171,0,0
MLT2A1_dup2172,0,0
MLT2A1_dup2173,0.605841223,0
MLT2A1_dup2174,0,0.08344691
MLT2A1_dup2175,0,0
MLT2A1_dup2176,0.190259463,0
MLT2A1_dup2177,0,0
MLT2A1_dup2178,0,0
MLT2A1_dup2179,0.735680371,0
MLT2A1_dup2180,0.077983931,0.246767133
MLT2A1_dup2181,0.629596059,0.634574145
MLT2A1_dup2182,0,0.824546949
MLT2A1_dup2183,0,0.792631991
MLT2A1_dup2184,0.691959997,0.254718974
MLT2A1_dup2185,0,0.107639494
MLT2A1_dup2186,0.571148273,0
MLT2A1_dup2187,0.70832092,0
MLT2A1_dup2188,0,0.327721608
MLT2A1_dup2189,0,0.088261949
MLT2A1_dup2190,0,0.220887907
MLT2A1_dup2191,0.844892113,0
MLT2A1_dup2192,0,0
MLT2A1_dup2193,0,0.86199702
MLT2A1_dup2194,0,0
MLT2A1_dup2195,0,0.430881766
MLT2A1_dup2196,0,0.241383928
MLT2A1_dup2197,0,0.511394538
MLT2A1_dup2198,0.914464699,0
MLT2A1_dup2199,0.900769965,0
MLT2A1_dup2200,0,0
MLT2A1_dup2201,0.571333786,0.489343947
MLT2A1_dup2202,0,0
MLT2A1_dup2203,0,0
MLT2A1_dup2204,0,0
MLT2A1_dup2205,0.184739214,0.294740727
MLT2A1_dup3728,0.958177351,1.370101434
MLT2A1_dup3729,1.313142345,1.327283777
MLT2A1_dup3837,1.469075527,1.195531968
MLT2A1_dup3737,0,0
MLT2A1_dup3738,0,0
MLT2A1_dup3739,0,0
MLT2A1_dup3740,0,0
MLT2A1_dup3741,0,0
MLT2A1_dup3742,0,0
MLT2A1_dup3743,0,0
MLT2A1_dup3744,0,0
MLT2A1_dup3745,0,0
MLT2A1_dup3746,0,0
MLT2A1_dup3747,0,0
MLT2A1_dup3748,0,0
MLT2A1_dup3749,0,0
MLT2A1_dup3750,0,0
MLT2A1_dup3795,0,0
MLT2A1_dup3796,0,0
MLT2A1_dup3797,0,0
MLT2A1_dup3732,0,0
MLT2A1_dup3733,0,0
MLT2A1_dup3766,0,0
MLT2A1_dup3767,0,0
MLT2A1_dup3816,0,0
MLT2A1_dup3817,0,0
MLT2A1_dup3818,0,0
MLT2A1_dup3819,0,0
MLT2A1_dup3820,0,0
MLT2A1_dup3826,0,0
MLT2A1_dup3827,0,0
MLT2A1_dup3828,0,0
MLT2A1_dup3829,0,0
MLT2A1_dup3830,0,0.29404281
MLT2A1_dup3831,0,0.044588068
MLT2A1_dup3832,0,0
MLT2A1_dup3833,0,0
MLT2A1_dup3834,0,0
MLT2A1_dup3835,0,0
MLT2A1_dup3836,0,0
MLT2A1_dup3730,0,0
MLT2A1_dup3731,0,0
MLT2A1_dup3734,0,0
MLT2A1_dup3735,0,0
MLT2A1_dup3736,0,0
MLT2A1_dup3751,0,0
MLT2A1_dup3752,0,0
MLT2A1_dup3753,0,0
MLT2A1_dup3754,0,0
MLT2A1_dup3755,0,0
MLT2A1_dup3756,0,0
MLT2A1_dup3757,0,0
MLT2A1_dup3758,0,0
MLT2A1_dup3759,0,0
MLT2A1_dup3761,0,0
MLT2A1_dup3762,0,0
MLT2A1_dup3763,0,0
MLT2A1_dup3764,0,0
MLT2A1_dup3765,0,0
MLT2A1_dup3768,0,0
MLT2A1_dup3769,0,0
MLT2A1_dup3770,0,0
MLT2A1_dup3771,0,0
MLT2A1_dup3772,0,0
MLT2A1_dup3773,0,0
MLT2A1_dup3774,0,0
MLT2A1_dup3775,0,0
MLT2A1_dup3776,0,0
MLT2A1_dup3777,0,0
MLT2A1_dup3778,0,0
MLT2A1_dup3779,0,0
MLT2A1_dup3780,0,0
MLT2A1_dup3781,0,0
MLT2A1_dup3782,0,0
MLT2A1_dup3783,0,0
MLT2A1_dup3784,0,0
MLT2A1_dup3785,0,0
MLT2A1_dup3786,0,0
MLT2A1_dup3787,0,0
MLT2A1_dup3788,0,0
MLT2A1_dup3798,0,0
MLT2A1_dup3799,0,0
MLT2A1_dup3800,0,0
MLT2A1_dup3801,0,0
MLT2A1_dup3802,0,0
MLT2A1_dup3803,0,0
MLT2A1_dup3804,0,0
MLT2A1_dup3822,0,0
MLT2A1_dup3823,0,0
MLT2A1_dup3824,0,0
MLT2A1_dup3825,0,0
MLT2A1_dup3760,0,0
MLT2A1_dup3789,0,0
MLT2A1_dup3790,0,0
MLT2A1_dup3791,0,0
MLT2A1_dup3792,0,0
MLT2A1_dup3793,0,0
MLT2A1_dup3794,0,0
MLT2A1_dup3805,0,0
MLT2A1_dup3806,0,0
MLT2A1_dup3807,0,0
MLT2A1_dup3808,0,0
MLT2A1_dup3809,0,0
MLT2A1_dup3810,0,0
MLT2A1_dup3811,0,0
MLT2A1_dup3812,0,0
MLT2A1_dup3813,0,0
MLT2A1_dup3814,0,0
MLT2A1_dup3815,0,0
MLT2A1_dup3821,0,0
MLT2A1_dup2207,0,0.35590586
MLT2A1_dup2208,0,0
MLT2A1_dup2209,0,0
MLT2A1_dup2210,0,0
MLT2A1_dup2211,0.502369891,1.080270467
MLT2A1_dup2212,0,0.999537804
MLT2A1_dup2213,0,0.2203051
MLT2A1_dup2214,0.07005175,0.166644449
MLT2A1_dup2215,0,0
MLT2A1_dup2216,0.075144238,0.387223523
MLT2A1_dup2217,0,0.039516167
MLT2A1_dup2218,0,0
MLT2A1_dup2219,0,0.145025989
MLT2A1_dup2220,0.094424865,0
MLT2A1_dup2221,0,0
MLT2A1_dup2222,0,0
MLT2A1_dup2223,0,0
MLT2A1_dup2224,0,0
MLT2A1_dup2225,0,0
MLT2A1_dup2226,0.60932697,0
MLT2A1_dup2227,0.728612751,0
MLT2A1_dup2228,0.318098845,0
MLT2A1_dup2229,0.417412416,0
MLT2A1_dup2230,0,0
MLT2A1_dup2231,0,0
MLT2A1_dup2232,0,0.04432143
MLT2A1_dup2233,0,0
MLT2A1_dup2234,0,0
MLT2A1_dup2235,0,0
MLT2A1_dup2236,1.113258302,0.564010136
MLT2A1_dup2237,0,0.436222687
MLT2A1_dup2238,0.073494627,0
MLT2A1_dup2239,0,0
MLT2A1_dup2240,0,0
MLT2A1_dup2241,0,0
MLT2A1_dup2242,0.069332333,0.220887907
MLT2A1_dup2243,1.668404592,0.115902059
MLT2A1_dup2244,0.140251012,0
MLT2A1_dup2245,0,0
MLT2A1_dup2246,0,0
MLT2A1_dup2247,0,0
MLT2A1_dup2248,0,0
MLT2A1_dup2249,0,0
MLT2A1_dup2250,0,0
MLT2A1_dup2251,0,0
MLT2A1_dup2252,0,0
MLT2A1_dup2253,0,0
MLT2A1_dup2254,0,0
MLT2A1_dup2255,0,0
MLT2A1_dup2256,0,0
MLT2A1_dup2257,0,0.531681171
MLT2A1_dup2258,0,0.136208156
MLT2A1_dup2259,0,0.17299874
MLT2A1_dup2260,1.968448361,0.218778104
MLT2A1_dup2261,0,0.197783171
MLT2A1_dup2262,0.807910167,0.593587887
MLT2A1_dup2263,0,0
MLT2A1_dup2264,0,0
MLT2A1_dup2265,0,0
MLT2A1_dup2266,0,0
MLT2A1_dup2267,0,0
MLT2A1_dup2268,0.161137209,0.289866946
MLT2A1_dup2269,0,0.440557959
MLT2A1_dup2270,0,0.044809294
MLT2A1_dup2271,0,0
MLT2A1_dup2272,0,0
MLT2A1_dup2273,0,0
MLT2A1_dup2274,0,0.281994132
MLT2A1_dup2275,0,0.497964394
MLT2A1_dup2276,0,0
MLT2A1_dup2277,0,0.150924704
MLT2A1_dup2278,1.065410046,0
MLT2A1_dup2279,0.193597105,0
MLT2A1_dup2280,0,0
MLT2A1_dup2281,0,0
MLT2A1_dup2282,0,0
MLT2A1_dup2283,0,0
MLT2A1_dup2284,0,0.045486354
MLT2A1_dup2285,0,0
MLT2A1_dup2286,0,0
MLT2A1_dup2287,0,0
MLT2A1_dup2288,0,0
MLT2A1_dup2289,0,0
MLT2A1_dup2290,0,0
MLT2A1_dup2291,0,0
MLT2A1_dup2292,0,0.1074252
MLT2A1_dup2293,0,0.157768161
MLT2A1_dup2294,0,0.658429852
MLT2A1_dup2295,0,0.545111152
MLT2A1_dup2296,0,0
MLT2A1_dup2297,0.314851835,0.695522979
MLT2A1_dup2298,0,0.296154039
MLT2A1_dup2299,0,0.162835915
MLT2A1_dup2300,0,0
MLT2A1_dup2301,0,0
MLT2A1_dup2302,0,0
MLT2A1_dup2303,0,0.119572681
MLT2A1_dup2304,0,0
MLT2A1_dup2305,0.080785242,0.047406968
MLT2A1_dup2306,0,0.628234155
MLT2A1_dup2307,0,0.511822355
MLT2A1_dup2308,0,0.089265971
MLT2A1_dup2309,0,0.331958247
MLT2A1_dup2310,0,0
MLT2A1_dup2311,0,0
MLT2A1_dup2312,0,0.527738376
MLT2A1_dup2313,0,0
MLT2A1_dup2314,0,0
MLT2A1_dup2315,0,0.134170043
MLT2A1_dup2316,0,0.442696225
MLT2A1_dup2317,0,0.094128614
MLT2A1_dup2318,0,0
MLT2A1_dup2319,2.13306855,0.259490475
MLT2A1_dup2320,0.075918856,0
MLT2A1_dup2321,0,0
MLT2A1_dup2322,0.93651812,0
MLT2A1_dup2323,0,0.386575541
MLT2A1_dup2324,0,0.045145283
MLT2A1_dup2325,0,0
MLT2A1_dup2326,0,0
MLT2A1_dup2327,0.863548491,0
MLT2A1_dup2328,0.634934609,0
MLT2A1_dup2329,0.225765455,0
MLT2A1_dup2330,0,0
MLT2A1_dup2331,0,0
MLT2A1_dup2332,0,0
MLT2A1_dup2333,0.075918856,0
MLT2A1_dup2334,0,0
MLT2A1_dup2335,0,0.08472385
MLT2A1_dup2336,0,0
MLT2A1_dup2337,0,0
MLT2A1_dup2338,0,0
MLT2A1_dup2339,0,0.373800751
MLT2A1_dup2340,0,0
MLT2A1_dup2341,0,0
MLT2A1_dup2342,0,0
MLT2A1_dup2343,0,0
MLT2A1_dup2344,0,0
MLT2A1_dup2345,0,0.086657074
MLT2A1_dup2346,0,0
MLT2A1_dup2347,0,0.238122958
MLT2A1_dup2348,0.305824319,0.246697668
MLT2A1_dup2349,0,0.664962093
MLT2A1_dup2350,0,0
MLT2A1_dup2351,0,0
MLT2A1_dup2352,0,0
MLT2A1_dup2353,0,0
MLT2A1_dup2354,0,0
MLT2A1_dup2355,0,0
MLT2A1_dup2356,1.708215145,0
MLT2A1_dup2357,0.079698642,0
MLT2A1_dup2358,0,0
MLT2A1_dup2359,0,0
MLT2A1_dup2360,0.138709475,0
MLT2A1_dup2361,0,0
MLT2A1_dup2362,0,0
MLT2A1_dup2363,0,0
MLT2A1_dup2364,0,0.726933338
MLT2A1_dup2206,0,0
MLT2A1_dup2365,0,0.565612628
MLT2A1_dup2366,0.558168028,0
MLT2A1_dup2367,0,0
MLT2A1_dup2368,0,0
MLT2A1_dup2369,0.430284435,0
MLT2A1_dup2370,1.467379472,0
MLT2A1_dup2371,0.325802223,0.378650713
MLT2A1_dup2372,0.174180849,0.157156193
MLT2A1_dup2373,0,0
MLT2A1_dup2374,0,0
MLT2A1_dup2375,0,0
MLT2A1_dup2376,0,0
MLT2A1_dup2377,0,0
MLT2A1_dup2378,0,0
MLT2A1_dup2379,0,0
MLT2A1_dup2380,0,0
MLT2A1_dup2381,0,0
MLT2A1_dup2382,0,0
MLT2A1_dup2383,0,0
MLT2A1_dup2384,0,0
MLT2A1_dup2385,0.201853794,0
MLT2A1_dup2386,0.186883458,0.161814288
MLT2A1_dup2387,0.325136405,0.521552549
MLT2A1_dup2388,0.300728434,0.315418328
MLT2A1_dup2389,0.878764074,0.121081363
MLT2A1_dup2390,1.156574376,0.19889016
MLT2A1_dup2391,0,0
MLT2A1_dup2392,0,0
MLT2A1_dup2393,0,0.046541235
MLT2A1_dup2394,0,0
MLT2A1_dup2395,0,0
MLT2A1_dup2396,0,0.045702447
MLT2A1_dup2397,0,0
MLT2A1_dup2398,2.028227696,1.977099781
MLT2A1_dup2399,0,0.293491879
MLT2A1_dup2400,0.650262545,0.64327096
MLT2A1_dup2401,0,0
MLT2A1_dup2402,0,0
MLT2A1_dup2403,0,0
MLT2A1_dup2404,0.216538052,0.129935896
MLT2A1_dup2405,1.222278761,0
MLT2A1_dup2406,0.330925349,0
MLT2A1_dup2407,0.907505478,0
MLT2A1_dup2408,0.347464228,0
MLT2A1_dup2409,0.657106791,0.601646993
MLT2A1_dup2410,0.15088609,0.130833368
MLT2A1_dup2411,0,0
MLT2A1_dup2412,0.129603177,0
MLT2A1_dup2413,0,0.219913996
MLT2A1_dup2414,0,0
MLT2A1_dup2415,0.078711721,0
MLT2A1_dup2416,1.715672194,0.081191591
MLT2A1_dup2417,1.827535242,0.362860266
MLT2A1_dup2418,0.484863306,0.204391867
MLT2A1_dup2419,0.844413328,0.492780963
MLT2A1_dup2420,1.695937306,0.67390368
MLT2A1_dup2421,0.244007976,0
MLT2A1_dup2422,0,0.308772934
MLT2A1_dup2423,0,0
MLT2A1_dup2424,0,0
MLT2A1_dup2425,0,0
MLT2A1_dup2426,0,0
MLT2A1_dup2427,0.080925085,0
MLT2A1_dup2428,0,0
MLT2A1_dup2429,0.990006351,0
MLT2A1_dup2430,0.618007604,0.370498067
MLT2A1_dup2431,0,0
MLT2A1_dup2432,0,0
MLT2A1_dup2433,0,0
MLT2A1_dup2434,0,0
MLT2A1_dup2435,0,0
MLT2A1_dup2436,0,0.075894118
MLT2A1_dup2437,0,0.313222403
MLT2A1_dup2438,0,0
MLT2A1_dup2439,0,0
MLT2A1_dup2440,0,0
MLT2A1_dup2441,0,0.291812992
MLT2A1_dup2442,0,0.316879614
MLT2A1_dup2443,0,0
MLT2A1_dup2444,0,0
MLT2A1_dup2445,0,0
MLT2A1_dup2446,0.319028261,0
MLT2A1_dup2447,0.935117532,0
MLT2A1_dup2448,0.367940346,0
MLT2A1_dup2449,0.805591667,0
MLT2A1_dup2450,0,0
MLT2A1_dup2451,0,0
MLT2A1_dup2452,0,0.07685406
MLT2A1_dup2453,0,0.251741277
MLT2A1_dup2454,0,0
MLT2A1_dup2455,0.611823226,0.123974599
MLT2A1_dup2456,0,0
MLT2A1_dup2457,0,0
MLT2A1_dup2458,0,0
MLT2A1_dup2459,0,0
MLT2A1_dup2460,0,0
MLT2A1_dup2461,0,0
MLT2A1_dup2462,0,0
MLT2A1_dup2463,0.087672773,0
MLT2A1_dup2464,0.544081396,0
MLT2A1_dup2465,0,0
MLT2A1_dup2466,0,0
MLT2A1_dup2467,0,0
MLT2A1_dup2468,0,0.087651817
MLT2A1_dup2469,0,0.232271336
MLT2A1_dup2470,0,0
MLT2A1_dup2471,0,0
MLT2A1_dup2472,0,0.18573625
MLT2A1_dup2473,0,0.108070671
MLT2A1_dup2474,0,0.086036429
MLT2A1_dup2475,0,0.667595908
MLT2A1_dup2476,0.217900009,0.130833368
MLT2A1_dup2477,2.299282464,0.124260578
MLT2A1_dup2478,0.933311562,0
MLT2A1_dup2479,0,0.13503161
MLT2A1_dup2480,0,0
MLT2A1_dup2481,0,0
MLT2A1_dup2482,0,0
MLT2A1_dup2483,0.381878982,0
MLT2A1_dup2484,0.657229833,0.451941382
MLT2A1_dup2485,0.1839765,0
MLT2A1_dup2486,0,0
MLT2A1_dup2487,0.079829312,0
MLT2A1_dup2488,0,0
MLT2A1_dup2489,0,0
MLT2A1_dup2490,0,0
MLT2A1_dup2491,0,0
MLT2A1_dup2492,0,0
MLT2A1_dup2493,0,0.095628269
MLT2A1_dup2494,0,0
MLT2A1_dup2495,0,0
MLT2A1_dup2496,0,0
MLT2A1_dup2497,0.245525451,0
MLT2A1_dup2498,0,0
MLT2A1_dup2499,0,0
MLT2A1_dup2500,0,0
MLT2A1_dup2501,0.085712919,0
MLT2A1_dup2502,0,0
MLT2A1_dup2503,0,0
MLT2A1_dup2504,0,0
MLT2A1_dup2505,0,0
MLT2A1_dup2506,0.079871561,0
MLT2A1_dup2507,0.672940617,0
MLT2A1_dup2508,0,0.108287564
MLT2A1_dup2509,0,0
MLT2A1_dup2510,0,0
MLT2A1_dup2511,0,0
MLT2A1_dup2512,0.218502498,0
MLT2A1_dup2513,0,1.057166226
MLT2A1_dup2514,0,0
MLT2A1_dup2515,0,0
MLT2A1_dup2516,0,0.044478273
MLT2A1_dup2517,0,0
MLT2A1_dup2518,0,0.117487602
MLT2A1_dup2519,0.915629529,0
MLT2A1_dup2520,0,0.242213535
MLT2A1_dup2521,0.236258295,0.337484638
MLT2A1_dup2522,0,0
MLT2A1_dup2523,0,0
MLT2A1_dup2524,0,0
MLT2A1_dup2525,0,0
MLT2A1_dup2526,0,0
MLT2A1_dup2527,0,0
MLT2A1_dup2528,0,0
MLT2A1_dup2529,0,0
MLT2A1_dup2530,0,0
MLT2A1_dup2531,0,0
MLT2A1_dup2532,0,0
MLT2A1_dup2533,0,0
MLT2A1_dup2534,0,0
MLT2A1_dup2535,0,0
MLT2A1_dup2536,0,0
MLT2A1_dup2537,0,0
MLT2A1_dup2538,1.41818711,0
MLT2A1_dup2539,0,0
MLT2A1_dup2540,0,0
MLT2A1_dup2541,0,0
MLT2A1_dup2542,0,0
MLT2A1_dup2543,0,0
MLT2A1_dup2544,0,0
MLT2A1_dup2545,0,0
MLT2A1_dup2546,0,0
MLT2A1_dup2547,0,0
MLT2A1_dup2548,0,0
MLT2A1_dup2549,0,0
MLT2A1_dup2550,0,0
MLT2A1_dup2551,0,0
MLT2A1_dup2552,0,0.075734746
MLT2A1_dup2553,0,0
MLT2A1_dup2554,0,0.811393765
MLT2A1_dup2555,0,0.766442696
MLT2A1_dup2556,0,0
MLT2A1_dup2557,0,0
MLT2A1_dup2558,0,0
MLT2A1_dup2559,0,0
MLT2A1_dup2560,0,0
MLT2A1_dup2561,0,0
MLT2A1_dup2562,0,0
MLT2A1_dup2563,0,0
MLT2A1_dup2564,0,0
MLT2A1_dup2565,0,0
MLT2A1_dup2566,0,0
MLT2A1_dup2567,0,0
MLT2A1_dup2568,0,0
MLT2A1_dup2569,0,0
MLT2A1_dup2570,0,0
MLT2A1_dup2571,0,0
MLT2A1_dup2572,0,0
MLT2A1_dup2573,0,0
MLT2A1_dup2574,0,0
MLT2A1_dup2575,0,0
MLT2A1_dup2576,0,0
MLT2A1_dup2577,0,0
MLT2A1_dup2578,0,0
MLT2A1_dup2579,0,0
MLT2A1_dup2580,0,0
MLT2A1_dup2581,0,0
MLT2A1_dup2582,0,0
MLT2A1_dup2583,0,0
MLT2A1_dup2584,0,0
MLT2A1_dup2585,0,0
MLT2A1_dup2586,0,0
