gene,no_dox_shNC_1,no_dox_shNC_2,DUX4_NC_1,DUX4_NC_2,DUX4_3ASO_1,DUX4_3ASO_2
HES4,10.22488235,9.208175381,1.686933031,1.795367732,3.5268861,2.212629492
ANKRD65,2.78997147,2.725536329,0.523093858,0.569370591,4.039000455,2.639721499
PRDM16,0.330116334,0.194996101,0.064366101,0.051377627,0.479408432,0.45227365
TP73,4.966798342,4.738896902,0.929013905,1.080540832,1.96657647,1.645003543
SMIM1,3.436088564,3.987768837,1.153511393,0.292299567,0.837380789,0.72046593
HES3,84.49369133,86.78030895,15.22959972,17.16436575,29.85062013,25.88197749
C1orf127,0.287124693,0.388970028,0.105569053,0.06019015,0,0.222536863
TMEM82,1.557312488,1.355509781,0.217832193,0.248393863,1.593983057,1.530615639
HSPB7,0.31235432,0.250127956,0.048235067,0.073336541,0,0.316332452
CLCNKA,1.377306426,1.525256369,0.307459236,0.391842033,0.779877108,1.219983448
CLCNKB,3.075079925,3.502803701,0.620321455,0.902483615,0.586964329,0.991988923
FAM131C,1.988171568,1.915300479,0.219301294,0.458459974,0.811918571,0.719104585
HTR6,2.236917244,2.194405121,0.413594546,0.207513462,0.064852938,0.23249246
PLA2G2A,1.275666166,1.191379415,0.111928257,0.297807289,0.926287272,0.576746873
CDA,18.34936881,20.90334418,2.299989181,3.846591005,1.101972694,2.262548572
WNT4,2.763039295,2.579219825,0.108157197,0.262079563,0.794971504,0.740975969
HTR1D,24.38302828,26.34509321,1.064404164,1.542460174,1.709585986,1.028379346
CD52,7.897949214,6.447990305,0.538469987,2.456067451,2.374700745,1.98639168
HPCA,6.691062126,7.679121289,2.272664123,0.876005728,1.882188133,2.474079638
TMEM54,13.51451556,15.03889341,4.303484814,3.187189506,3.594296002,3.366792713
FAM183A,3.53497646,3.297247711,0.29829832,0.340149318,2.241260112,3.458428761
TAL1,0.359963694,0.307036108,0.011029188,0.025153147,0.129705877,0.23249246
PODN,0.29915625,0.231153584,0.051329962,0,0.48627569,0.324606741
GLIS1,0.32955237,0.446447128,0.06058436,0.069084294,0.448602615,0.539221188
MROH7,0.134386597,0.271868136,0,0.05521625,0.45195343,0.340245347
FYB2,0.630622405,0.86380134,0.135254671,0.215923099,1.131112639,1.216483783
TNNI3K,0.319970143,0.380642196,0.053130252,0.075730476,0.156206106,0.223994426
ANKRD34A,0.85168668,0.560868432,0.171251351,0.019527777,2.013956684,3.248941211
POLR3GL,10.57430621,10.57328357,2.221671861,2.216699199,2.585523003,4.439309364
TXNIP,209.1536315,207.751511,5.267936743,6.862328444,42.34995254,53.51326167
DCST2,0.779472018,0.771016027,0.14329684,0.023343038,1.925948547,1.121959705
AL691442.2,38.44416204,36.8022138,9.532520737,7.980451414,13.40211077,12.97227602
EFNA3,22.96858288,22.26820063,4.43039754,3.392569508,8.747140159,8.316628422
EFNA1,7.288344416,7.227715896,0.754977203,1.423795915,3.490775565,4.978452857
DPM3,63.06805335,67.69370886,6.468565498,9.911633941,7.792084034,7.812045674
HAPLN2,0.953105841,1.214443022,0.199666332,0.292730589,2.720841672,1.483141554
CRABP2,438.4057432,417.3556132,69.31569365,82.61832395,75.01043506,84.99941519
LRRC71,0.553252726,0.485784262,0.094928457,0.162370258,1.488508365,2.734792392
CD1D,0.99744143,0.968305444,0.187488603,0.312466829,0.244990071,0.344551799
IFI16,1.568733786,1.934882202,0.285000548,0.433314507,1.008605705,1.218235896
CD48,0.945817329,1.091482891,0.115918324,0.308423652,0.353429249,0.841659857
TSTD1,82.68553797,84.75744649,14.75810379,24.55426247,14.13725431,21.69929624
KLHDC9,5.027233822,5.057590328,1.133056686,1.166989026,2.722315208,4.879638254
FCRLB,0.226167665,0.218445488,0.097016005,0,1.045853715,0.613521769
LMX1A,0.571985321,0.565780219,0.045065499,0,0.039257852,0.316656397
FMO1,0.651001208,1.071773328,0.157078661,0.079607406,0.821014435,0.441490401
FMO4,7.033796591,6.621518499,1.384939722,1.438241505,2.714536843,2.74564266
TDRD5,1.266096543,1.245940425,0.138336758,0.403126841,1.667042934,2.332882775
RGS8,0.292309443,0.354194498,0.037616378,0.064340884,0.270341843,0.449334717
LMOD1,3.004774546,2.997334204,0.570503996,0.686686618,1.71873093,1.068984741
PPFIA4,8.782024966,9.057080483,1.670910034,1.794561853,1.320175198,2.029608637
CHI3L1,0.552002437,0.520400182,0.14954831,0.085264905,0.244267188,0.761839699
BTG2,13.41353909,13.44253329,3.101134003,3.042189642,47.6733002,46.01613545
PRELP,0.474211142,0.526425433,0.130767282,0.049704607,0.256309065,0.260339971
CAMK1G,1.805535615,1.670420565,0.415582981,0.323106079,0.370254156,0.37165261
AGT,0.346305877,0.389215126,0.118840021,0.067756587,0.582327897,0.668031264
EGLN1,17.57626641,18.72031809,4.790041272,4.276408932,6.885025458,5.615075278
AL445524.2,19.11723562,20.88241991,5.48590012,5.148215234,8.326015914,7.206636192
MAP1LC3C,20.72272943,22.43178658,0.572932958,0.59392269,0.272235478,0.731956377
CYS1,0.720686006,0.451999476,0.198734576,0.075538955,0.144269504,0.186189957
PFN4,0.456562763,0.352779255,0.039169078,0.089328933,1.484277014,1.266033706
UCN,0.86029059,1.489176237,0.395385981,0.180343318,1.343285183,2.667083312
GCKR,0.651569723,0.768264185,0.099819579,0.295942869,2.843451584,3.030006526
SULT6B1,2.838958948,3.185542212,0.427016859,0.270514976,11.96557109,12.4019374
PKDCC,69.02731931,68.61406112,8.884513961,7.969234322,5.605229694,5.012283135
C1GALT1C1L,1.069477747,1.046377021,0.196611012,0.224195367,2.183737204,2.141330083
SIX3,6.770524546,5.672921642,0.046344542,0.079269962,0.302790473,0.195386218
STON1,16.01369166,17.41385531,3.832818049,4.305465693,3.100894166,4.045471339
STON1-GTF2A1L,14.30070682,15.70343444,3.645488208,3.455775274,3.252212254,3.765143375
ARHGAP25,1.052695663,1.146784413,0.264047942,0.065455139,0.465039941,0.822809326
C2orf78,0.401085515,0.574747393,0.061937311,0.141254126,0.188843806,0.55126291
CD8B,0.175827259,0.409527451,0.083361356,0.040738664,0.653566268,0.351447211
CREG2,0.782023002,1.006285685,0.187022778,0.111708621,0.628409264,0.750931872
ACOXL,9.792544363,10.34489715,2.7347473,2.070637517,2.058321903,1.921592455
ZC3H6,7.004910925,7.808298617,1.561003956,1.585607486,2.380872284,2.470724954
IL37,1.22276106,0.490810016,0.374650602,0,0.391642696,0.526502591
INHBB,0.365705919,0.160554274,0,0.089440385,0.128114559,0.385795348
PROC,1.50766357,0.949014115,0.176378596,0.488444877,2.831521749,2.655725492
CFC1B,0.234162807,0.246728342,0,0,0,0
CFC1,0.525920982,0.584928413,0,0,0.147393042,0.475552759
MYO3B,0.634675459,0.6812328,0.137396148,0.182784828,0.538603812,0.600709027
SP5,1.012847287,0.843831154,0.151558271,0.069128707,0.316864245,0.34077969
FRZB,9.855661258,10.13077379,1.740328054,1.984494584,5.700762662,6.365550093
IGFBP2,482.5778867,489.987945,86.02696774,76.90195412,56.05817615,56.24630951
IGFBP5,8.507206131,9.21049665,1.925076005,1.973428926,2.807686243,3.060587407
RUFY4,0.246671734,0.23628047,0,0,0.094270204,0.263601733
CATIP,0.358079068,0.256021023,0.049371496,0.056298274,0.860178591,0.370040355
ASIC4,0.214019231,0.245112859,0.083821828,0.027309131,0.704117618,0.50484077
INHA,2.299279099,3.177777346,0.576403157,0.394363214,1.355727687,2.538090056
PRSS56,0.416692335,0.167258165,0,0,0.300293866,0.574148723
CHRND,0.71749742,0.509477877,0.020072277,0.0228884,0.314739676,0.479534256
ACKR3,4.318819067,3.75484481,0.455553413,0.796516319,2.142966663,2.262028087
RAMP1,0.894417201,1.346304282,0.328856343,0.249996404,0.716190544,1.694539637
NEU4,0.406320412,0.50496699,0.107257617,0.091729327,0.770840358,1.036274773
TTC21A,1.056333,0.8314106,0.2702345,0.1494052,1.615762,2.485734
TMIE,0.6788173,1.120548,0.2620645,0.1328142,0.228292,0.7365671
AC109583.1,3.779445,4.469169,1.083171,0.7023336,0.4995429,0.9849512
PRSS50,2.970743,3.709816,0.4719698,0.5381867,0,0.3979601
PTH1R,2.299547,1.868072,0.1355366,0.2833457,1.033111,1.07934
PFKFB4,22.45426,22.15889,3.016186,3.110679,9.631127,9.721512
TMEM89,0.7633159,0.2680922,0,0,8.984834,5.368315
SLC38A3,0.8494967,0.9339986,0.1584334,0.2890583,1.221441,0.5120928
SEMA3B,3.328523,3.24834,0.8610339,0.9072663,2.079312,2.98677
GPR62,1.498534,1.214575,0,0.5074549,2.287247,2.001256
FAM107A,0.6426715,0.7352004,0.1299624,0.0404171,0.3242038,0.3652766
FAM3D,0.2103109,0.1899399,0.0386632,0,0.05052094,0.5433403
BOC,3.211099,3.044572,0.7728973,0.5343522,1.510933,1.932861
IGSF11,2.622603,2.584717,0.2181523,0.2633918,1.173769,1.532865
CD86,0.1563498,0.2845506,0.01829106,0.04171456,0.3824128,0.2570472
FAM162A,66.05932,65.37011,10.9722,14.23146,13.7742,14.06846
ROPN1B,0.3029031,0.2425596,0.01559186,0.08889691,0.2241115,0.8983712
ALDH1L1,0.4738437,0.3528681,0.09169541,0.04705209,0.3534624,0.4510137
ZIC1,0.343576,0.4223483,0.147379,0.03151054,0.6018099,1.139128
BCL6,30.91121,31.96295,2.912441,2.922528,10.42061,12.9038
AC072022.2,18.14877,18.53773,0.7693437,1.002608,2.51324,2.316795
P3H2,59.3625,59.5739,12.63419,12.32292,13.47253,13.69674
TM4SF19,0.4373289,0.5150081,0.03310499,0.1509984,6.315677,4.791867
CNGA1,2.141803,2.371729,0.5617771,0.2402227,0.6652512,1.554278
PF4V1,0.9204994,0.9006166,0.1692231,0.09648246,1.105613,0.4756239
FAM47E,0.9759143,0.8821589,0.1652465,0.1281327,0.5009493,0.8360048
FAM47E-STBD1,9.417839,9.843829,3.141379,1.901615,3.268652,3.815114
BMP3,0.3207631,0.2196842,0.04127798,0.01176731,0.2292351,0.01450216
HSD17B13,0.2055205,0.216549,0,0.03015838,0.79486,0.7805174
LEF1,0.473851,0.470474,0.0938129,0.05348739,0.6282465,0.247194
MGARP,18.43932,16.98969,2.105818,1.34705,9.932814,12.0539
RXFP1,0.5414654,0.8874776,0.1548433,0.1639557,1.690923,1.74083
SCRG1,0.2393309,0.3732171,0,0.01404791,0.4829339,1.350397
C4orf47,10.94347,12.88727,1.2426,1.941727,4.209586,4.527306
IRX2,66.25734,63.66444,13.24281,12.23247,21.63037,26.27801
C5orf38,15.40431,13.02218,1.240998,1.675788,3.968663,4.084621
IRX1,17.16874,18.83245,0.5440359,0.9650102,0.7503818,1.783933
CDH9,1.324097,1.725581,0.2989366,0.357921,0.3124947,0.2940703
FBXO4,0.5186698,0.6489717,0.1251487,0.190276,5.696329,4.983083
GHR,0.9070144,0.829743,0.1266737,0.2269865,0.4492787,0.7120667
CCDC152,35.06227,34.82174,4.751423,5.561704,7.502122,8.043054
SELENOP,30.01099,29.81583,2.845097,3.622108,4.747867,5.36313
FGF10,0.435158,0.345893,0.07859524,0.1232304,0.2310747,0.2899343
SSBP2,5.745027,6.185602,1.236825,1.410351,2.868304,2.55239
SMIM32,0.4323205,0.2429437,0.1483572,0,0.5331077,0.7297108
WNT8A,0.2208287,0.2326787,0,0.07201052,0.9489615,0.532479
MZB1,0.2991824,0.5629232,0.0550012,0.06271782,1.221785,1.159411
PSD2,0.4958521,0.408882,0.1109733,0.09490706,2.428885,2.280806
PRELID2,3.262874,3.572035,1.076038,0.773547,0.7794418,0.657467
STK32A,1.295978,1.801189,0.2223672,0.5705214,1.380187,1.55132
ATP10B,0.2246079,0.2048025,0.02223391,0.03169163,0.2832657,0.3280795
C5orf58,0.4449479,0.53349,0.07897785,0.1576022,0.3869993,0
EIF4E1B,1.364354,0.9534883,0.143326,0.1225759,0.5618493,0.3273049
ZFP2,1.704362,1.366386,0.09536044,0.4349577,3.052867,2.814243
LTC4S,2.499988,1.900036,0.3164415,0.5412569,1.447222,2.594085
TRIM38,3.169325,3.180898,0.4205332,0.4186405,0.880957,0.9662088
H1-3,3.887639,2.395923,0.2831819,0.2152747,11.59433,12.33676
TRIM31,0.4164724,0.3656841,0.0893242,0,1.470663,1.581662
LTB,2.896125,2.783268,0.1638212,0.1868051,0.856256,0.5755514
NCR3,1.148998,0.5427073,0,0.1162798,0.5329898,0.6448696
HLA-DQB1,4.422998,4.355951,0.2179299,0.6578081,0.2345144,0.5764903
PSMB9,1.756221,1.696257,0.2825032,0.2791864,1.107435,0.926348
AL645941.2,9.179746,6.728588,2.157179,1.757021,4.563725,5.918681
ZBTB22,9.334932,9.27166,2.664413,2.409629,3.511584,3.453834
IP6K3,1.521712,1.861383,0.06752564,0.538996,2.029412,3.352952
CLPSL2,5.11709,4.71772,0.4115638,0.8212852,0.8066814,0.433783
CLPSL1,1.429518,0.5893935,0.1599653,0.09120416,0.3135384,0.5620047
CPNE5,0.9902476,1.123646,0.2069406,0.1987151,2.362511,2.801027
MDGA1,0.4614591,0.5520262,0.1741327,0.08655326,0.2800468,0.3074581
TREM2,0.2676834,0.3760636,0,0.06546709,0.1500403,1.290917
TFEB,2.378605,2.57004,0.2448761,0.1903855,0.6545003,0.8290365
GUCA1A,19.53254,19.52527,2.255778,1.745463,2.807247,2.113387
GUCA1B,4.454806,3.197265,0.6092776,0.7894986,3.039803,3.269233
FILIP1,11.06314,11.96115,1.732262,1.815353,14.1952,13.22645
HTR1E,0.1605221,0.2818932,0,0.03925875,0.1799497,0
GPRC6A,0.2219004,0.3057487,0.02196589,0.07514305,0.8323776,1.26563
ALDH8A1,0.2051178,0.2881663,0.02199663,0.100331,3.247942,3.245783
MYB,10.96954,11.07153,1.440211,1.955086,1.568262,2.200647
UNC93A,0.435209,0.6878445,0.1633499,0.1064387,1.097733,0.7870569
KIF25,1.739194,1.774955,0.3398182,0.4008563,4.072902,3.902753
SMOC2,9.268836,10.3024,0.8263685,1.529027,1.059436,0.9421941
GPR146,1.087306,1.161789,0.07882931,0.3370837,0.5922828,0.6923757
SP8,8.093858,9.012743,2.029038,2.198025,4.109562,3.825683
PRR15,12.46281,12.23685,3.471149,2.089023,4.199747,6.72992
INMT,2.807266,3.04939,0.07448622,0.1274049,0.7299798,0.7065677
AOAH,0.2082954,0.307262,0,0.1018853,1.027422,0.7282737
NME8,0.4213127,0.4016428,0.05163562,0.1177601,0.1686798,0.5079507
PGAM2,6.478609,5.534806,0.90131,2.141173,3.533207,4.96095
RAMP3,2.054053,2.128205,0.3083844,0.703301,0.3453976,0.1238222
VPS37D,9.378419,8.896689,1.823901,2.92056,0.3042484,1.854199
CLDN3,52.38001,52.88781,9.819786,10.80361,7.479638,5.825086
GSAP,0.8187522,1.035225,0.119411,0.1041256,0.8168813,1.154929
HGF,0.2905187,0.274442,0.1031336,0.02205059,0.2526824,0.4529229
PDK4,0.1827658,0.2605403,0.05534012,0.03155214,2.006673,0.7582611
TMEM225B,0.8814418,1.035904,0.08725381,0.1492432,1.596195,0.7970248
GJC3,10.60866,9.705944,0.5056276,0.8328187,3.23009,2.447508
AZGP1,1.191056,1.015928,0.07298727,0.05548488,0.2543252,0.2393305
FBXO24,6.25144,5.628245,1.605179,1.184366,4.589772,5.387344
ACTL6B,1.788781,2.101409,0.3968837,0.4525661,1.832405,1.636058
RASA4B,12.99025,13.46399,3.429075,2.399423,3.038083,3.340398
RASA4,9.120854,8.973006,1.790178,1.313557,2.237508,2.72359
FEZF1,12.76932,12.85968,1.752224,1.413261,2.066241,1.741718
ZNF467,0.3093,0.5974788,0.06633806,0.1512905,3.438445,2.672478
ASIC3,2.70216,2.865894,0.5261741,0.469562,1.135949,0.8358899
CNPY1,0.2973026,0.3986898,0,0,0.4317549,0.610976
ESYT2,96.78217,98.50926,24.58679,23.5925,40.00879,43.12804
WDR60,26.07351,26.78757,5.969814,5.939032,9.15202,8.944371
VIPR2,7.39637,7.94372,0.6369936,0.5168354,0.4321844,0.8607476
SHOX,0.2674391,0.3874617,0,0,1.217965,0.5038044
ASMT,1.174858,1.295479,0.2812813,0.3608379,0.9648144,3.063491
XG,2.859073,2.3977,0.5068355,0.6421601,2.501941,3.086478
CLTRN,4.356423,4.936625,0.9167278,1.447399,3.132922,5.846866
MAGIX,0.4113267,0.1915019,0.1230984,0.0140369,0.7399187,0.9860557
CACNA1F,2.609024,2.221512,0.2087076,0.2793786,0.9604376,1.453749
PAGE2B,0.7237365,0.6672517,0,0,2.281863,1.145241
EFNB1,11.15185,11.61002,2.283974,1.996717,4.824865,4.57383
OTUD6A,0.396942,0.1493723,0.03648658,0,0.3814141,0
CDX4,2.740883,2.276395,0.4979515,0.6624492,1.409784,2.274283
PGK1,540.9864,546.7175,142.2558,151.9431,89.98857,92.47444
POU3F4,13.97596,14.16264,0.04913995,0.3735616,0.1070181,0.2532096
H2BW2,0.1038304,0.3555569,0,0.03809058,0.4364881,1.17358
TEX13B,1.644065,1.278594,0.4533633,0.2872054,0.7240526,0.7787007
RTL4,0.1682625,0.2954862,0.02405908,0.02743455,0,0.06762123
AKAP14,1.670161,1.363833,0.4298555,0.122541,2.527602,1.132656
TMEM255A,0.7724171,0.973971,0.03259014,0.2973,0.1490486,0.3892953
APLN,9.440115,9.004704,2.164444,1.756585,2.140308,1.973013
SMIM10L2A,27.14427,26.20927,3.594081,2.659116,5.324637,6.723166
MAGEA4,1.506316,1.670682,0.1020227,0.3024746,0.2399622,0.4014475
PNMA5,0.2992697,0.1651723,0.03667816,0.02091204,0.1677449,0.128861
SPRY3,10.95776,11.42592,1.414999,1.851973,1.165852,1.057932
FGF17,0.2080715,0.501113,0.1721318,0,0.5248215,0.2687774
DMTN,0.6662162,0.4718135,0.09838243,0,0.8447942,1.066565
NUDT18,3.871413,3.756348,0.8243595,0.5313136,0.9835166,0.1007379
STC1,80.95949,81.66812,16.33248,18.51987,10.49193,9.745112
ADRA1A,0.5066906,0.5338804,0.1210939,0.1062179,0.6816173,0.5759778
DUSP26,7.658719,7.70408,0.9568702,1.491195,1.375369,1.927411
ADRB3,0.305751,0.2505674,0,0.07477726,0.4284443,0.4607813
CHRNB3,0.2821653,0.3765885,0,0,1.107103,0.8844919
AC009879.3,1.895845,1.884314,0.4401526,0.4158647,5.258463,5.266543
ADHFE1,3.123765,3.276153,0.8002528,0.8064197,5.933653,7.296877
XKR9,0.5468068,0.8642239,0.1919096,0.1641257,0.2089724,0.1348468
LY6L,0.3461189,0.7293844,0,0.07255715,2.07862,1.698983
SPATC1,0.292663,0.3083678,0.1158827,0.03303524,0.6814041,0.7328334
TMEM249,1.793143,2.281064,0.5346737,0.5134214,1.617937,1.581865
MLANA,0.4076453,0.5154242,0.08393374,0.1674917,3.811229,3.833487
DNAI1,0.6758746,0.8545717,0.1565571,0.2380292,0.4546046,1.197844
CA9,0.8506605,0.7682642,0.19548,0.2229057,2.860843,1.977921
PAX5,0.1378276,0.2205247,0.03941465,0.007490749,0.7897105,0.8400825
SPATA31A1,0.2466717,0.2008384,0.05771528,0,0.05656212,0.1216623
GAS1,8.279247,8.101584,1.199358,1.025721,4.179182,3.370956
RNF183,0.3349713,0.3247107,0,0.03932335,1.081475,1.090406
NR5A1,0.4724863,0.5280128,0.1474006,0.1050505,0.6018981,0.414289
PLPP7,2.740846,2.485509,0.6071252,0.7087878,0.8688812,1.462634
NTNG2,0.9042023,0.9593856,0.2196987,0.2505222,0.5422599,0.6517974
BARHL1,1.204645,0.8912026,0,0,0.3447935,0.6952818
FAM163B,2.996269,2.813896,0.2933764,0.2867459,0.7119411,0.1472452
LCN15,0.6091721,0.4813959,0.130654,0.04966156,0.6544448,0.948653
PTGDS,0.5223873,0.5504194,0.04636163,0.1585984,0.5149336,0.3257638
STPG3,1.273615,1.278056,0.1170696,0.3559849,0.7138788,0.4387195
EXD3,3.495432,3.132591,0.6888328,0.9274289,0.8567152,0.8980501
NOXA1,4.367004,3.220941,0.07493012,0.4699351,0.9791067,0.1053005
NLRP6,0.2437279,0.2407563,0,0.0894125,0.5635283,0.5509644
CDHR5,1.796689,1.359834,0.3582129,0.07426726,0.787216,0.5491663
SCT,6.501245,8.317993,2.031803,1.226575,1.717904,1.343683
DRD4,13.21386,11.96824,2.680511,2.722271,3.502606,4.355555
CEND1,5.311328,5.311782,1.197087,1.01277,1.513766,1.573751
KRTAP5-1,0.7779015,0.8196449,0.1334742,0,0.7848445,1.313015
TSPAN32,0.4250259,0.6106819,0.03314863,0,0.3465207,0.3493823
OR52N4,0.4594252,0.5244186,0.09853663,0,0.5150286,1.038563
OR56B4,0.4664708,0.5808664,0,0.1866835,0.7130821,0.1533804
LMO1,8.99683,10.35512,0.3318459,0.4624933,0.3372606,0.518165
SCUBE2,0.7640799,0.8566069,0.243851,0.1435165,5.108494,4.79763
SAA1,0.8944772,1.159971,0,0.1009669,2.429702,0.7465955
IGSF22,0.6559376,0.8825278,0.1818073,0.2073147,1.255708,0.9307383
SLC5A12,1.522801,1.862871,0.3570538,0.3787424,0.1736036,0.05834575
PAMR1,12.69677,12.92506,2.424822,2.727909,1.488557,1.738126
C11orf96,8.529347,7.7224,1.248783,1.723773,9.318302,5.772813
MS4A15,0.3425221,0.2481204,0.0275488,0.06282776,0.3239805,0.1161443
AHNAK,13.81544,14.22098,2.683754,2.666239,13.33951,14.57778
NAALADL1,2.498125,2.263419,0.4193162,0.495855,1.582873,2.073364
SPDYC,1.133805,1.246588,0.2537492,0.3616875,0.08289309,0.7131958
TSGA10IP,9.405591,8.811938,0.548785,0.278124,0.9959633,1.970887
ACTN3,55.82707,57.3054,12.13721,10.5665,6.861416,9.090052
C11orf86,1.522773,1.604488,0.4766616,0.120786,0.2076168,0.07442893
SYT12,1.840641,1.813538,0.3814914,0.3116521,0.5059324,0.4721023
CARNS1,1.120068,1.243721,0.2217509,0.4045797,1.303922,0.9972163
SMIM38,1.212883,1.242469,0.3034928,0.2471947,0.8214706,0.7616132
MYEOV,0.2868291,0.3434327,0.05033336,0.03826339,0.1096171,0.4008277
PLEKHB1,15.33997,16.14227,1.580262,2.325124,1.581993,1.970035
MAP6,0.5467682,0.5441025,0.1368147,0.1560097,1.302503,0.9750733
DGAT2,2.212689,2.370499,0.246566,0.6258055,0.6235859,0.4694559
MTNR1B,0.7492671,0.6315791,0.1285611,0,0.04199747,0.4968397
VSTM5,0.5088772,0.4838737,0.1756936,0.05463908,4.257622,5.229899
SESN3,63.48756,67.88709,7.506166,8.660929,11.19058,10.13929
TRPC6,3.183745,2.997133,0.5597077,0.689293,1.41885,1.478745
DSCAML1,0.3263295,0.2999462,0.1161545,0.02037705,0.9223447,0.7282737
FXYD2,0.4616918,0.4864669,0.1681518,0.05113158,0.4540939,0.9609799
TMPRSS13,0.5186397,0.6327555,0.1756371,0.08011153,0.2907048,0.3126458
TMPRSS4,0.1669658,0.2535395,0.04423649,0.05044283,0.3468211,0.2753077
SCN4B,1.980378,2.487577,0.5230518,0.4568442,1.003389,1.423188
CCDC153,2.178855,2.054115,0.4919121,0.645066,1.992612,2.454087
PKNOX2,1.038614,1.480125,0.1826952,0.1535042,0.3266784,0.2162059
FEZ1,14.04685,13.95045,2.993637,2.337268,2.775238,3.278433
KIRREL3,0.2222239,0.3121983,0.066727,0.07608875,0.5106944,0.5894274
UCMA,8.81586,9.052271,1.156163,1.071177,5.287627,3.655744
NEBL,11.70321,12.85146,2.601399,2.793116,2.280191,1.759955
SKIDA1,11.282,11.13484,1.228628,1.058774,4.093259,5.456618
C10orf142,1.168577,1.171222,0.3301035,0.2509445,0,0.8247107
DEPP1,6.182372,6.6178,0.2954445,0.4331509,1.84755,2.876694
RBP3,0.1935869,0.2399706,0,0.08355066,0.114891,0.1441562
FRMPD2,0.340157,0.3643839,0.1094343,0.06655353,0.6577866,0.7689492
NEUROG3,0.3444708,0.4619435,0.04029896,0.09190573,1.421776,1.812249
COL13A1,3.662433,3.416304,0.9159002,0.9646196,0.432178,0.2413368
VSIR,0.2844103,0.2597159,0.01219996,0.0278232,0,0.05143439
DDIT4,368.0327,364.3005,23.50602,20.03312,59.47063,60.00207
P4HA1,108.6342,113.3486,25.65062,28.46136,18.72411,19.53748
MYOZ1,11.31117,11.36381,2.659731,2.481455,5.497534,6.048381
LRMDA,0.2752238,0.298048,0.009838243,0.03365562,0.2185446,0.2488652
HHEX,6.624686,7.123046,0.7228885,0.568489,1.661182,0.9107952
CYP26C1,1.272077,1.457912,0,0.0327485,0.1501088,0.06053938
CYP26A1,34.44708,33.41275,1.166549,1.426957,2.07862,1.698983
LOXL4,0.5432551,0.7011986,0.2097293,0.1195771,1.370259,1.719294
HPSE2,0.7956027,0.919797,0.07109972,0,0.353041,0.539555
SORCS3,1.435285,1.549191,0.2702961,0.4880125,0.3826269,0.7913574
ADRA2A,11.07015,11.49168,1.280341,1.145801,4.743733,5.443404
CUZD1,10.77952,12.22886,2.01651,2.653183,3.764229,4.235182
AC073585.2,12.78784,14.8555,2.591924,3.318043,5.303933,4.982627
HMX3,1.47569,1.048639,0.1324897,0.2517965,0.4905163,1.148171
CPXM2,6.458633,6.296412,1.424073,1.44672,4.127653,5.130538
LHPP,15.21312,15.95369,4.767045,3.500763,3.124612,2.644994
BNIP3,109.2363,104.1074,17.01229,19.96451,11.86311,12.37689
CALY,0.8926485,0.9576502,0.1044292,0.2619771,0.3820793,0.3522145
CACNA2D4,0.3469339,0.2620931,0.1010849,0,0.6053984,0.7813092
TEX52,1.050585,1.383702,0.2253275,0.1284704,1.177736,1.504118
PRMT8,0.7755481,0.7323651,0.08473826,0.1610449,0.6151494,0.3704837
DYRK4,2.894844,2.553983,0.6684119,0.731702,3.17921,2.805466
NTF3,1.688017,1.355961,0.06452245,0.09809985,0.3091405,0.1813489
VWF,1.701906,1.510873,0.2480532,0.0896857,0.9644828,0.9862638
ACRBP,1.99503,1.84618,0.08929882,0.07637053,2.217037,2.635355
CD4,3.398322,3.366066,0.689778,0.6921669,1.712524,2.500939
ENO2,99.99812,98.5948,21.67502,23.51035,27.53586,30.37771
CDKN1B,44.39552,44.59047,11.00468,13.33117,32.98693,44.25968
WNT10B,1.934555,2.097736,0.07251023,0.2756112,1.800224,2.139896
DDN,1.421388,0.7016074,0.2636597,0.2818603,3.746681,3.95999
C1QL4,0.9190721,0.7200855,0.03032628,0,0.5547799,0
FIGNL2,19.33263,19.01411,2.806422,2.061364,1.569268,1.350167
ANKRD33,1.352992,1.356392,0.01690411,0.01927574,1.634547,2.898185
ACVRL1,0.3938901,0.2386404,0.05068847,0.04335001,0.2152614,0.1958917
SMIM41,0.5496733,0.6515658,0.08841965,0.1512373,4.274882,4.721788
KRT7,15.66105,15.05982,1.666375,1.774684,3.225078,3.468492
NFE2,3.452526,3.158564,0.6917163,0.6067412,9.142901,11.51541
RDH16,1.269255,1.352225,0.1814849,0.1034735,0.9248658,0.4335743
GPR182,0.8306739,0.9959731,0.1105829,0.1681301,1.348647,1.010126
NDUFA4L2,2.489618,2.696591,0.2464469,0.2043805,1.697979,3.022568
ARHGEF25,10.04128,9.669344,2.706721,2.283143,2.785878,4.767775
AC025165.6,6.10456,5.669567,1.579252,1.177459,4.100739,4.893948
MYF6,0.8822071,0.8908165,0,0,0,0
WSCD2,1.645319,1.794706,0.4104036,0.3509872,0.1218799,0.3801286
FOXN4,0.6769679,1.018993,0.05333685,0.2838265,0.6737174,0.7245664
SDS,0.3739105,0.3939751,0,0.04771146,0.4647254,0.646801
LHX5,23.42929,22.97243,0.02052444,0,0.7509362,0.2307467
LRRC43,1.358476,1.877517,0.1816291,0.2847783,3.144669,3.701072
TMEM132C,1.23439,1.300629,0.1524957,0.1014363,0.3321086,0.2500222
GALNT9,1.816118,1.677947,0.4447475,0.3480408,1.162297,0.8088377
P2RX2,2.992971,3.596643,0.6684526,1.016314,2.079672,2.773429
CRYL1,2.958003,3.140526,0.3196349,0.679257,2.107308,1.776335
TNFRSF19,2.216647,2.295326,0.2950896,0.518756,0.5944536,0.5356466
ARL11,0.5806095,0.8393998,0.208512,0.1585107,0.4768071,0.9523323
SLITRK1,2.551349,2.479943,0.3755748,0.3868223,1.678086,2.060128
SOX21,30.65794,30.36667,2.902517,2.525207,14.38416,12.87137
F7,0.8753493,0.5289787,0.2153525,0.1511177,1.103953,1.001035
F10,4.553496,4.689295,1.325735,0.6651634,6.721438,5.328402
ANG,10.0779,9.286863,2.373975,2.055346,2.872275,2.656592
RNASE4,6.894649,6.762794,1.400922,1.564189,1.25852,1.394523
AL163636.3,10.664,10.6521,2.056377,2.153465,3.01608,2.300092
RNASE1,5.503204,7.509552,1.160967,0.8605024,2.123839,3.670934
CMTM5,0.5036311,0.3537711,0,0,0.02822923,0.3035984
NFATC4,15.0025,14.44094,4.142907,3.653571,6.523471,7.392803
PTGDR,0.4487736,0.388417,0.0825018,0.1175959,0.0808534,0
OTX2,70.48409,73.32302,9.570257,9.472022,21.05276,20.81368
DPF3,0.1701921,0.2465717,0.01825123,0.02081186,0.1073194,0.4360288
PAPLN,15.70454,17.12224,2.514981,1.750494,2.5821,4.842511
SYNDIG1L,2.551311,2.72608,0.6936341,0.6591253,2.326342,2.631893
C14orf178,11.58852,11.99103,1.339482,1.731065,4.084016,5.521696
COX8C,1.982931,1.519519,0,0.6613143,3.789071,6.357082
IFI27L2,12.19781,10.57107,1.530455,1.700428,2.974113,2.205921
TCL1B,3.26032,3.352162,0.6767101,0.6944868,1.105316,0.4279463
DLK1,2.02969,2.266138,0.3714232,0.2869098,1.33076,1.532226
GPR132,0.2096662,0.1595513,0.05995839,0,0.7442985,1.327103
GOLGA8R,0.176322,0.2206182,0.0567258,0.04851329,0.1482464,0.378659
GOLGA8O,0.2005877,0.4899512,0.08213225,0.01337933,0.3986233,0.5771089
BMF,27.33643,26.71492,7.640451,7.054149,3.302773,3.665587
STRC,0.2833935,0.304954,0.07759364,0.04423998,0.9733544,0.8396358
PATL2,0.4607734,0.3883993,0.05270708,0.1051782,2.031723,1.814718
DUOXA1,0.2363182,0.373499,0,0.01926538,0.06622982,0.02374285
SEMA6D,2.232233,2.400141,0.3232582,0.2513257,0.3935993,0.4439555
GLDN,0.659608,0.6515658,0.07957768,0.08065988,0.06932241,0.2360894
ONECUT1,6.228458,6.705903,1.193535,0.8682158,1.08902,0.5494584
FOXB1,3.71201,3.440145,0.3138088,0.8349506,1.936356,2.303004
SPESP1,0.2500433,0.1646631,0,0,1.103703,0.3391445
CT62,0.3764444,0.396645,0.04403949,0.1004364,0.5179149,0.9902306
CCDC33,1.236941,1.303317,0.2682775,0.275325,0.5375199,1.168746
CPLX3,0.1220085,0.3342448,0.03140178,0.03580743,0.6565199,0.2647766
RASGRF1,0.4920155,0.7050482,0.1076371,0.0866389,1.274111,1.877454
HAPLN3,43.95868,45.16364,12.0595,10.86282,11.32902,9.526649
PLIN1,0.1673462,0.2170169,0,0.09444858,0.3246919,0.3026384
MESP2,0.7291375,0.7113557,0.034752,0.1981384,0.1816408,0.2930253
ARRDC4,25.29203,26.95336,6.144251,5.31207,14.54055,15.18127
CERS3,0.1523656,0.2307788,0.02450931,0,0.3843137,0.4477633
NHLRC4,0.6992206,0.8104161,0.059987,0,0.9798074,0.6744056
MSLN,0.3775287,0.4176769,0.02429149,0.08309869,1.777525,1.502038
TPSD1,0.5554895,0.5202648,0.07942687,0,0,1.004579
MEIOB,5.112195,5.811186,0.3275712,0.1245097,8.382353,9.436993
PRSS27,1.32033,1.486825,0.3504375,0.3269484,0.8186953,0.9551042
PRSS33,0.323831,0.2193482,0.05953255,0,1.127966,1.380424
CLDN9,2.870029,2.471258,0.7942687,0.4981372,10.48244,13.4502
NLRC3,0.4235952,0.5232788,0.07518777,0.07501948,1.768452,3.077423
TMEM114,1.101671,1.850006,0.1329099,0.101038,0.6367989,0.5603412
ACSM1,0.4424095,0.4302922,0.02189703,0.04993833,1.05867,0.8923953
SCNN1G,12.29384,12.83512,0.5243384,0.4741987,4.394407,2.998263
SCNN1B,0.780427,0.809043,0.0161985,0.0554134,0.9948239,0.4780443
CHP2,9.93436,10.31044,0.894895,1.239115,0.8770148,0.7635492
CD19,1.020412,1.324761,0.3517328,0.2139096,1.072416,0.9556385
MVP,7.278909,7.594068,1.832451,1.319096,8.240121,9.221709
TBX6,4.998904,5.053841,1.482981,0.9826325,1.885428,2.027731
PYDC1,6.695193,6.635982,0.5841242,0.6660764,3.148493,1.846978
COX6A2,2.272196,2.611773,0,0,0.1736724,0
AC007906.2,10.32228,11.05789,2.282591,2.78359,5.343908,8.331273
IRX3,5.892226,6.085647,0.8567819,1.025837,0.1399439,0.752531
MT1E,71.37439,71.68153,19.72044,13.28789,32.40592,37.20321
MT1X,428.1287,417.9295,21.40442,30.38477,33.344,36.52568
ADGRG3,1.296695,1.191521,0.0582096,0,0.4310185,0.5726203
CMTM1,1.567272,2.283816,0.5578586,0.4403947,1.513973,1.38702
TRADD,1.213999,0.9712019,0.1446534,0,0.1134106,0.4472243
AC074143.1,0.6079171,0.2049724,0,0,0.2453371,0.08795135
HSF4,0.4918494,0.3200911,0,0,0.4135327,0.2877757
KCTD19,0.5428024,0.4673087,0.09370326,0.09713614,0.6678622,0.6703848
LDHD,32.45079,29.45718,2.425112,1.093986,0.9750392,1.572946
BCO1,0.254344,0.4211311,0.04675818,0,0.3971408,2.037011
TRPV3,0.5294821,0.4263159,0.09642081,0.1685878,1.436314,2.005426
AC055839.2,13.33152,12.14868,3.748026,2.907994,4.64507,5.10426
AIPL1,0.980722,0.8395961,0.06310301,0.2518471,0.5359657,0.7094375
PITPNM3,3.58918,3.415179,0.9249386,0.7255307,1.886049,1.978724
SLC16A11,1.033059,0.8466069,0.02954247,0,0.8878676,1.245495
ASGR2,0.2942905,0.2067217,0,0,1.418604,2.377212
ASGR1,6.947233,5.479724,1.660558,1.664014,9.994412,11.6209
TMEM256,146.4834,144.7746,32.51709,32.56522,22.78442,27.28562
FGF11,24.05106,23.47728,4.195216,4.515683,9.184946,10.86948
KDM6B,7.350044,8.517486,2.555191,1.708702,4.832846,4.34554
TMEM88,5.645393,4.181502,0.4315769,0.08202113,0.7519181,1.718423
KCNAB3,1.503966,1.753253,0.2607994,0.2191289,2.152325,1.755369
GUCY2D,0.8016525,1.190217,0.0625225,0.2495302,0.428913,0.08786388
ALOX12B,2.134838,2.455592,0.3205132,0.4960098,0.7179641,1.093883
HES7,0.9614532,0.7940092,0.1671978,0.1906555,0.6991239,1.597767
MFSD6L,6.907738,7.004621,1.28185,1.55702,2.075524,2.42798
TBC1D26,0.8314906,0.8490135,0.176498,0.2641544,0.7495432,0.7286042
PLD6,0.7958856,0.8585606,0.2194714,0.1668421,3.250194,3.735391
RHBDL3,8.357419,7.919031,1.400434,1.072927,1.02934,0.5996412
TMEM132E,0.8548139,0.8585965,0.226175,0.01172305,0.0134337,0.07223805
GAS2L2,0.2269181,0.2732512,0,0.09513798,0.9539306,0.08793676
C17orf50,0.1365859,0.3837741,0,0,0,0.2470097
RDM1,4.007118,4.534898,1.241412,1.052611,1.663738,2.281369
SRCIN1,1.147493,1.111991,0.3772521,0.2089447,0.6760495,0.9770065
ARL5C,0.6717537,0.7228606,0.1103564,0,1.682356,1.73179
PPP1R1B,8.581129,8.237152,1.383807,1.562175,1.79013,2.022475
TCAP,0.915979,0.9651319,0.2619432,0.2240202,0.1711397,2.300707
KLHL10,0.5252926,0.9519867,0.1622358,0.2158302,2.755901,3.153898
C17orf113,2.06768,2.068324,0.522062,0.2880517,1.672429,0.8046618
TMEM101,28.95006,29.84081,6.600035,7.005347,9.193744,9.975147
PRR15L,3.878686,3.715293,0,0,0.1078045,0
COPZ2,0.1309009,0.4137757,0.06738089,0,2.597361,2.793398
TTLL6,4.035076,4.493976,0.9127156,0.7454155,1.112055,0.9359908
MYCBPAP,0.9373027,1.256227,0.3666803,0.2200659,1.147411,1.491663
WFIKKN2,0.2442611,0.2167314,0.04963135,0.05659458,0.6269117,0.7904744
NOG,0.715035,0.8341269,0.09858814,0,1.245303,1.016015
OR4D1,0.9716901,1.076069,0.1786339,0.2909944,1.433864,2.097953
FAM20A,14.79556,15.48958,1.596832,1.496126,6.033775,7.375363
DNAI2,0.1876307,0.1976993,0,0.05006038,1.003892,1.079661
KIF19,0.5197044,0.4745802,0.07802564,0.1016829,0.3349969,0.5482535
GPR142,0.7595183,0.4161431,0.234576,0.04458114,0.5108648,0.1648267
GPRC5C,5.362461,5.206127,1.259998,1.351139,3.336475,2.990247
CD300A,3.834383,3.392195,0.04655044,0.07962214,1.125302,0.4906357
RAB37,7.454971,7.926057,1.289058,1.116568,0.8098093,1.254139
FADS6,1.299079,1.801039,0.3739427,0.07524822,0.1437142,0.3709467
USH1G,2.388392,2.227297,0.4062733,0.2417077,1.477216,0.9929434
OTOP2,0.3906875,0.377348,0,0.07166258,0.4653449,0.5004669
NPTX1,72.58242,73.30236,0.4567215,0.6739753,6.248793,6.09117
BAHCC1,0.5293864,0.5348711,0.08865591,0.05852825,0.9755458,1.390158
SLC16A3,16.28769,14.87272,1.5935,0.9563509,1.442939,2.278659
TEX19,1.186591,1.010853,0.03248908,0.3334254,0.3396261,0.2282872
ADCYAP1,0.4032166,0.4514072,0,0,0.06356491,0.2506625
GREB1L,5.655989,5.555381,0.06541147,0.1627389,3.053707,3.125409
SKOR2,0.8553166,0.9012142,0.1595188,0.218279,0.9796782,0.8518628
RAX,0.4774252,0.5846194,0.1162347,0.05680386,0.2169758,0.2333522
CCBE1,4.080061,4.337115,0.9774869,0.9235485,1.119137,0.484058
EBF4,2.773155,3.171234,0.253698,0.3664361,0.8840146,0.4515996
OXT,1.428427,1.003386,0,0,1.601307,0.8610832
SPTLC3,0.5843704,0.5734727,0.1327072,0.109291,0.5298567,0.4973217
MACROD2,0.8592313,0.7702138,0.1595314,0.2446423,0.3019055,0.3942688
CST11,0.3340322,0.6159246,0,0,0,0
SYNDIG1,6.73057,5.281538,0.9103529,1.097393,1.155565,0.5482859
COX4I2,1.752546,1.461884,0,0.1071547,3.560934,6.074691
DUSP15,3.608183,4.100516,0.7959868,0.8131148,2.5136,3.099491
HCK,29.48196,29.28274,1.667219,1.85476,2.417653,3.771611
C20orf203,0.6414067,0.5648691,0.03695848,0.1264312,0.8370854,1.125331
SPAG4,7.011583,6.379407,0.9103308,0.9464568,2.763892,3.875534
GHRH,0.9427621,1.083657,0.1102919,0,7.92647,9.919678
SLC32A1,0.3256814,0.4239011,0.1232674,0.02811234,0.483218,1.628359
WFDC5,0.2807599,0.8874776,0,0,1.180274,0.7616132
TNNC2,11.07394,8.629593,1.929782,3.470065,9.116674,7.927252
SLC12A5,0.597698,0.7511035,0.112904,0.2092096,0.5347996,0.5553305
CTCFL,1.160021,0.9685911,0.1760371,0.1284704,1.232942,1.266626
NKAIN4,6.71223,5.880438,1.674172,1.549379,3.011953,2.693718
MADCAM1,6.428893,6.211005,0.4741054,0.4324975,1.177069,1.798924
AZU1,2.467284,1.906433,0.5644568,0.1609124,3.595662,5.800569
PRTN3,1.941732,1.534446,0.6246884,0.2590297,1.409931,2.314424
APC2,1.65036,1.714429,0.2791845,0.3240388,1.843586,2.108841
ADAMTSL5,0.7555162,0.9524269,0.173616,0.1781768,0.5898435,0.5123695
ATP8B3,6.64457,7.052499,1.156225,1.430868,2.365798,3.136361
LINGO3,1.460553,0.9187631,0.1683169,0.2878975,1.612883,1.813462
TLE6,1.635278,1.983656,0.3006268,0.5242892,1.109159,1.192873
SMIM24,13.1614,13.34632,1.315906,2.12978,3.217103,3.877491
TJP3,19.41025,20.02332,3.806238,2.875416,5.512391,5.326681
TMIGD2,1.316145,1.590709,0.1494446,0.1136077,0.260371,0.5600452
FUT5,0.3678631,0.2067217,0.03155942,0,1.154677,1.153125
AC104532.1,7.075148,5.502361,0.5419515,1.235974,0.7081643,4.569679
PET100,2.889595,2.68786,0.7553261,0.7287903,0.7971757,0.816517
PCP2,1.586111,2.072318,0.2449339,0.6516952,2.347059,2.524204
FCER2,0.4584255,0.4830253,0.1025971,0.02924785,0.3016416,0.6848615
CLEC4G,1.587558,1.173859,0,0,0.1405024,0.8059032
PRAM1,0.3117279,0.4223002,0.1528201,0,1.297978,1.79862
RDH8,0.4150363,0.3344118,0,0,0.862113,0.8388783
ICAM4,4.51518,4.149374,0.6116256,0.6476192,0.5708621,2.333003
ICAM5,5.027992,4.722238,0.7189293,0.5465296,1.189932,0.9429681
C19orf38,0.6924927,0.2984944,0.1620267,0,1.693754,3.244708
NFIX,0.2713151,0.3267134,0.09975622,0.03412558,0.8212099,1.289739
C19orf67,0.5410343,0.570067,0.08191058,0,0.695708,0.2877757
PTGER1,1.590376,1.384289,0.2224571,0.5580688,1.046459,1.125441
CCDC194,1.434867,1.336066,0.04294151,0,0.3927796,0.7241568
BST2,161.2434,168.8674,12.61895,9.96188,8.953358,12.83882
IQCN,0.3148657,0.2755311,0.02747056,0.1252986,5.285625,6.147818
COMP,0.4423875,0.482774,0.1219917,0.06955349,0.6907579,0.7143203
SLC25A42,7.559216,7.060259,1.872787,1.720721,2.728846,2.499319
ZNF723,0.3929133,0.3863978,0,0,0.7928402,1.089536
HPN,25.03315,26.4983,4.724278,4.962909,4.27748,5.881096
FXYD3,0.3663184,0.3550975,0.07542456,0.08600656,1.798661,1.934415
LGI4,6.596989,5.747064,0.901658,0.8225279,5.76407,4.932
FXYD1,12.42865,12.69471,1.501481,1.637697,2.217885,3.394438
UPK1A,15.4496,14.62064,1.518734,1.311978,4.690681,4.397954
NPHS1,1.771888,2.09327,0.5412565,0.3414267,1.143648,2.217175
ERFL,0.5877312,0.6440405,0.09075992,0.06899564,0.6325086,1.020371
CNFN,30.28359,26.11472,1.640884,4.093028,7.772478,8.503232
ETHE1,13.97972,17.57875,3.874783,3.110922,5.114817,4.000625
ZNF575,4.472813,4.872588,0.9950915,1.023457,2.728037,2.495217
KCNN4,1.047653,0.9375351,0.3508993,0.1474164,3.185491,3.763318
CEACAM16,0.2015118,0.3336539,0.03704559,0,0.1936289,1.093276
TRAPPC6A,83.67185,77.95535,22.97688,18.51708,17.25704,15.62409
GIPR,0.8577327,0.7717501,0.099217,0.05656853,0.6644366,1.655746
PPP5D1,0.454001,0.5415434,0.1543274,0.0879897,1.397206,1.471678
DACT3,2.037743,2.128258,0.3335391,0.1704947,1.638132,1.761771
CRX,0.2283195,0.2147959,0.01049347,0,0.479911,1.150238
SULT2B1,1.454141,1.25857,0.2673269,0.177819,4.570194,5.29081
HSD17B14,27.10595,26.33861,3.731277,5.092834,5.90986,9.216068
DHDH,3.673099,2.805897,1.122614,0.6063705,9.882353,7.556005
AC008687.4,0.4729429,0.7621391,0,0.04082373,2.947189,2.414956
CGB2,0.5118393,0.2996141,0.07318553,0,0.4781552,0.2056976
HRC,10.64563,9.531449,1.940174,1.322031,1.66953,1.263527
DKKL1,5.124874,4.428681,1.043819,0.486927,1.859933,2.933792
PTH2,3.981348,3.061211,0.1384722,0,0,0.5837916
GFY,4.426907,4.883965,0.7707498,0.6113985,1.707748,1.083147
SLC17A7,2.128975,2.406518,0.5143517,0.538636,1.426498,1.298138
FLT3LG,1.253061,1.392648,0.3313407,0.352639,1.933891,2.607575
TSKS,0.660444,0.5219133,0,0.06057158,2.984642,3.732452
ASPDH,1.45307,0.9492473,0.2243892,0.08529027,1.710379,0.6306756
C19orf81,18.42961,19.76636,2.053068,4.117128,2.867746,4.576541
KLK8,2.226508,2.815184,0.3370851,0.7303179,0.6166535,0.6631956
AC011473.4,1.693274,2.183571,0.1300908,0.556284,0.1699887,0.6855701
KLK9,0.3046916,0.2140279,0,0,0.1707839,0.3673478
KLK10,5.299398,5.258503,0.9269396,0.9626145,1.341,0.8141521
KLK11,0.4080172,0.3472367,0.1413635,0.0230281,0.3958258,0.454081
CLDND2,2.704621,1.914679,0.4894441,0.5581126,3.766258,3.209844
NKG7,0.4243406,0.782445,0,0,1.516287,1.534804
SPACA6,2.11935,2.258169,0.628204,0.4717365,1.781888,3.789689
CACNG6,6.617327,6.527965,1.051731,0.8124209,3.546554,2.145505
TMC4,6.988005,6.690572,1.683554,1.732462,4.211982,6.001373
CDC42EP5,12.90534,13.92818,2.823944,2.606781,1.757156,4.34649
TNNI3,24.30602,26.57197,4.54344,3.242456,1.938574,2.302064
AC010327.2,46.29687,52.47678,11.79953,7.646557,4.21267,8.245733
TMEM150B,1.054569,0.9309712,0.440138,0,3.498679,4.484364
KMT5C,21.56208,19.93851,4.922953,4.668026,6.191989,5.734425
COX6B2,5.607499,4.787608,0.9801746,0.7708222,1.612026,2.541168
AC020922.1,2.635911,2.457541,0.4728341,0.5391723,1.504328,2.109006
TMEM190,3.956626,3.743542,0.3117341,0,4.888089,3.358651
SBK3,3.181822,3.860528,0.4135945,0.4244594,1.026838,1.162462
SRY,21.24009,20.14188,1.062958,1.038934,0.7936914,1.280393
AC007244.1,8.505057,6.994303,1.468217,2.283009,4.534657,1.875735
AC007326.4,192.9794,194.6378,44.44716,50.68306,156.1729,200.0382
VPREB3,3.446364,2.087998,0.2217509,0.1264312,0,0.3116301
MMP11,7.590168,7.667572,1.355247,2.046594,0.4148035,0.3603204
CRYBA4,8.876731,8.84406,1.942719,2.392503,3.046244,6.443116
EMID1,4.347787,4.528074,1.178583,1.21102,1.506199,1.437871
PIK3IP1,3.904068,3.96472,0.9254776,0.6407308,2.332251,1.439938
SYN3,18.38493,19.19461,4.876233,3.948562,1.709885,1.986401
MB,1.509479,1.71097,0.02943182,0.03356108,0.538417,0.2481661
PVALB,4.140807,4.068873,0.2394909,0.7510011,1.721176,0
TMPRSS6,0.9003953,0.3892151,0.193115,0.05081744,0.5240951,0.7932871
SSTR3,0.3655821,0.4732455,0.1612992,0,0.73769,0.188897
ELFN2,1.333697,1.575068,0.2431415,0.277254,0.4018113,0.3718398
MFNG,3.526248,3.579746,0.5594568,0.7797144,1.001793,0.9318089
LGALS1,42.16766,42.74199,11.96052,10.8168,11.16338,10.43275
H1-0,328.6062,317.3626,42.61718,45.04871,48.53826,48.84722
GALR3,1.362921,1.077043,0.4384751,0.0624991,1.002667,1.848589
SOX10,4.518262,4.433262,0.9998322,1.262889,2.432051,2.507528
APOBEC3G,1.799579,1.656735,0.2339214,0.4667956,0.9934063,1.660104
APOBEC3H,1.093415,1.110943,0.2512645,0.2865167,2.626604,2.612985
CBX7,5.776953,5.425178,1.549138,1.507269,3.652447,3.88079
TEF,14.72216,14.53787,2.887949,3.323618,5.066492,6.106512
UPK3A,1.667465,2.231793,0.05799481,0.1322629,0.1515628,0.8965115
ODF3B,0.5095407,0.469773,0.05464265,0.06230897,0.9996165,0.6527168
OLIG2,0.5241654,0.6785313,0.115634,0,0,0.5687584
OLIG1,1.203574,1.245514,0.1659473,0.1576913,0.397544,0.3886808
TMPRSS2,5.221854,4.743529,1.056907,0.8778542,3.836257,3.942431
TFF3,1.254766,1.057679,0,0.0613754,0.5626511,0.3781984
CRYAA,0.1341357,0.3392007,0.03452299,0,0.1804438,0.2910943
KRTAP12-1,1.329312,1.488185,0,0,3.073529,5.108508
KRTAP10-12,0.7274671,0.7665041,0.07201188,0,0.3763897,0.2023989
ITGB2,0.1493517,0.179847,0.04576093,0.03130869,0.3109366,0.5530538
AC007325.4,6.242451,6.15308,1.451161,1.891152,11.03872,13.40138
