TE,DUX4_NC,DUX4_sh161
MLT2A1_dup1,0,0.090357977
MLT2A1_dup2,0,0.021810546
MLT2A1_dup3,0,0
MLT2A1_dup4,0,0
MLT2A1_dup5,0,0
MLT2A1_dup6,0,0
MLT2A1_dup7,0,0
MLT2A1_dup8,0.250998568,0.039977796
MLT2A1_dup9,0.400816129,0.212998135
MLT2A1_dup10,0.019453108,0
MLT2A1_dup11,0,0
MLT2A1_dup12,0.145606253,0.058930936
MLT2A1_dup13,0.046045921,0
MLT2A1_dup14,0,0
MLT2A1_dup15,0,0
MLT2A1_dup16,0.026007416,0
MLT2A1_dup17,0,0
MLT2A1_dup18,0,0
MLT2A1_dup19,0,0
MLT2A1_dup20,0.152257858,0.020248781
MLT2A1_dup21,0,0
MLT2A1_dup22,0.021411027,0.019116299
MLT2A1_dup23,0,0.019461718
MLT2A1_dup24,0,0
MLT2A1_dup25,0,0
MLT2A1_dup26,0,0.185760558
MLT2A1_dup27,0,0
MLT2A1_dup28,0,0
MLT2A1_dup29,0,0
MLT2A1_dup30,0,0
MLT2A1_dup31,0,0
MLT2A1_dup32,0,0
MLT2A1_dup33,0,0
MLT2A1_dup34,0,0
MLT2A1_dup35,0,0
MLT2A1_dup36,0.097472526,0.071030067
MLT2A1_dup37,0,0
MLT2A1_dup38,0.230143463,0.612804685
MLT2A1_dup39,0.389623123,0.889353334
MLT2A1_dup40,0,0
MLT2A1_dup41,0,0
MLT2A1_dup42,0,0
MLT2A1_dup43,0,0.02007955
MLT2A1_dup44,0.17102435,0
MLT2A1_dup45,0,0
MLT2A1_dup46,0.545505235,0.040845229
MLT2A1_dup47,0,0
MLT2A1_dup48,0,0
MLT2A1_dup49,0.044853022,0
MLT2A1_dup50,0,0
MLT2A1_dup51,0,0
MLT2A1_dup52,0,0
MLT2A1_dup53,0,0
MLT2A1_dup54,0,0
MLT2A1_dup55,0,0
MLT2A1_dup56,0,0
MLT2A1_dup57,0,0
MLT2A1_dup58,0,0
MLT2A1_dup59,0,0
MLT2A1_dup60,0,0
MLT2A1_dup61,0,0
MLT2A1_dup62,0,0
MLT2A1_dup63,0,0
MLT2A1_dup64,0,0
MLT2A1_dup65,0,0
MLT2A1_dup66,0,0
MLT2A1_dup67,0,0
MLT2A1_dup68,0,0
MLT2A1_dup69,0,0
MLT2A1_dup70,0,0
MLT2A1_dup71,0,0
MLT2A1_dup72,0,0
MLT2A1_dup73,1.950469833,0.495092926
MLT2A1_dup74,0.136936411,0.170665452
MLT2A1_dup75,0,0
MLT2A1_dup76,0,0
MLT2A1_dup77,0,0
MLT2A1_dup78,0,0
MLT2A1_dup79,0,0
MLT2A1_dup80,0.388464759,0.040023352
MLT2A1_dup81,0,0
MLT2A1_dup82,0.131493162,0.021632875
MLT2A1_dup83,0.102993967,0.259990133
MLT2A1_dup84,0,0
MLT2A1_dup85,0.076424999,0
MLT2A1_dup86,0,0.040159101
MLT2A1_dup87,0,0
MLT2A1_dup88,0,0
MLT2A1_dup89,0.372526496,0.261560014
MLT2A1_dup90,0,0
MLT2A1_dup91,0,0
MLT2A1_dup92,0,0
MLT2A1_dup93,0,0
MLT2A1_dup94,0,0.021578247
MLT2A1_dup95,0,0
MLT2A1_dup96,0,0
MLT2A1_dup97,0,0
MLT2A1_dup98,0.045902777,0.061474717
MLT2A1_dup99,0,0
MLT2A1_dup100,0.044618784,0.019918381
MLT2A1_dup101,0,0
MLT2A1_dup102,0,0
MLT2A1_dup103,0,0.042093525
MLT2A1_dup104,0,0
MLT2A1_dup105,0,0
MLT2A1_dup106,3.594775946,0.390040817
MLT2A1_dup107,1.330325454,0.413467048
MLT2A1_dup108,5.534573719,0.491598594
MLT2A1_dup109,0.0224665,0
MLT2A1_dup110,0.019279807,0
MLT2A1_dup111,0,0
MLT2A1_dup112,0,0
MLT2A1_dup113,0,0
MLT2A1_dup114,0.039259107,0
MLT2A1_dup115,0,0
MLT2A1_dup116,0,0
MLT2A1_dup117,0.019764003,0
MLT2A1_dup118,0,0
MLT2A1_dup119,0,0
MLT2A1_dup120,0,0
MLT2A1_dup121,0.611010899,0.039817088
MLT2A1_dup122,0,0
MLT2A1_dup123,0,0
MLT2A1_dup124,0.072505523,0.021578247
MLT2A1_dup125,0,0
MLT2A1_dup126,0,0
MLT2A1_dup127,0.092524682,0
MLT2A1_dup128,0,0
MLT2A1_dup129,0.165829464,0.042301909
MLT2A1_dup130,0,0
MLT2A1_dup131,0,0
MLT2A1_dup132,0,0
MLT2A1_dup133,0,0
MLT2A1_dup134,0,0
MLT2A1_dup135,0,0
MLT2A1_dup136,0.398204104,0.079105593
MLT2A1_dup137,0,0
MLT2A1_dup138,0,0
MLT2A1_dup139,0.112862371,0
MLT2A1_dup140,0,0
MLT2A1_dup141,0.022361517,0
MLT2A1_dup142,1.068873101,0.13950115
MLT2A1_dup143,0.039795131,0.017765043
MLT2A1_dup144,0,0
MLT2A1_dup145,0,0
MLT2A1_dup146,0.081976266,0.056220876
MLT2A1_dup147,0.043610243,0
MLT2A1_dup148,0,0
MLT2A1_dup149,0,0.149912029
MLT2A1_dup150,0.020611031,0.020345204
MLT2A1_dup151,0.529997951,0
MLT2A1_dup152,0.296834238,0.019598591
MLT2A1_dup153,0,0
MLT2A1_dup154,0,0
MLT2A1_dup155,0,0
MLT2A1_dup156,0,0
MLT2A1_dup157,0.04821526,0.021523893
MLT2A1_dup158,0,0
MLT2A1_dup159,0,0
MLT2A1_dup160,0,0.020296878
MLT2A1_dup161,0.943813745,0.166057876
MLT2A1_dup162,0.055969176,0
MLT2A1_dup163,0,0
MLT2A1_dup164,0,0.227053378
MLT2A1_dup165,0.200408065,0.020995051
MLT2A1_dup166,0,0
MLT2A1_dup167,0,0
MLT2A1_dup168,0,0
MLT2A1_dup169,0,0
MLT2A1_dup170,0,0
MLT2A1_dup171,0,0.192501777
MLT2A1_dup172,0,0
MLT2A1_dup173,0,0
MLT2A1_dup174,0,0
MLT2A1_dup175,0.272050183,0
MLT2A1_dup176,0.066822335,0
MLT2A1_dup177,0,0
MLT2A1_dup178,0,0
MLT2A1_dup179,0,0
MLT2A1_dup180,0,0
MLT2A1_dup181,0,0
MLT2A1_dup182,0,0.393559188
MLT2A1_dup183,0,1.610014862
MLT2A1_dup184,0,0.045178988
MLT2A1_dup185,0,0
MLT2A1_dup186,0,0
MLT2A1_dup187,0,0
MLT2A1_dup188,0,0.042512366
MLT2A1_dup189,0,0
MLT2A1_dup190,0,0
MLT2A1_dup191,0,0
MLT2A1_dup192,0,0
MLT2A1_dup193,0.030971854,0
MLT2A1_dup194,0,0
MLT2A1_dup195,0,0
MLT2A1_dup196,0,0
MLT2A1_dup197,0,0
MLT2A1_dup198,0,0
MLT2A1_dup199,0,0
MLT2A1_dup200,0,0
MLT2A1_dup201,0,0
MLT2A1_dup202,0,0
MLT2A1_dup203,0,0
MLT2A1_dup204,0,0
MLT2A1_dup205,0,0
MLT2A1_dup206,0,0
MLT2A1_dup207,0,0
MLT2A1_dup208,0,0
MLT2A1_dup209,0,0
MLT2A1_dup210,0,0
MLT2A1_dup211,0,0
MLT2A1_dup212,0,0
MLT2A1_dup213,0,0
MLT2A1_dup214,0,0
MLT2A1_dup215,0,0
MLT2A1_dup216,0,0
MLT2A1_dup217,0,0
MLT2A1_dup218,0,0
MLT2A1_dup219,0,0
MLT2A1_dup220,0,0
MLT2A1_dup221,0,0.081770198
MLT2A1_dup222,0,0
MLT2A1_dup223,0,0
MLT2A1_dup224,0,0
MLT2A1_dup225,0,0
MLT2A1_dup226,0,0
MLT2A1_dup227,0,0
MLT2A1_dup228,0,0
MLT2A1_dup229,0.0539196,0.072211146
MLT2A1_dup230,0,0
MLT2A1_dup231,0.172986931,0.159018816
MLT2A1_dup232,0.433984816,0.21083528
MLT2A1_dup233,0.128993463,0.20185693
MLT2A1_dup234,0,0
MLT2A1_dup235,0,0.135634693
MLT2A1_dup236,0,0.081991498
MLT2A1_dup237,0.196741663,0.222884521
MLT2A1_dup238,2.731011296,0.383422909
MLT2A1_dup239,0,0
MLT2A1,0,0
MLT2A1_dup240,0,0
MLT2A1_dup241,0,0
MLT2A1_dup242,0,0
MLT2A1_dup243,0,0
MLT2A1_dup244,0,0
MLT2A1_dup245,0.060008918,0.057220886
MLT2A1_dup246,0,0
MLT2A1_dup247,0,0
MLT2A1_dup248,0.023689923,0.065755557
MLT2A1_dup249,0,0
MLT2A1_dup250,0,0
MLT2A1_dup251,0.166083646,0.133611102
MLT2A1_dup252,0.270519787,0.276721304
MLT2A1_dup253,0.558492464,0
MLT2A1_dup254,1.167769728,0.457424245
MLT2A1_dup255,0,0
MLT2A1_dup256,0,0
MLT2A1_dup257,0,0
MLT2A1_dup258,0,0
MLT2A1_dup259,0,0
MLT2A1_dup260,0,0
MLT2A1_dup261,0,0.12130249
MLT2A1_dup262,1.869473054,0
MLT2A1_dup263,0.24223923,0.09076326
MLT2A1_dup264,0,0
MLT2A1_dup265,0,0
MLT2A1_dup266,0,0
MLT2A1_dup267,0,0.057076411
MLT2A1_dup268,0.060961441,0.019376385
MLT2A1_dup269,0,0
MLT2A1_dup270,0,0
MLT2A1_dup2588,0,0
MLT2A1_dup2589,0,0.019634328
MLT2A1_dup2590,0,0
MLT2A1_dup2591,1.169249509,0.416790112
MLT2A1_dup2592,0,0
MLT2A1_dup2593,0,0
MLT2A1_dup2594,0.39916158,0.156163028
MLT2A1_dup2595,0.527137166,0.508726531
MLT2A1_dup2596,0.113474455,0.106687732
MLT2A1_dup2597,0.18745495,0.059670794
MLT2A1_dup2598,0.772216365,0.79224439
MLT2A1_dup2599,0.732500588,1.389555964
MLT2A1_dup2600,0,0
MLT2A1_dup2601,0,0
MLT2A1_dup2602,0,0
MLT2A1_dup2603,0,0.048125444
MLT2A1_dup2604,0,0
MLT2A1_dup2605,0,0
MLT2A1_dup2606,0,0
MLT2A1_dup2607,0,0
MLT2A1_dup2608,0,0
MLT2A1_dup2609,0,0
MLT2A1_dup2610,0,0
MLT2A1_dup2611,0,0
MLT2A1_dup2612,0,0
MLT2A1_dup2613,0,0
MLT2A1_dup2614,0.022083248,0.044387927
MLT2A1_dup2615,0,0
MLT2A1_dup2616,0,0
MLT2A1_dup2617,0,0
MLT2A1_dup2618,0,0
MLT2A1_dup2619,0,0
MLT2A1_dup2620,0,0.0195091
MLT2A1_dup2621,0.041702523,0
MLT2A1_dup2622,0,0
MLT2A1_dup2623,0,0
MLT2A1_dup2624,0,0
MLT2A1_dup2625,0,0
MLT2A1_dup2626,0,0.058261266
MLT2A1_dup2627,0,0
MLT2A1_dup2628,0.275576924,0
MLT2A1_dup2629,0.020450276,0
MLT2A1_dup2630,0,0
MLT2A1_dup2631,0,0
MLT2A1_dup2632,0,0
MLT2A1_dup2633,0,0
MLT2A1_dup2634,0,0
MLT2A1_dup2635,0,0
MLT2A1_dup2636,0,0
MLT2A1_dup2637,0,0
MLT2A1_dup2638,0,0
MLT2A1_dup2639,0.152527985,0.090196728
MLT2A1_dup2640,0.194272487,0.114066106
MLT2A1_dup2641,0,0.681160134
MLT2A1_dup2642,0,0
MLT2A1_dup2643,0,0
MLT2A1_dup2644,0,0
MLT2A1_dup2645,0,0
MLT2A1_dup2646,0,0.045789651
MLT2A1_dup2647,0,0
MLT2A1_dup2648,0,0
MLT2A1_dup2649,0.020131705,0
MLT2A1_dup2650,0,0
MLT2A1_dup2651,0.040169992,0
MLT2A1_dup2587,1.084601679,0.046120217
MLT2A1_dup2652,1.510483005,0
MLT2A1_dup2653,0.077183299,0.07141195
MLT2A1_dup2654,0.084976048,0.019918381
MLT2A1_dup2655,0,0.050964129
MLT2A1_dup2656,0,0
MLT2A1_dup2657,0,0
MLT2A1_dup2658,1.571387041,0.67786404
MLT2A1_dup2659,0,0
MLT2A1_dup2660,0,0
MLT2A1_dup2661,0,0
MLT2A1_dup2662,0,0
MLT2A1_dup2663,0,0
MLT2A1_dup2664,0,0
MLT2A1_dup2665,0,0
MLT2A1_dup2666,0,0
MLT2A1_dup2667,0,0
MLT2A1_dup2668,0,0
MLT2A1_dup2669,0.048582381,0
MLT2A1_dup2670,0,0
MLT2A1_dup2671,0,0
MLT2A1_dup2672,0.069253066,0
MLT2A1_dup2673,0,0
MLT2A1_dup2674,4.796108795,1.518629697
MLT2A1_dup2675,1.264698725,0.255468777
MLT2A1_dup2676,1.064657312,0.08172995
MLT2A1_dup2677,0,0.023364332
MLT2A1_dup2678,0,0
MLT2A1_dup2679,1.096174219,0.179343685
MLT2A1_dup2680,1.895033684,0.262039845
MLT2A1_dup2681,0.201317051,0
MLT2A1_dup2682,0.023979593,0
MLT2A1_dup2683,0.023022961,0
MLT2A1_dup2684,0,0
MLT2A1_dup2685,0.023286445,0.150816477
MLT2A1_dup2686,0.587979428,0
MLT2A1_dup2687,0,0
MLT2A1_dup2688,0,0.047607966
MLT2A1_dup2689,0,0
MLT2A1_dup2690,0,0
MLT2A1_dup2691,0,0
MLT2A1_dup2692,0,0
MLT2A1_dup2693,0,0
MLT2A1_dup2694,0,0
MLT2A1_dup2695,0,0
MLT2A1_dup2696,0,0
MLT2A1_dup2697,0,0
MLT2A1_dup2698,0,0
MLT2A1_dup2699,0.252709921,0.060375557
MLT2A1_dup2700,0,0
MLT2A1_dup2701,0,0
MLT2A1_dup2702,0,0
MLT2A1_dup2703,0,0
MLT2A1_dup2704,0,0
MLT2A1_dup2705,0,0
MLT2A1_dup2706,0,0
MLT2A1_dup2707,0,0
MLT2A1_dup2708,0,0
MLT2A1_dup2709,0,0
MLT2A1_dup2710,0,0.045064029
MLT2A1_dup2711,0,0
MLT2A1_dup2712,0,0
MLT2A1_dup2713,0.080426295,0
MLT2A1_dup2714,0,0
MLT2A1_dup2715,0.019946159,0.182201713
MLT2A1_dup2716,0,0.019854443
MLT2A1_dup2717,0,0
MLT2A1_dup2718,0.022257509,0
MLT2A1_dup2719,0,0
MLT2A1_dup2720,0,0
MLT2A1_dup2721,0.060395115,0.080209392
MLT2A1_dup2722,0,0.044497898
MLT2A1_dup2723,0,0
MLT2A1_dup2724,0,0
MLT2A1_dup2725,0.152973971,0.16265299
MLT2A1_dup2726,0.162215747,0
MLT2A1_dup2727,0.419537212,0.155714243
MLT2A1_dup2728,0.064646724,0.01987206
MLT2A1_dup2729,1.824829003,0.196131767
MLT2A1_dup2730,0,0
MLT2A1_dup2731,0.27432852,0.017802053
MLT2A1_dup2732,0,0
MLT2A1_dup2733,0.131123072,0
MLT2A1_dup2734,0,0.035456372
MLT2A1_dup2735,0,0
MLT2A1_dup2736,0,0
MLT2A1_dup2737,0.36920694,0.02191022
MLT2A1_dup2738,0.337543746,0
MLT2A1_dup2739,0,0
MLT2A1_dup2740,0,0
MLT2A1_dup2741,0,0
MLT2A1_dup2742,0,0
MLT2A1_dup2743,0,0
MLT2A1_dup2744,0,0
MLT2A1_dup2745,0,0
MLT2A1_dup2746,0,0
MLT2A1_dup2747,0,0
MLT2A1_dup2748,0.021653233,0.019332547
MLT2A1_dup2749,0.267467562,0
MLT2A1_dup2750,0,0
MLT2A1_dup2751,0,0
MLT2A1_dup2752,0.884998563,1.186529174
MLT2A1_dup2753,0,0
MLT2A1_dup2754,0,0
MLT2A1_dup2755,0,0
MLT2A1_dup2756,0,0
MLT2A1_dup2757,0.707473565,0
MLT2A1_dup2758,0.36930085,0.089947217
MLT2A1_dup2759,0,0
MLT2A1_dup2760,0.572953732,0.077858639
MLT2A1_dup2761,0,0
MLT2A1_dup2762,0.349293648,0
MLT2A1_dup2763,0,0
MLT2A1_dup2764,0,0.457896511
MLT2A1_dup2765,0.097412001,0.377520908
MLT2A1_dup2766,0.1881884,0
MLT2A1_dup2767,0,0.251323108
MLT2A1_dup2768,0,0
MLT2A1_dup2769,0,0
MLT2A1_dup2770,0,0
MLT2A1_dup2771,0,0
MLT2A1_dup2772,0,0
MLT2A1_dup2773,0,0
MLT2A1_dup2774,0,0
MLT2A1_dup2775,0,0
MLT2A1_dup2776,0,0
MLT2A1_dup2777,0,0
MLT2A1_dup2778,0,0
MLT2A1_dup2779,0,0
MLT2A1_dup2780,0,0
MLT2A1_dup2781,0,0
MLT2A1_dup2782,0.299652784,0.059235281
MLT2A1_dup2783,0,0
MLT2A1_dup2784,0,0
MLT2A1_dup2785,0,0.022647268
MLT2A1_dup2786,0,0
MLT2A1_dup2787,0,0
MLT2A1_dup2788,0,0.022474827
MLT2A1_dup2789,0.372059791,0.261893978
MLT2A1_dup2790,0,0
MLT2A1_dup2791,0,0
MLT2A1_dup2792,0,0
MLT2A1_dup2793,0,0
MLT2A1_dup2794,0,0
MLT2A1_dup2795,0.023117703,0
MLT2A1_dup2796,0,0
MLT2A1_dup2797,0.022951389,0
MLT2A1_dup2798,0.177235724,0
MLT2A1_dup2799,0,0
MLT2A1_dup2800,0,0
MLT2A1_dup2801,0,0
MLT2A1_dup2802,0.095707291,0
MLT2A1_dup2803,0,0
MLT2A1_dup2804,0,0
MLT2A1_dup2805,1.69196377,0.106522338
MLT2A1_dup2806,0.08419105,0.020450535
MLT2A1_dup2807,1.034854569,0.387357267
MLT2A1_dup2808,0,0
MLT2A1_dup2809,0,0
MLT2A1_dup2810,0,0
MLT2A1_dup2811,0,0
MLT2A1_dup2812,0,0
MLT2A1_dup2813,0,0
MLT2A1_dup2814,0,0
MLT2A1_dup2815,0,0
MLT2A1_dup2816,0,0
MLT2A1_dup2817,0,0
MLT2A1_dup2818,0,0
MLT2A1_dup2819,0,0
MLT2A1_dup2820,0,0
MLT2A1_dup2821,0,0
MLT2A1_dup2822,0,0
MLT2A1_dup2823,0.045802292,0
MLT2A1_dup2824,0,0
MLT2A1_dup2825,0,0
MLT2A1_dup2826,0.021011246,0.020740256
MLT2A1_dup2827,0.732721969,2.053147068
MLT2A1_dup2828,0.176459199,0.513286767
MLT2A1_dup2829,0,0
MLT2A1_dup2830,0.844476095,0
MLT2A1_dup2831,0,0
MLT2A1_dup2832,0.161991611,0.201446157
MLT2A1_dup2833,0,0
MLT2A1_dup2834,0,0
MLT2A1_dup2835,0,0
MLT2A1_dup2836,0,0
MLT2A1_dup2837,0.242296939,0
MLT2A1_dup2838,0,0
MLT2A1_dup2839,0,0
MLT2A1_dup2840,0,0
MLT2A1_dup2841,0.081859416,0
MLT2A1_dup2842,0.150184108,0.038840844
MLT2A1_dup2843,0,0
MLT2A1_dup2844,1.041284024,0.056217011
MLT2A1_dup2845,0.169737906,0.167548738
MLT2A1_dup2846,0.319518291,0
MLT2A1_dup2847,0.557174213,0.020983606
MLT2A1_dup2848,0.710812573,0
MLT2A1_dup2849,0,0
MLT2A1_dup2850,0.02231091,0
MLT2A1_dup2851,0.509213717,0
MLT2A1_dup2852,0,0
MLT2A1_dup2853,0,0
MLT2A1_dup2854,0,0
MLT2A1_dup2855,0.090011666,0
MLT2A1_dup2856,0,0
MLT2A1_dup2857,1.735307398,0.275959323
MLT2A1_dup2858,3.421602702,0.87070187
MLT2A1_dup2859,1.621418808,0.562923642
MLT2A1_dup2860,0,0
MLT2A1_dup2861,0.019453108,0
MLT2A1_dup2862,0,0
MLT2A1_dup2863,0,0
MLT2A1_dup2864,0,0
MLT2A1_dup2865,0,0
MLT2A1_dup2866,0,0
MLT2A1_dup2867,0,0
MLT2A1_dup2868,0,0
MLT2A1_dup2869,0,0
MLT2A1_dup2870,0,0
MLT2A1_dup2871,0,0
MLT2A1_dup2872,0,0
MLT2A1_dup2873,0,0
MLT2A1_dup2874,0,0
MLT2A1_dup2875,0,0
MLT2A1_dup2876,0,0
MLT2A1_dup2877,0,0
MLT2A1_dup2878,0,0
MLT2A1_dup2879,0,0
MLT2A1_dup2880,0,0.393559188
MLT2A1_dup2881,0,0.045762696
MLT2A1_dup2882,0,0
MLT2A1_dup2883,0,0.237360713
MLT2A1_dup2884,0,0
MLT2A1_dup2885,0,0
MLT2A1_dup2886,0.101816267,0.159906903
MLT2A1_dup2887,0.672099887,0.648626327
MLT2A1_dup2888,0.022426511,0.022137269
MLT2A1_dup2889,0.133178972,0
MLT2A1_dup2890,0.036680649,0
MLT2A1_dup2891,0,0
MLT2A1_dup2892,0,0
MLT2A1_dup2893,0.225176698,0.041090867
MLT2A1_dup2894,0,0
MLT2A1_dup2895,0,0
MLT2A1_dup2896,0,0
MLT2A1_dup2897,0,0
MLT2A1_dup2898,1.478459166,2.204259317
MLT2A1_dup2899,1.799157985,2.246680235
MLT2A1_dup2900,0.806788133,0.804679519
MLT2A1_dup2901,0.112423808,0.225974901
MLT2A1_dup2902,1.215924137,1.46967807
MLT2A1_dup2903,0,0
MLT2A1_dup2904,0,0
MLT2A1_dup2905,0,0
MLT2A1_dup2906,0.025319389,0
MLT2A1_dup2907,0,0
MLT2A1_dup2908,0.445188793,0.020309821
MLT2A1_dup2909,0.241883956,0.045817617
MLT2A1_dup2910,0,1.091380414
MLT2A1_dup2911,1.250634864,0.15264272
MLT2A1_dup2912,0.179995238,0.05786672
MLT2A1_dup2913,0,0
MLT2A1_dup2914,0,0
MLT2A1_dup2915,0.045086631,0.023060109
MLT2A1_dup2916,0.087884601,0
MLT2A1_dup2917,0,0
MLT2A1_dup2918,0,0
MLT2A1_dup2919,0,0
MLT2A1_dup2920,0,0.022665744
MLT2A1_dup2921,0,0
MLT2A1_dup2922,0,0
MLT2A1_dup2923,0,0
MLT2A1_dup2924,0,0.019420422
MLT2A1_dup2925,0.020626571,0
MLT2A1_dup2926,0.040213147,0.017951651
MLT2A1_dup2927,0,0
MLT2A1_dup2928,0,0
MLT2A1_dup2929,0,0
MLT2A1_dup2930,0,0
MLT2A1_dup2931,1.136034035,1.372217204
MLT2A1_dup2932,0.099993805,0.079434911
MLT2A1_dup2933,0.020805933,0.037152112
MLT2A1_dup2934,0,0
MLT2A1_dup2935,0,0
MLT2A1_dup2936,0.065913451,0.022474827
MLT2A1_dup2937,0,0
MLT2A1_dup2938,0.062608314,0
MLT2A1_dup2939,0.219155271,0
MLT2A1_dup2940,0,0.196779594
MLT2A1_dup2941,0.141699451,0.07038914
MLT2A1_dup2942,0.655439961,0.138670184
MLT2A1_dup2943,0,0
MLT2A1_dup2944,0,0
MLT2A1_dup2945,0,0
MLT2A1_dup2946,0,0
MLT2A1_dup2947,0,0
MLT2A1_dup2948,0.471210853,0.046483369
MLT2A1_dup2949,0,0
MLT2A1_dup2950,0,0
MLT2A1_dup2951,0.124751719,0.040371386
MLT2A1_dup2952,0,0
MLT2A1_dup2953,0.339475812,0
MLT2A1_dup2954,0.111048397,0
MLT2A1_dup2955,0.077987686,0.019245463
MLT2A1_dup2956,1.011684228,1.089957786
MLT2A1_dup2957,0,0
MLT2A1_dup2958,0,0
MLT2A1_dup2959,0.068060748,0
MLT2A1_dup2960,0.021951213,0
MLT2A1_dup2961,0.01961215,0
MLT2A1_dup2962,0.14186805,0
MLT2A1_dup2963,0.270519787,0
MLT2A1_dup2964,0.155975373,0
MLT2A1_dup2965,0,0.253002335
MLT2A1_dup2966,0,0
MLT2A1_dup2967,0.040326023,0
MLT2A1_dup2968,0.03773781,0.035382963
MLT2A1_dup2969,0,0
MLT2A1_dup2970,0,0
MLT2A1_dup2971,0,0
MLT2A1_dup2972,0.770796399,0.177200125
MLT2A1_dup2973,4.966536741,0.999486642
MLT2A1_dup2974,23.55181429,1.839746465
MLT2A1_dup2975,0,0
MLT2A1_dup2976,0.343310671,0.119210594
MLT2A1_dup2977,0.044456981,0.02159776
MLT2A1_dup2978,0,0
MLT2A1_dup2979,0,0
MLT2A1_dup2980,0,0
MLT2A1_dup2981,0.021750335,0.022248949
MLT2A1_dup2982,0,0
MLT2A1_dup2983,0,0
MLT2A1_dup2984,0,0
MLT2A1_dup2985,0,0
MLT2A1_dup2986,0,0
MLT2A1_dup2987,0,0
MLT2A1_dup2988,0,0
MLT2A1_dup2989,0,0
MLT2A1_dup2990,0.023208132,0
MLT2A1_dup2991,0,0
MLT2A1_dup2992,0,0
MLT2A1_dup2993,0.017593252,0.031415388
MLT2A1_dup2994,0,0
MLT2A1_dup2995,0,0
MLT2A1_dup2996,0,0.213624642
MLT2A1_dup2997,0,0
MLT2A1_dup2998,0.124020533,0.222134851
MLT2A1_dup2999,0.120509975,0
MLT2A1_dup3000,0,0
MLT2A1_dup3001,0.451452778,0.118847949
MLT2A1_dup3002,0,0
MLT2A1_dup3003,0,0
MLT2A1_dup3004,0,0
MLT2A1_dup3005,0,0
MLT2A1_dup3006,0.071542423,0
MLT2A1_dup3007,0.692530655,0
MLT2A1_dup3008,0.314786662,0.155363376
MLT2A1_dup3009,0,0
MLT2A1_dup3010,0,0
MLT2A1_dup3011,0.037884609,0
MLT2A1_dup3012,0.042726469,0
MLT2A1_dup3013,0.736209929,0
MLT2A1_dup3014,0.188964182,0.092966737
MLT2A1_dup3015,0,0
MLT2A1_dup3016,0,0
MLT2A1_dup3017,0.041885029,0.058129639
MLT2A1_dup3018,0,0
MLT2A1_dup3019,0,0
MLT2A1_dup3020,0.044853022,0
MLT2A1_dup3021,0,0
MLT2A1_dup3022,0,0
MLT2A1_dup3023,0.020273146,0
MLT2A1_dup3024,0,0
MLT2A1_dup3025,0,0
MLT2A1_dup3026,0,0
MLT2A1_dup3027,0,0
MLT2A1_dup3028,0.21494531,0.083538507
MLT2A1_dup3029,0.057139493,0
MLT2A1_dup3030,0,0.213624642
MLT2A1_dup3031,0.483206862,0.272389009
MLT2A1_dup3032,2.040060248,2.436930803
MLT2A1_dup3033,0.038818983,0
MLT2A1_dup3034,0,0
MLT2A1_dup3035,0,0
MLT2A1_dup3036,0,0
MLT2A1_dup3037,0,0
MLT2A1_dup3038,0,0
MLT2A1_dup3039,0,0
MLT2A1_dup3040,0,0
MLT2A1_dup3041,0,0
MLT2A1_dup3042,0,0
MLT2A1_dup3043,0,0
MLT2A1_dup3044,0.131161109,0
MLT2A1_dup3045,0.042434476,0
MLT2A1_dup3046,0.672830465,0
MLT2A1_dup3047,0.618330942,0
MLT2A1_dup3048,0.781802637,0.082464774
MLT2A1_dup3049,0.373453908,0.074978345
MLT2A1_dup3050,0.039170286,0
MLT2A1_dup3051,0,0
MLT2A1_dup3052,1.456911768,0.305975252
MLT2A1_dup3053,0,0
MLT2A1_dup3054,0.024666828,0
MLT2A1_dup3055,0.273449402,0
MLT2A1_dup3056,0.219606774,0
MLT2A1_dup3057,0,0
MLT2A1_dup3058,0,0
MLT2A1_dup3059,0,0
MLT2A1_dup3060,0,0
MLT2A1_dup3061,45.79642451,10.94985547
MLT2A1_dup3062,7.440288651,1.725111837
MLT2A1_dup3063,0,0
MLT2A1_dup3064,0,0
MLT2A1_dup3065,0,0
MLT2A1_dup3066,0,0
MLT2A1_dup3067,0.571985529,0.884000944
MLT2A1_dup3068,0.239268227,1.305005055
MLT2A1_dup3069,0,0
MLT2A1_dup3070,0,0
MLT2A1_dup3071,0,0
MLT2A1_dup3072,0,0
MLT2A1_dup3073,0,0
MLT2A1_dup3074,0.205051626,0.078386452
MLT2A1_dup3075,0.112835456,0.041081662
MLT2A1_dup3076,0,0
MLT2A1_dup3077,0,0
MLT2A1_dup3078,0,0.13022179
MLT2A1_dup3079,0.125246197,0.062950818
MLT2A1_dup3080,0,0
MLT2A1_dup3081,0.023117703,0.042778173
MLT2A1_dup3082,0,0
MLT2A1_dup3083,0,0
MLT2A1_dup3084,0,0
MLT2A1_dup3085,0.253174647,0.171852518
MLT2A1_dup3086,0.21641583,0
MLT2A1_dup3087,0.474197905,0.242328821
MLT2A1_dup3088,1.717473454,0.328653295
MLT2A1_dup3089,0.331280103,0.925598295
MLT2A1_dup3090,0.066419181,0.021854183
MLT2A1_dup3091,0.721386099,0.237360713
MLT2A1_dup3092,0.068162466,0.092152837
MLT2A1_dup3093,0.221964954,0.454106756
MLT2A1_dup3094,0,0
MLT2A1_dup3095,0,0
MLT2A1_dup3096,0,0.282608992
MLT2A1_dup3097,0,0.093211387
MLT2A1_dup3098,0.251861292,0.233028467
MLT2A1_dup3099,0.024988849,0.114791939
MLT2A1_dup3100,0,0
MLT2A1_dup3101,0,0
MLT2A1_dup3102,0,0
MLT2A1_dup3103,0.701889178,0
MLT2A1_dup3104,0,0
MLT2A1_dup3105,0,0
MLT2A1_dup3106,0.044853022,0
MLT2A1_dup3107,0,0
MLT2A1_dup3108,0,0
MLT2A1_dup3109,0,0
MLT2A1_dup3110,0,0
MLT2A1_dup3111,0,0
MLT2A1_dup3112,0,0
MLT2A1_dup3113,0,0
MLT2A1_dup3114,0,0
MLT2A1_dup3115,0.478536454,0
MLT2A1_dup3116,0,0
MLT2A1_dup3117,0.138724134,0
MLT2A1_dup3118,0,0
MLT2A1_dup3119,0,0
MLT2A1_dup3120,0,0
MLT2A1_dup3121,0,0
MLT2A1_dup3122,0,0
MLT2A1_dup3123,0.109577635,0
MLT2A1_dup3124,0,0.474721426
MLT2A1_dup3125,0,0
MLT2A1_dup3126,0,0
MLT2A1_dup3127,0,0
MLT2A1_dup3128,0.022413885,0
MLT2A1_dup3129,0,0
MLT2A1_dup3130,0,0
MLT2A1_dup3131,0.194811561,0.092880279
MLT2A1_dup3132,0,0
MLT2A1_dup3133,2.509717909,0.373877831
MLT2A1_dup3134,1.96136338,0.256669036
MLT2A1_dup3135,0,0
MLT2A1_dup3136,0,0
MLT2A1_dup3137,0,0
MLT2A1_dup3138,0,0
MLT2A1_dup3139,0,0
MLT2A1_dup3140,1.351954307,0.163806557
MLT2A1_dup3141,0,0
MLT2A1_dup3142,0,0
MLT2A1_dup3143,0,0
MLT2A1_dup3144,0,0
MLT2A1_dup3145,0,0
MLT2A1_dup3146,0,0
MLT2A1_dup3147,0,0
MLT2A1_dup3148,0.022253556,0
MLT2A1_dup3149,0,0
MLT2A1_dup3150,0,0
MLT2A1_dup3151,0,0
MLT2A1_dup3152,0,0
MLT2A1_dup3153,0,0
MLT2A1_dup3154,0.038388617,0.019634328
MLT2A1_dup3155,0.14191202,0
MLT2A1_dup3156,0,0
MLT2A1_dup3157,0,0
MLT2A1_dup3158,0,0
MLT2A1_dup3159,0,0
MLT2A1_dup3160,0,0
MLT2A1_dup3161,0,0
MLT2A1_dup3162,0,0
MLT2A1_dup3163,0,0.082823814
MLT2A1_dup3164,0,0
MLT2A1_dup3165,0,0
MLT2A1_dup3166,0,0
MLT2A1_dup3167,0,0
MLT2A1_dup3168,0.024859037,0
MLT2A1_dup3169,0,0
MLT2A1_dup3170,0,0
MLT2A1_dup3171,0,0
MLT2A1_dup3172,0.368104965,0
MLT2A1_dup3173,0,0
MLT2A1_dup3174,0,0
MLT2A1_dup3175,0,0
MLT2A1_dup3176,0,0
MLT2A1_dup3177,0.247602917,0.379876659
MLT2A1_dup3178,0,0
MLT2A1_dup3179,0,0
MLT2A1_dup3180,0,0
MLT2A1_dup3181,0,0
MLT2A1_dup3182,0.282817551,0
MLT2A1_dup3183,0.064198825,0.040184913
MLT2A1_dup3184,0,0
MLT2A1_dup3185,0,0
MLT2A1_dup3186,0.022052371,0
MLT2A1_dup3187,0,0
MLT2A1_dup3188,0,0
MLT2A1_dup3189,0,0.019202215
MLT2A1_dup3190,0,0
MLT2A1_dup3191,0.337271423,0
MLT2A1_dup3192,0.138706219,0
MLT2A1_dup3193,0,0
MLT2A1_dup3194,0,0
MLT2A1_dup3195,0,0
MLT2A1_dup3196,0,0
MLT2A1_dup3197,0,0
MLT2A1_dup3198,0,0
MLT2A1_dup3199,0,0
MLT2A1_dup3200,0,0
MLT2A1_dup3201,0,0
MLT2A1_dup3202,0,0
MLT2A1_dup3203,0,0
MLT2A1_dup3204,0,0.107464584
MLT2A1_dup3205,0,0
MLT2A1_dup3206,0,0.022137269
MLT2A1_dup3207,0,0
MLT2A1_dup3208,0,0
MLT2A1_dup3209,0,0
MLT2A1_dup3210,0,0
MLT2A1_dup3211,0,0
MLT2A1_dup3212,0,0
MLT2A1_dup3213,0,0
MLT2A1_dup3214,0,0
MLT2A1_dup3215,0.151264417,0
MLT2A1_dup3216,0,0
MLT2A1_dup3217,0,0.050745454
MLT2A1_dup3218,0,0
MLT2A1_dup3219,0,0
MLT2A1_dup3220,0.09004535,0
MLT2A1_dup3221,0.196658817,0.060651245
MLT2A1_dup3222,0.019674166,0.020125186
MLT2A1_dup3223,0,0
MLT2A1_dup3224,0,0
MLT2A1_dup3225,0,0
MLT2A1_dup3226,0,0
MLT2A1_dup3227,0,0
MLT2A1_dup3228,0,0
MLT2A1_dup3229,0,0
MLT2A1_dup3230,0,0
MLT2A1_dup3231,0,0
MLT2A1_dup3232,0,0
MLT2A1_dup3233,0,0
MLT2A1_dup3234,0,0
MLT2A1_dup3235,0,0
MLT2A1_dup3236,0,0.087193731
MLT2A1_dup3237,0,0.402503715
MLT2A1_dup3238,0,0.044497898
MLT2A1_dup3239,0,0
MLT2A1_dup3240,0,0
MLT2A1_dup3241,0,0
MLT2A1_dup3242,0.024988849,0
MLT2A1_dup3243,0.227874502,0
MLT2A1_dup3244,0.019856284,0.036743078
MLT2A1_dup3245,0.09499483,0.021972908
MLT2A1_dup3246,0,0
MLT2A1_dup3247,0,0
MLT2A1_dup3248,0,0.019734378
MLT2A1_dup3249,0,0
MLT2A1_dup3250,0,0
MLT2A1_dup3251,0,0
MLT2A1_dup3252,0.266670185,0.019854443
MLT2A1_dup3253,0,0
MLT2A1_dup3254,0.039528005,0
MLT2A1_dup3255,0,0
MLT2A1_dup3256,0,0
MLT2A1_dup3257,0.081920729,0.01989906
MLT2A1_dup3258,0.07775419,0
MLT2A1_dup3259,0.170868407,0.103449578
MLT2A1_dup3260,0.081666351,0.040306536
MLT2A1_dup3261,0,0.061770981
MLT2A1_dup3262,0,0
MLT2A1_dup3263,0.080958152,0.079271378
MLT2A1_dup3264,0.152982895,0.143154752
MLT2A1_dup3265,0,0
MLT2A1_dup3266,0,0
MLT2A1_dup3267,0,0
MLT2A1_dup3268,0.8835352,1.314978443
MLT2A1_dup3269,0,0.01946466
MLT2A1_dup3270,0,0
MLT2A1_dup3271,0,0
MLT2A1_dup3272,0.040553937,0
MLT2A1_dup3273,0,0
MLT2A1_dup3274,0,0
MLT2A1_dup3275,0.022205868,0.020545433
MLT2A1_dup3276,0.024988849,0
MLT2A1_dup3277,0,0
MLT2A1_dup3278,0,0
MLT2A1_dup3279,0,0
MLT2A1_dup3280,0,0.0663302
MLT2A1_dup3281,0,0
MLT2A1_dup3282,0.085708022,0.154895839
MLT2A1_dup3283,0.056360577,0.055692338
MLT2A1_dup3284,0.044134049,0
MLT2A1_dup3285,0,0
MLT2A1_dup3286,0,0
MLT2A1_dup3287,0.044206601,0
MLT2A1_dup3288,0,0
MLT2A1_dup3289,0.019585143,0
MLT2A1_dup3290,0.153306873,0.099897521
MLT2A1_dup3291,0,0.061631805
MLT2A1_dup3292,0,0
MLT2A1_dup3293,0.039081865,0.039277805
MLT2A1_dup3294,0,0.020593213
MLT2A1_dup3295,0,0
MLT2A1_dup3296,0.020106574,0.017951651
MLT2A1_dup3297,0.191414582,0.170899713
MLT2A1_dup3298,0,0
MLT2A1_dup3299,1.541388993,0.394141903
MLT2A1_dup3300,0.23374593,0.035349628
MLT2A1_dup3301,0,0
MLT2A1_dup3302,0,0
MLT2A1_dup3303,0,0
MLT2A1_dup3304,0,0
MLT2A1_dup3305,0,0
MLT2A1_dup3306,0.021080901,0
MLT2A1_dup3307,0.189248451,0
MLT2A1_dup3308,2.097071398,0.289656572
MLT2A1_dup3309,0.037884609,0
MLT2A1_dup3310,0,0
MLT2A1_dup3311,0.021217238,0
MLT2A1_dup3312,0,0
MLT2A1_dup3313,0,0
MLT2A1_dup3315,0,0
MLT2A1_dup3316,0,0
MLT2A1_dup3317,0,0
MLT2A1_dup3318,0,0.215977603
MLT2A1_dup3319,0.024603417,0
MLT2A1_dup3320,0,0
MLT2A1_dup3321,0,0
MLT2A1_dup3322,0,0
MLT2A1_dup3323,0,0
MLT2A1_dup3324,0,0
MLT2A1_dup3325,0,0
MLT2A1_dup3326,0.247448675,0.022970392
MLT2A1_dup3327,0,0
MLT2A1_dup3328,0,0
MLT2A1_dup3329,0,0
MLT2A1_dup3330,0.021900982,0.020263345
MLT2A1_dup3331,0.04703061,0.021756958
MLT2A1_dup3332,0,0.021203438
MLT2A1_dup3333,0,0
MLT2A1_dup3334,0.044456981,0.041682857
MLT2A1_dup3335,0,0
MLT2A1_dup3336,0.303101915,0.06177964
MLT2A1_dup3337,0.364948914,0.346174564
MLT2A1_dup3338,0.073361298,0
MLT2A1_dup3339,0,0
MLT2A1_dup3340,0,0
MLT2A1_dup3341,0,0
MLT2A1_dup3342,0,0
MLT2A1_dup3343,0,0
MLT2A1_dup3344,0,0
MLT2A1_dup3345,0,0
MLT2A1_dup3346,0,0.018880771
MLT2A1_dup3347,0.704762373,0.449371565
MLT2A1_dup3348,0,0
MLT2A1_dup3349,0,0
MLT2A1_dup3350,0,0
MLT2A1_dup3351,0,0
MLT2A1_dup3352,0,0
MLT2A1_dup3353,0.285074413,0.190254704
MLT2A1_dup3354,0.069669402,0.042832008
MLT2A1_dup3355,0,0
MLT2A1_dup3356,0.08678329,0
MLT2A1_dup3357,0,0
MLT2A1_dup3358,0,0
MLT2A1_dup3314,0,0
MLT2A1_dup3359,0,0
MLT2A1_dup3360,0,0.021416004
MLT2A1_dup3361,0,0.385003554
MLT2A1_dup3362,0.025120024,0.069725053
MLT2A1_dup3363,0,0.021416004
MLT2A1_dup3364,0,0
MLT2A1_dup3365,0.9033463,0.102347349
MLT2A1_dup3366,0,0.237360713
MLT2A1_dup3367,0,0
MLT2A1_dup3368,0,0.017674814
MLT2A1_dup3369,0.019809229,0
MLT2A1_dup3370,0.26293512,0
MLT2A1_dup3371,0,0
MLT2A1_dup3372,0.039081865,0.116433431
MLT2A1_dup3373,0,0
MLT2A1_dup3374,0,0
MLT2A1_dup3375,0,0
MLT2A1_dup3376,0,0
MLT2A1_dup3377,0,0.06090388
MLT2A1_dup3378,0,0
MLT2A1_dup3379,0,0
MLT2A1_dup3380,0,0
MLT2A1_dup3381,0,0
MLT2A1_dup3382,0,0
MLT2A1_dup3383,0,0
MLT2A1_dup3384,0,0
MLT2A1_dup3385,0.021165362,0
MLT2A1_dup3386,0.149252296,0
MLT2A1_dup3387,0,0
MLT2A1_dup3388,0.021165362,0
MLT2A1_dup3389,0,0
MLT2A1_dup3390,0,0
MLT2A1_dup3391,0,0
MLT2A1_dup3392,0,0
MLT2A1_dup3393,0,0.416828569
MLT2A1_dup3394,0,0.041784771
MLT2A1_dup3395,0,0.017876539
MLT2A1_dup3396,0.105321404,0.020263345
MLT2A1_dup3397,0,0
MLT2A1_dup3398,0,0
MLT2A1_dup3399,0,0
MLT2A1_dup3400,0,0
MLT2A1_dup3401,4.194621801,0.299533861
MLT2A1_dup3402,4.140137208,0.732427342
MLT2A1_dup3403,0.131161109,0.022361318
MLT2A1_dup3404,0,0
MLT2A1_dup3405,1.535176239,0.127278059
MLT2A1_dup3406,0,0
MLT2A1_dup3407,0,0
MLT2A1_dup3408,0,0
MLT2A1_dup3409,0,0
MLT2A1_dup3410,0.288559825,0
MLT2A1_dup3411,2.599838933,0.260443581
MLT2A1_dup3412,0,0
MLT2A1_dup3413,0,0
MLT2A1_dup3414,0,0
MLT2A1_dup3415,0,0
MLT2A1_dup3416,0,0
MLT2A1_dup3417,0.054216909,0.05481242
MLT2A1_dup3418,0.285953589,0.117133422
MLT2A1_dup3419,0.06370615,0
MLT2A1_dup3420,0,0.05896603
MLT2A1_dup3421,0,0
MLT2A1_dup3422,0,0
MLT2A1_dup3423,0,0
MLT2A1_dup3424,0,0
MLT2A1_dup3425,0,0
MLT2A1_dup3426,0,0
MLT2A1_dup3427,0,0
MLT2A1_dup3428,0.169737906,0.285328213
MLT2A1_dup3429,0.463748207,0.316252919
MLT2A1_dup3430,0.258499956,0.082163324
MLT2A1_dup3431,0.43283166,0.213624642
MLT2A1_dup3432,0,0
MLT2A1_dup3433,0,0
MLT2A1_dup3434,0,0
MLT2A1_dup3435,0.293153301,0.067041481
MLT2A1_dup3436,0,0
MLT2A1_dup3437,0,0.037152112
MLT2A1_dup3438,0,0.029364212
MLT2A1_dup3439,0.262322218,0
MLT2A1_dup3440,0.29329327,0.09255355
MLT2A1_dup3441,0,0.040654363
MLT2A1_dup3442,0.019453108,0.09670792
MLT2A1_dup3443,0,0
MLT2A1_dup3444,0,0
MLT2A1_dup3445,0,0
MLT2A1_dup3446,0,0
MLT2A1_dup3447,0,0
MLT2A1_dup3448,2.211668418,0.638510575
MLT2A1_dup3449,19.4694082,3.68588572
MLT2A1_dup3450,0.820842324,0.195689031
MLT2A1_dup3451,0,0
MLT2A1_dup3452,0,0
MLT2A1_dup3453,0.178475134,0.040559598
MLT2A1_dup3454,0.593496967,0.600347451
MLT2A1_dup3455,0.280021025,0.261717528
MLT2A1_dup3456,2.586014704,1.426525326
MLT2A1_dup3457,0.265812628,0.019943878
MLT2A1_dup3458,0,0
MLT2A1_dup3459,0,0
MLT2A1_dup3460,0,0
MLT2A1_dup3461,0,0.216328751
MLT2A1_dup3462,0,0
MLT2A1_dup3463,0,0
MLT2A1_dup3464,0,0
MLT2A1_dup3465,0,0.020296878
MLT2A1_dup3466,0.017702726,0
MLT2A1_dup3467,0,0
MLT2A1_dup3468,0.021805121,0
MLT2A1_dup3469,0,0
MLT2A1_dup3470,0.024540331,0
MLT2A1_dup3471,0,0
MLT2A1_dup3472,0.048955136,0
MLT2A1_dup3473,0.546898804,0
MLT2A1_dup3474,0,0
MLT2A1_dup3475,0,0.018904836
MLT2A1_dup3476,0.021555696,0.039189341
MLT2A1_dup3477,0,0
MLT2A1_dup3478,0,0
MLT2A1_dup3479,0,0
MLT2A1_dup3480,0,0
MLT2A1_dup3481,0,0
MLT2A1_dup3482,0,0
MLT2A1_dup3483,0,0
MLT2A1_dup3484,0,0
MLT2A1_dup3485,0,0
MLT2A1_dup3486,0.107167921,0.120594508
MLT2A1_dup3488,0.540997821,0.167586058
MLT2A1_dup3489,0.025120024,0.114580621
MLT2A1_dup3490,0,0.023120318
MLT2A1_dup3491,0,0
MLT2A1_dup3492,0,0.115001062
MLT2A1_dup3493,0,0
MLT2A1_dup3494,0.036674773,0.01719313
MLT2A1_dup3495,0.646467241,0
MLT2A1_dup3496,0.149966612,0
MLT2A1_dup3497,0.892436412,0.264277907
MLT2A1_dup3498,0.04360613,0
MLT2A1_dup3499,0,0
MLT2A1_dup3500,0.130208015,0.080184642
MLT2A1_dup3501,0.315521862,0.022881348
MLT2A1_dup3502,0.556326418,0.081924082
MLT2A1_dup3503,0.298711061,0.288278367
MLT2A1_dup3504,0,0
MLT2A1_dup3505,0.963209231,0.041090867
MLT2A1_dup3506,0,0
MLT2A1_dup3507,0,0
MLT2A1_dup3508,0,0
MLT2A1_dup3509,0,0
MLT2A1_dup3510,0,0
MLT2A1_dup3511,0,0
MLT2A1_dup3512,0,0
MLT2A1_dup3487,0,0
MLT2A1_dup3513,0.208848878,0
MLT2A1_dup3514,0.135095455,0
MLT2A1_dup3515,0,0
MLT2A1_dup3516,0.081107874,0
MLT2A1_dup3517,0.441725957,0
MLT2A1_dup3518,0.087440739,0.034525195
MLT2A1_dup3519,0,0
MLT2A1_dup3520,0,0
MLT2A1_dup3521,0,0
MLT2A1_dup3522,0,0
MLT2A1_dup3523,0,0
MLT2A1_dup3524,0.019764003,0
MLT2A1_dup3525,1.953533721,0.090196728
MLT2A1_dup3526,0,0
MLT2A1_dup3527,0,0.025085217
MLT2A1_dup3528,0,0
MLT2A1_dup3529,0,0
MLT2A1_dup3530,0,0
MLT2A1_dup3531,0,0
MLT2A1_dup3532,0.607578742,1.444837349
MLT2A1_dup3533,0.377356256,0.181250702
MLT2A1_dup3534,0,0
MLT2A1_dup3535,0,0
MLT2A1_dup3536,0,0
MLT2A1_dup3537,0,0
MLT2A1_dup3538,0,0
MLT2A1_dup3539,0,0
MLT2A1_dup3540,0,0
MLT2A1_dup3541,0,0
MLT2A1_dup3542,0,0
MLT2A1_dup3543,0.310438747,0
MLT2A1_dup3544,0,0
MLT2A1_dup3545,0,0
MLT2A1_dup3546,0.368229541,0.043156493
MLT2A1_dup3547,0,0
MLT2A1_dup3548,0,0
MLT2A1_dup3549,0,0
MLT2A1_dup3550,0,0
MLT2A1_dup3551,0,0
MLT2A1_dup3552,0.019939019,0.036896174
MLT2A1_dup3553,0,0.52727477
MLT2A1_dup3554,0.678786304,0.135233684
MLT2A1_dup3555,0,0
MLT2A1_dup3556,0,0
MLT2A1_dup3557,0,0
MLT2A1_dup3558,0,0
MLT2A1_dup3559,0,0
MLT2A1_dup3560,0,0
MLT2A1_dup3561,0,0
MLT2A1_dup3562,0,0
MLT2A1_dup3563,0.021805121,0
MLT2A1_dup3564,0,0
MLT2A1_dup3565,0,0
MLT2A1_dup3566,0,0
MLT2A1_dup3567,0,0
MLT2A1_dup3568,0,0
MLT2A1_dup3569,0,0.038840844
MLT2A1_dup3570,0,0
MLT2A1_dup3571,0,0
MLT2A1_dup3572,0,0
MLT2A1_dup3573,0,0
MLT2A1_dup3574,0,0
MLT2A1_dup3575,0,0
MLT2A1_dup3576,0,0.262553133
MLT2A1_dup3577,0.175074312,0.897105687
MLT2A1_dup3578,0.137392178,0.043718762
MLT2A1_dup3579,0,0.059235281
MLT2A1_dup3580,0,0.100820362
MLT2A1_dup3581,0,0.262551491
MLT2A1_dup3582,0.43283166,0.221377043
MLT2A1_dup3583,0,0
MLT2A1_dup3584,0.425726589,0.22792442
MLT2A1_dup3585,0,0
MLT2A1_dup3586,0,0
MLT2A1_dup3587,0,0
MLT2A1_dup3588,0,0
MLT2A1_dup3589,0,0
MLT2A1_dup3590,0,0
MLT2A1_dup3591,0.118522961,0.241935775
MLT2A1_dup3592,0.550561407,0.089010267
MLT2A1_dup3593,0,0
MLT2A1_dup3594,0,0
MLT2A1_dup271,0,0
MLT2A1_dup272,0.021951213,0
MLT2A1_dup273,0.095759217,0
MLT2A1_dup274,0.019585143,0
MLT2A1_dup275,0.021507256,0
MLT2A1_dup276,0,0
MLT2A1_dup277,0,0
MLT2A1_dup278,0,0
MLT2A1_dup279,0,0
MLT2A1_dup280,0,0
MLT2A1_dup281,0,0
MLT2A1_dup282,0,0
MLT2A1_dup283,0,0
MLT2A1_dup284,0.022361517,0
MLT2A1_dup285,0,0
MLT2A1_dup286,0,0
MLT2A1_dup287,0.561888304,0.337773768
MLT2A1_dup288,0,0
MLT2A1_dup289,0,0
MLT2A1_dup290,0,0
MLT2A1_dup291,0.024353,0.043485932
MLT2A1_dup292,0,0
MLT2A1_dup293,0,0
MLT2A1_dup294,0,0
MLT2A1_dup295,0,0
MLT2A1_dup296,0,0
MLT2A1_dup297,0,0
MLT2A1_dup298,0,0
MLT2A1_dup299,0,0
MLT2A1_dup300,0,0
MLT2A1_dup301,0,0
MLT2A1_dup302,0,0
MLT2A1_dup303,0,0
MLT2A1_dup304,0,0
MLT2A1_dup305,0,0
MLT2A1_dup306,0,0
MLT2A1_dup307,0.975240418,0.237862336
MLT2A1_dup308,0.244956679,0.077858639
MLT2A1_dup309,0,0
MLT2A1_dup310,0,0
MLT2A1_dup311,0,0
MLT2A1_dup312,0.230707677,0.346141607
MLT2A1_dup313,0,0.044055133
MLT2A1_dup314,0,0
MLT2A1_dup315,0,0
MLT2A1_dup316,0,0
MLT2A1_dup317,0,0
MLT2A1_dup318,0,0
MLT2A1_dup319,0,0
MLT2A1_dup320,0.179963001,0.078036399
MLT2A1_dup321,0,0
MLT2A1_dup322,0,0
MLT2A1_dup323,0,0
MLT2A1_dup324,0,0
MLT2A1_dup325,0,0
MLT2A1_dup326,0,0
MLT2A1_dup327,0,0
MLT2A1_dup328,0.021269369,0
MLT2A1_dup329,0,0
MLT2A1_dup330,0,0
MLT2A1_dup331,0,0
MLT2A1_dup332,0.126704661,0.114954964
MLT2A1_dup333,0,0
MLT2A1_dup334,0,0
MLT2A1_dup335,1.311626109,0.125498808
MLT2A1_dup336,0,0
MLT2A1_dup337,0,0
MLT2A1_dup338,0,0
MLT2A1_dup339,0,0
MLT2A1_dup340,0.042022491,0
MLT2A1_dup341,0.041901982,0.019643645
MLT2A1_dup342,0,0
MLT2A1_dup343,0,0
MLT2A1_dup344,0,0
MLT2A1_dup345,0,0
MLT2A1_dup346,1.602528294,0.19341584
MLT2A1_dup347,0,0
MLT2A1_dup348,0,0
MLT2A1_dup349,0,0
MLT2A1_dup350,0.144527567,0.06556255
MLT2A1_dup351,0,0
MLT2A1_dup352,0,0
MLT2A1_dup353,0.922488328,0.052209688
MLT2A1_dup354,0,0
MLT2A1_dup355,0,0
MLT2A1_dup356,0.023807784,0.042512366
MLT2A1_dup357,0,0
MLT2A1_dup358,0,0.019376385
MLT2A1_dup359,0,0
MLT2A1_dup360,0,0
MLT2A1_dup361,0,0
MLT2A1_dup362,0,0
MLT2A1_dup363,0,0
MLT2A1_dup364,0,0
MLT2A1_dup365,0.019674166,0.040250372
MLT2A1_dup366,0,0
MLT2A1_dup367,0,0
MLT2A1_dup368,0,0
MLT2A1_dup369,0.524644436,0
MLT2A1_dup370,0.166473715,0
MLT2A1_dup371,0.224082644,0.023475235
MLT2A1_dup372,1.863955401,0
MLT2A1_dup373,0,0
MLT2A1_dup374,0.021555696,0
MLT2A1_dup375,0.045802292,0.046031924
MLT2A1_dup376,0,0
MLT2A1_dup377,0,0
MLT2A1_dup378,0,0
MLT2A1_dup379,0,0
MLT2A1_dup380,0,0
MLT2A1_dup381,0,0
MLT2A1_dup382,0,0
MLT2A1_dup383,0,0
MLT2A1_dup384,0,0
MLT2A1_dup385,0,0
MLT2A1_dup386,0,0
MLT2A1_dup387,0,0
MLT2A1_dup388,0,0
MLT2A1_dup389,0.131161109,0
MLT2A1_dup390,0.02352346,0
MLT2A1_dup391,0,0
MLT2A1_dup392,0,0
MLT2A1_dup393,0,0
MLT2A1_dup394,0.043902427,0
MLT2A1_dup395,0,0
MLT2A1_dup396,0,0
MLT2A1_dup397,0,0
MLT2A1_dup398,0.108207915,0
MLT2A1_dup399,0,0.023550749
MLT2A1_dup400,0,0
MLT2A1_dup401,0.024229694,0
MLT2A1_dup402,0.203632534,0
MLT2A1_dup403,0,0
MLT2A1_dup404,0,0
MLT2A1_dup405,0,0
MLT2A1_dup406,0,0.119080001
MLT2A1_dup407,0.330025141,0.883964034
MLT2A1_dup408,0,0
MLT2A1_dup409,0,0
MLT2A1_dup410,0,0
MLT2A1_dup411,0,0
MLT2A1_dup412,0.290022093,2.904709659
MLT2A1_dup413,0.227218122,0.169904893
MLT2A1_dup414,0.580044187,0.26833581
MLT2A1_dup415,0.158630869,0.048923104
MLT2A1_dup416,0,0
MLT2A1_dup417,0,0
MLT2A1_dup418,0.377857479,0.241378868
MLT2A1_dup419,3.631787836,1.85016012
MLT2A1_dup420,0,0
MLT2A1_dup421,0,0
MLT2A1_dup422,0,0
MLT2A1_dup423,0,0
MLT2A1_dup424,0,0
MLT2A1_dup425,0,0
MLT2A1_dup426,0,0
MLT2A1_dup427,0.090933293,0
MLT2A1_dup428,0.11698153,0
MLT2A1_dup429,0,0
MLT2A1_dup430,0,0
MLT2A1_dup431,0,0
MLT2A1_dup432,0,0.02191022
MLT2A1_dup433,0,0.12946948
MLT2A1_dup434,0,0.020835486
MLT2A1_dup435,0,0
MLT2A1_dup436,0,0
MLT2A1_dup437,0,0
MLT2A1_dup438,0,0
MLT2A1_dup439,0.080774156,0
MLT2A1_dup440,0,0
MLT2A1_dup441,0,0
MLT2A1_dup442,0,0
MLT2A1_dup443,0,0
MLT2A1_dup444,0.040833175,0
MLT2A1_dup445,0.146348549,0
MLT2A1_dup446,0.180346525,0
MLT2A1_dup447,0,0
MLT2A1_dup448,0,0
MLT2A1_dup449,0,0
MLT2A1_dup450,0.139338804,0.107080021
MLT2A1_dup451,0,0
MLT2A1_dup452,0.0366031,0
MLT2A1_dup453,0,0.039977796
MLT2A1_dup454,0.125130633,0
MLT2A1_dup455,0.188439221,0
MLT2A1_dup456,0.117001578,0.021650567
MLT2A1_dup457,0,0
MLT2A1_dup458,0.11360411,0
MLT2A1_dup459,0.021174179,0.018904836
MLT2A1_dup460,0,0
MLT2A1_dup461,0,0
MLT2A1_dup462,0,0
MLT2A1_dup463,0.021268287,0
MLT2A1_dup464,0,0
MLT2A1_dup465,0,0
MLT2A1_dup466,0.320616044,0
MLT2A1_dup467,1.010515275,0.059340178
MLT2A1_dup468,0,0
MLT2A1_dup469,0.022572474,0.020884627
MLT2A1_dup470,0.022139727,0
MLT2A1_dup471,0,0
MLT2A1_dup472,0,0
MLT2A1_dup473,0.176268021,0.020153268
MLT2A1_dup474,0.023229925,0
MLT2A1_dup475,0,0
MLT2A1_dup476,0,0
MLT2A1_dup477,0.107035939,0.442233389
MLT2A1_dup478,0,0
MLT2A1_dup479,0.046045921,0
MLT2A1_dup480,0,0
MLT2A1_dup481,0.151870758,0
MLT2A1_dup482,0,0
MLT2A1_dup483,0,0.042778173
MLT2A1_dup484,0,0
MLT2A1_dup485,0,0
MLT2A1_dup486,0,0
MLT2A1_dup487,0,0.031531312
MLT2A1_dup488,0,0.043176346
MLT2A1_dup489,0,0
MLT2A1_dup490,0,0
MLT2A1_dup491,0,0
MLT2A1_dup492,0,0
MLT2A1_dup493,2.299479833,0.62223245
MLT2A1_dup494,0.142846703,0
MLT2A1_dup495,0,0
MLT2A1_dup496,0.270519787,0
MLT2A1_dup497,0.175652053,0.046064613
MLT2A1_dup498,0,0
MLT2A1_dup499,0,0
MLT2A1_dup500,0,0.02348828
MLT2A1_dup501,0,0
MLT2A1_dup502,0,0
MLT2A1_dup503,0,0
MLT2A1_dup504,0,0
MLT2A1_dup505,0,0
MLT2A1_dup506,0,0
MLT2A1_dup507,0.310534994,0
MLT2A1_dup508,0,0
MLT2A1_dup509,0,0
MLT2A1_dup510,0,0
MLT2A1_dup511,0.018900946,0.018657174
MLT2A1_dup512,0.255219442,0
MLT2A1_dup513,0.085229325,0
MLT2A1_dup514,0,0
MLT2A1_dup515,0,0
MLT2A1_dup516,0,0
MLT2A1_dup517,0.43283166,0
MLT2A1_dup518,0.69818581,0.064987993
MLT2A1_dup519,0.273410434,0.044275409
MLT2A1_dup520,0.257058903,0.605502626
MLT2A1_dup521,0,0.161001486
MLT2A1_dup522,0,0
MLT2A1_dup523,0,0
MLT2A1_dup524,0,0
MLT2A1_dup525,0,0
MLT2A1_dup526,0.023286445,0
MLT2A1_dup527,1.376292081,0.177399656
MLT2A1_dup528,0,0
MLT2A1_dup529,0,0
MLT2A1_dup530,0.082851647,0.059670794
MLT2A1_dup531,0.041710211,0
MLT2A1_dup532,0,0
MLT2A1_dup533,0,0
MLT2A1_dup534,0,0
MLT2A1_dup535,1.045588199,0.571334654
MLT2A1_dup536,0,0
MLT2A1_dup537,0.570789883,0.023302847
MLT2A1_dup538,0,0
MLT2A1_dup539,0.086913988,0.070502472
MLT2A1_dup540,0,0
MLT2A1_dup541,0,0
MLT2A1_dup542,0,0
MLT2A1_dup543,0,0
MLT2A1_dup544,0,0
MLT2A1_dup545,0,0
MLT2A1_dup546,0,0
MLT2A1_dup547,0.066419181,0
MLT2A1_dup548,0,0
MLT2A1_dup549,0.049333655,0
MLT2A1_dup550,0,0
MLT2A1_dup551,0,0
MLT2A1_dup552,0,0
MLT2A1_dup553,0,0
MLT2A1_dup554,0,0
MLT2A1_dup555,0,0
MLT2A1_dup556,0,0
MLT2A1_dup557,0.110698634,0
MLT2A1_dup558,0,0
MLT2A1_dup559,0,0
MLT2A1_dup560,0,0
MLT2A1_dup561,0,0
MLT2A1_dup562,0,0
MLT2A1_dup563,0,0
MLT2A1_dup564,0.221964954,0
MLT2A1_dup565,0.060962206,0.062359731
MLT2A1_dup566,0,0
MLT2A1_dup567,0,0
MLT2A1_dup568,0,0
MLT2A1_dup569,0,0
MLT2A1_dup570,0,0
MLT2A1_dup571,0,0
MLT2A1_dup572,0.02231091,0
MLT2A1_dup573,0,0
MLT2A1_dup574,0.084736554,0.157120575
MLT2A1_dup575,0,0
MLT2A1_dup576,0,0
MLT2A1_dup577,0.021702334,0
MLT2A1_dup578,0.176168644,0.299309605
MLT2A1_dup579,0,0.03928729
MLT2A1_dup580,0,0
MLT2A1_dup581,0.022027056,0
MLT2A1_dup3595,0.378708795,0.338026532
MLT2A1_dup3596,0.082105235,0
MLT2A1_dup3597,0,0
MLT2A1_dup3598,0,0
MLT2A1_dup3599,0,0
MLT2A1_dup3600,0,0
MLT2A1_dup3601,0,0
MLT2A1_dup3602,0,0
MLT2A1_dup3603,0.021268287,0
MLT2A1_dup3604,0,0
MLT2A1_dup3605,0,0.021133847
MLT2A1_dup3606,0.279114885,0.08947629
MLT2A1_dup3607,1.500256786,0.625242853
MLT2A1_dup3608,0.251203347,0
MLT2A1_dup3609,0,0
MLT2A1_dup3610,0,0
MLT2A1_dup3611,0,0
MLT2A1_dup3612,0,0
MLT2A1_dup3613,0,0
MLT2A1_dup3614,0.042348359,0.039181778
MLT2A1_dup3615,0,0
MLT2A1_dup3616,0,0
MLT2A1_dup3617,0.068689443,0
MLT2A1_dup3618,0,0.022248949
MLT2A1_dup3619,0,0
MLT2A1_dup3620,0,0
MLT2A1_dup3621,0,0
MLT2A1_dup3622,0,0
MLT2A1_dup3623,0,0
MLT2A1_dup3624,0,0
MLT2A1_dup3625,0.042192968,0.098900297
MLT2A1_dup3626,0.659037644,0.836472435
MLT2A1_dup3627,0.897196881,1.11250632
MLT2A1_dup3628,0,0
MLT2A1_dup3629,0,0
MLT2A1_dup3630,0,0
MLT2A1_dup3631,0,0
MLT2A1_dup3632,0,0
MLT2A1_dup3633,0,0
MLT2A1_dup3634,0,0
MLT2A1_dup3635,0,0
MLT2A1_dup3636,0,0
MLT2A1_dup3637,0.298961156,0.108784788
MLT2A1_dup3638,0.65750648,0.379503503
MLT2A1_dup3639,0.039283108,0
MLT2A1_dup3640,0,0
MLT2A1_dup3641,0,0
MLT2A1_dup3642,0,0
MLT2A1_dup3643,9.055085246,0.665257771
MLT2A1_dup3644,0.780389875,0.163341976
MLT2A1_dup3645,0.120357819,0.089231115
MLT2A1_dup3646,0,0
MLT2A1_dup3647,0,0
MLT2A1_dup3648,0.023748707,0
MLT2A1_dup3649,0.022519363,0
MLT2A1_dup3650,0.34175271,0
MLT2A1_dup3651,0,0
MLT2A1_dup3652,0,0
MLT2A1_dup3653,2.406048824,0.091099829
MLT2A1_dup3654,0.048220535,0.022605782
MLT2A1_dup3655,0,0
MLT2A1_dup3656,0.070374915,0
MLT2A1_dup3657,0.412768623,0.043485932
MLT2A1_dup3658,0.661859318,0
MLT2A1_dup3659,0,0
MLT2A1_dup3660,0,0
MLT2A1_dup3661,0.9243367,0.077846872
MLT2A1_dup3662,0,0
MLT2A1_dup3663,0,0
MLT2A1_dup3664,0,0
MLT2A1_dup3665,0.024603417,0
MLT2A1_dup3666,0,0
MLT2A1_dup3667,0,0.255074199
MLT2A1_dup3668,0,0.299824058
MLT2A1_dup3669,0,0.112374134
MLT2A1_dup3670,0,0.205932133
MLT2A1_dup3671,0.098859313,0.069458067
MLT2A1_dup3672,0,0
MLT2A1_dup3673,0,0
MLT2A1_dup3674,0,0
MLT2A1_dup3675,0,0
MLT2A1_dup3676,0.019718982,0
MLT2A1_dup3677,0,0
MLT2A1_dup3678,0,0
MLT2A1_dup3679,0,0
MLT2A1_dup3680,0,0
MLT2A1_dup3681,0,0
MLT2A1_dup3682,0.044723033,0
MLT2A1_dup3683,0.019585143,0
MLT2A1_dup3684,0.09785544,0.225119766
MLT2A1_dup3685,0,0
MLT2A1_dup3686,0.023457669,0
MLT2A1_dup3687,0,0
MLT2A1_dup3688,0,0
MLT2A1_dup3689,0,0
MLT2A1_dup3690,0,0
MLT2A1_dup3691,0,0
MLT2A1_dup3692,0,0
MLT2A1_dup3693,0,0
MLT2A1_dup3694,0,0
MLT2A1_dup3695,0,0
MLT2A1_dup3696,0,0
MLT2A1_dup3697,0,0
MLT2A1_dup3698,0,0
MLT2A1_dup3699,0,0
MLT2A1_dup3700,0.196544777,0.168458712
MLT2A1_dup3701,0,0
MLT2A1_dup3702,0,0
MLT2A1_dup3703,0,0
MLT2A1_dup3704,0,0
MLT2A1_dup3705,0,0
MLT2A1_dup3706,0,0
MLT2A1_dup3707,0.206110314,0
MLT2A1_dup3708,0.047343798,0.023000212
MLT2A1_dup3709,0.269598002,0.120351911
MLT2A1_dup3710,0.111495367,0.042066897
MLT2A1_dup3711,5.740633762,1.645062455
MLT2A1_dup3712,0.098370832,0
MLT2A1_dup3713,0.114207081,0
MLT2A1_dup3714,0,0.158240475
MLT2A1_dup3715,0.124844947,0.058527299
MLT2A1_dup3716,0.136076717,0.082464774
MLT2A1_dup3717,0,0
MLT2A1_dup3718,0,0
MLT2A1_dup3719,3.618266367,3.058439499
MLT2A1_dup3720,1.384117401,2.324178066
MLT2A1_dup3721,1.300499338,2.91456446
MLT2A1_dup3722,0,0
MLT2A1_dup3723,0,0
MLT2A1_dup3724,0,0
MLT2A1_dup3725,0,0
MLT2A1_dup3726,0,0
MLT2A1_dup3727,0,0
MLT2A1_dup583,0,0
MLT2A1_dup584,0.021805121,0
MLT2A1_dup585,0,0
MLT2A1_dup586,0,0
MLT2A1_dup587,0,0
MLT2A1_dup588,0,0
MLT2A1_dup589,0,0
MLT2A1_dup590,0,0
MLT2A1_dup591,0,0
MLT2A1_dup592,0,0
MLT2A1_dup593,0,0
MLT2A1_dup594,0.641232088,0.31648095
MLT2A1_dup595,0.502969097,0.506191714
MLT2A1_dup596,0,1.840763269
MLT2A1_dup597,0.233737605,0.590029421
MLT2A1_dup598,0.224265109,0.49344677
MLT2A1_dup599,0.241956136,0.425511128
MLT2A1_dup600,0,0
MLT2A1_dup601,0.021315655,0
MLT2A1_dup602,0,0
MLT2A1_dup603,0,0
MLT2A1_dup604,0.088409524,0.06376855
MLT2A1_dup605,0,0
MLT2A1_dup606,0,0
MLT2A1_dup607,0,0
MLT2A1_dup608,0,0
MLT2A1_dup609,0,0.022474827
MLT2A1_dup610,0,0.022486804
MLT2A1_dup611,0,0
MLT2A1_dup612,0.021653233,0.040068243
MLT2A1_dup613,0.023061998,0.020590327
MLT2A1_dup614,0.585963005,0.174387462
MLT2A1_dup615,0,0
MLT2A1_dup616,0,0
MLT2A1_dup617,0.042989062,0.123845043
MLT2A1_dup618,0.993737086,0
MLT2A1_dup619,0.022083248,0
MLT2A1_dup620,0.191095655,0
MLT2A1_dup621,0.961848133,0.655931981
MLT2A1_dup622,0.056395005,0.113355488
MLT2A1_dup623,0.480924066,0
MLT2A1_dup624,0.067454285,0
MLT2A1_dup625,0,0
MLT2A1_dup626,0,0
MLT2A1_dup627,0,0
MLT2A1_dup628,0,0
MLT2A1_dup629,0,0
MLT2A1_dup630,0,0
MLT2A1_dup631,0,0
MLT2A1_dup632,0,0
MLT2A1_dup633,0,0
MLT2A1_dup634,0,0
MLT2A1_dup635,0,0
MLT2A1_dup636,0.201317051,0.102966067
MLT2A1_dup637,0.04904608,0.025085217
MLT2A1_dup638,0.019496922,0
MLT2A1_dup639,0,0
MLT2A1_dup640,0,0
MLT2A1_dup641,0,0
MLT2A1_dup642,0,0
MLT2A1_dup643,0.332911274,0
MLT2A1_dup644,0.286989051,0.021523893
MLT2A1_dup645,0.176418969,0
MLT2A1_dup646,0.042918068,0
MLT2A1_dup647,0,0
MLT2A1_dup648,0,0
MLT2A1_dup649,0.022901146,0
MLT2A1_dup650,0.067806526,0
MLT2A1_dup651,0,0
MLT2A1_dup652,0,0
MLT2A1_dup653,0.183204077,0.092481271
MLT2A1_dup654,0.865663319,0.885508174
MLT2A1_dup655,0.077637966,0
MLT2A1_dup656,0.127514181,0.058795773
MLT2A1_dup657,0.252061196,0.041134911
MLT2A1_dup658,0.066589486,0.200372449
MLT2A1_dup659,0,0
MLT2A1_dup660,0,0
MLT2A1_dup661,0.541039575,0.110688522
MLT2A1_dup662,0.09004535,0.020590327
MLT2A1_dup663,0,0
MLT2A1_dup664,0,0
MLT2A1_dup665,0,0
MLT2A1_dup666,0,0
MLT2A1_dup667,0,0
MLT2A1_dup668,0,0
MLT2A1_dup669,0.081515203,0
MLT2A1_dup670,0,0
MLT2A1_dup671,0,0
MLT2A1_dup672,0,0
MLT2A1_dup673,0,0
MLT2A1_dup674,0.187977424,0.067741653
MLT2A1_dup675,0,0
MLT2A1_dup676,0,0
MLT2A1_dup677,0,0
MLT2A1_dup678,0.079418653,0.039197182
MLT2A1_dup679,0,0
MLT2A1_dup680,0,0
MLT2A1_dup681,0,0
MLT2A1_dup682,0,0
MLT2A1_dup683,0,0
MLT2A1_dup684,0,0
MLT2A1_dup685,0,0
MLT2A1_dup686,0,0
MLT2A1_dup687,0,0
MLT2A1_dup688,0,0
MLT2A1_dup689,0,0
MLT2A1_dup690,0,0
MLT2A1_dup691,0.061500202,0
MLT2A1_dup692,0,0
MLT2A1_dup693,0,0.023120318
MLT2A1_dup694,0,0
MLT2A1_dup695,0,0
MLT2A1_dup696,0,0
MLT2A1_dup697,0,0
MLT2A1_dup698,0,0
MLT2A1_dup699,0,0
MLT2A1_dup700,0.264732461,0.102489372
MLT2A1_dup701,0,0
MLT2A1_dup702,0,0
MLT2A1_dup703,0,0
MLT2A1_dup704,0,0
MLT2A1_dup705,0,0
MLT2A1_dup706,0,0
MLT2A1_dup707,0,0
MLT2A1_dup708,0,0
MLT2A1_dup709,0,0
MLT2A1_dup710,0,0
MLT2A1_dup711,0,0
MLT2A1_dup712,0,0
MLT2A1_dup713,0,0
MLT2A1_dup714,0,0
MLT2A1_dup715,0,0
MLT2A1_dup716,0,0
MLT2A1_dup717,0,0
MLT2A1_dup718,0,0
MLT2A1_dup719,1.926969315,0.627694078
MLT2A1_dup720,0.733558334,0.076474587
MLT2A1_dup721,0,0
MLT2A1_dup722,0,0
MLT2A1_dup723,0.491937058,0.085796116
MLT2A1_dup724,3.067398637,0.632806172
MLT2A1_dup725,0.458812323,0.04052669
MLT2A1_dup726,0,0
MLT2A1_dup727,0,0
MLT2A1_dup728,0,0
MLT2A1_dup729,0.037393664,0
MLT2A1_dup730,0,0
MLT2A1_dup731,0.025454067,0.023550749
MLT2A1_dup732,0,0
MLT2A1_dup733,0,0
MLT2A1_dup734,0.320585846,0.155355004
MLT2A1_dup735,0,0
MLT2A1_dup736,0,0
MLT2A1_dup737,0,0
MLT2A1_dup738,0,0
MLT2A1_dup739,0,0
MLT2A1_dup740,0,0
MLT2A1_dup741,0,0
MLT2A1_dup742,0,0
MLT2A1_dup743,0,0
MLT2A1_dup744,0,0
MLT2A1_dup745,0,0
MLT2A1_dup746,0.045441644,0
MLT2A1_dup582,0,0
MLT2A1_dup747,0,0.022082498
MLT2A1_dup748,0.037095849,0.034322022
MLT2A1_dup749,0.047497415,0
MLT2A1_dup750,0,0
MLT2A1_dup751,0.022602175,0
MLT2A1_dup752,0,0
MLT2A1_dup753,0.022951389,0
MLT2A1_dup754,0,0
MLT2A1_dup755,0,0
MLT2A1_dup756,0,0
MLT2A1_dup757,0,0
MLT2A1_dup758,0,0
MLT2A1_dup759,0,0.142823899
MLT2A1_dup760,0.021363235,0
MLT2A1_dup761,0,0
MLT2A1_dup762,0.063651715,0.065110895
MLT2A1_dup763,0,0
MLT2A1_dup764,0,0
MLT2A1_dup765,0,0
MLT2A1_dup766,0,0
MLT2A1_dup767,0,0
MLT2A1_dup768,0.017594783,0
MLT2A1_dup769,0,0
MLT2A1_dup770,0.201449167,0
MLT2A1_dup771,1.258426073,0
MLT2A1_dup772,0,0
MLT2A1_dup773,0.18205866,0.527800392
MLT2A1_dup774,1.138449856,0.162570583
MLT2A1_dup775,4.963815447,0
MLT2A1_dup776,0.241496917,0.224402984
MLT2A1_dup777,0.13937955,0.041480513
MLT2A1_dup778,0,0
MLT2A1_dup779,0.066932731,0
MLT2A1_dup780,0,0
MLT2A1_dup781,0.065407274,0
MLT2A1_dup782,0,0
MLT2A1_dup783,0,0
MLT2A1_dup784,0.085708304,0.058795773
MLT2A1_dup785,0,0
MLT2A1_dup786,0,0
MLT2A1_dup787,0.16608075,0.060513087
MLT2A1_dup788,0,0
MLT2A1_dup789,0,0
MLT2A1_dup790,0.184933135,0.05956333
MLT2A1_dup791,0,0
MLT2A1_dup792,0,0
MLT2A1_dup793,0,0
MLT2A1_dup794,0,0
MLT2A1_dup795,0,0
MLT2A1_dup796,0,0
MLT2A1_dup797,0,0
MLT2A1_dup798,0,0
MLT2A1_dup799,0,0
MLT2A1_dup800,0,0
MLT2A1_dup801,0.084736554,0
MLT2A1_dup802,0,0
MLT2A1_dup803,0,0
MLT2A1_dup804,0,0
MLT2A1_dup805,0,0.051167579
MLT2A1_dup806,0,0.039197182
MLT2A1_dup807,0,0
MLT2A1_dup808,0.079056011,0
MLT2A1_dup809,0,0
MLT2A1_dup810,0.141729328,0
MLT2A1_dup811,0.046800631,0.043301133
MLT2A1_dup812,0,0
MLT2A1_dup813,0.169737906,0
MLT2A1_dup814,0,0
MLT2A1_dup815,0,0
MLT2A1_dup816,0.376939022,0.045549915
MLT2A1_dup817,0,0.020641216
MLT2A1_dup818,0,0
MLT2A1_dup819,0,0
MLT2A1_dup820,0,0
MLT2A1_dup821,0.68753015,0.110188753
MLT2A1_dup822,0.239268227,0
MLT2A1_dup823,0,0.037560377
MLT2A1_dup824,0,0
MLT2A1_dup825,0,0
MLT2A1_dup826,0,0
MLT2A1_dup827,0,0
MLT2A1_dup828,0,0
MLT2A1_dup829,0,0
MLT2A1_dup830,0,0
MLT2A1_dup831,0,0
MLT2A1_dup832,0,0
MLT2A1_dup833,0.63233165,0
MLT2A1_dup834,0.182998446,0
MLT2A1_dup835,0.047304007,0
MLT2A1_dup836,0.384739253,0
MLT2A1_dup837,0,0
MLT2A1_dup838,0,0
MLT2A1_dup839,0,0
MLT2A1_dup840,0,0
MLT2A1_dup841,0,0
MLT2A1_dup842,0,0
MLT2A1_dup843,0,0
MLT2A1_dup844,0.119133087,0
MLT2A1_dup845,0,0
MLT2A1_dup846,0,0
MLT2A1_dup847,0,0
MLT2A1_dup848,0,0
MLT2A1_dup849,0.043111392,0.076981853
MLT2A1_dup850,0.019179818,0.034869875
MLT2A1_dup851,0,0
MLT2A1_dup852,0,0
MLT2A1_dup853,0,0
MLT2A1_dup854,0,0
MLT2A1_dup855,0,0
MLT2A1_dup856,0.067558088,0
MLT2A1_dup857,0,0
MLT2A1_dup858,0.025658791,0.023740166
MLT2A1_dup859,0,0
MLT2A1_dup860,0,0
MLT2A1_dup861,0.04883025,0
MLT2A1_dup862,0,0
MLT2A1_dup863,0,0
MLT2A1_dup864,0,0
MLT2A1_dup865,0,0
MLT2A1_dup867,0.147227887,0.041037895
MLT2A1_dup868,0.847915448,0.567146679
MLT2A1_dup869,0.106787595,0.039651906
MLT2A1_dup870,0.169163455,0.079303811
MLT2A1_dup871,0.019629554,0
MLT2A1_dup872,0,0.457896511
MLT2A1_dup873,0,0
MLT2A1_dup874,0,0
MLT2A1_dup875,0,0
MLT2A1_dup876,0.704229924,0.775747061
MLT2A1_dup877,0,0
MLT2A1_dup878,0,0
MLT2A1_dup879,0,0
MLT2A1_dup880,0,0
MLT2A1_dup881,0,0
MLT2A1_dup882,0,0
MLT2A1_dup883,0,0.071806602
MLT2A1_dup884,0,0
MLT2A1_dup885,0,0
MLT2A1_dup886,0,0
MLT2A1_dup887,0,0
MLT2A1_dup888,0.042748806,0.02109873
MLT2A1_dup889,0.149341206,0.021184406
MLT2A1_dup890,0,0
MLT2A1_dup891,0,0
MLT2A1_dup892,0.020131705,0
MLT2A1_dup893,0,0
MLT2A1_dup894,0,0
MLT2A1_dup895,0,0
MLT2A1_dup896,0,0
MLT2A1_dup897,0,0
MLT2A1_dup898,0.041124148,0
MLT2A1_dup899,0.270519787,0
MLT2A1_dup900,0,0
MLT2A1_dup901,0.094093839,0
MLT2A1_dup902,0.020759312,0
MLT2A1_dup903,0,0
MLT2A1_dup904,0,0
MLT2A1_dup905,0,0
MLT2A1_dup906,0,0
MLT2A1_dup907,0,0
MLT2A1_dup908,0,0
MLT2A1_dup909,0.34311658,0
MLT2A1_dup910,0.279246232,0
MLT2A1_dup911,0,0
MLT2A1_dup912,0,0
MLT2A1_dup913,0,0
MLT2A1_dup914,0,0
MLT2A1_dup915,0,0
MLT2A1_dup916,0,0.020217082
MLT2A1_dup917,0,0
MLT2A1_dup918,0.079315434,0
MLT2A1_dup919,0,0
MLT2A1_dup920,0,0
MLT2A1_dup921,0,0
MLT2A1_dup922,0,0
MLT2A1_dup923,0,0
MLT2A1_dup924,0,0
MLT2A1_dup925,0,0
MLT2A1_dup926,0,0
MLT2A1_dup927,0,0
MLT2A1_dup928,0,0
MLT2A1_dup929,0,0
MLT2A1_dup930,0,0
MLT2A1_dup931,0,0
MLT2A1_dup932,0,0
MLT2A1_dup933,0,0
MLT2A1_dup934,0,0
MLT2A1_dup935,0,0
MLT2A1_dup936,0,0
MLT2A1_dup937,0,0
MLT2A1_dup938,0,0
MLT2A1_dup939,0,0
MLT2A1_dup940,0.072873572,0
MLT2A1_dup941,0,0
MLT2A1_dup942,0.051180369,0
MLT2A1_dup943,0,0
MLT2A1_dup944,0.1631579,0
MLT2A1_dup945,0,0
MLT2A1_dup946,0,0
MLT2A1_dup947,0,0.062985152
MLT2A1_dup948,0.063107971,0
MLT2A1_dup949,0.065254971,0.038840844
MLT2A1_dup950,0.023716803,0
MLT2A1_dup951,0,0
MLT2A1_dup952,0,0.041186427
MLT2A1_dup953,0,0
MLT2A1_dup954,0,0
MLT2A1_dup955,0,0
MLT2A1_dup956,0,0
MLT2A1_dup957,0,0
MLT2A1_dup958,0,0
MLT2A1_dup959,0,0
MLT2A1_dup960,0.12223841,0.111262834
MLT2A1_dup961,0,0
MLT2A1_dup962,0.039709327,0
MLT2A1_dup963,0.1904854,0.039468756
MLT2A1_dup964,0.084976048,0.041282432
MLT2A1_dup965,0,0
MLT2A1_dup966,0,0
MLT2A1_dup967,0.15356054,0.048125444
MLT2A1_dup968,0,0
MLT2A1_dup969,0,0
MLT2A1_dup970,0,0
MLT2A1_dup971,0,0
MLT2A1_dup972,0,0
MLT2A1_dup973,0,0
MLT2A1_dup974,0,0
MLT2A1_dup975,0,0
MLT2A1_dup976,0,0
MLT2A1_dup977,0,0
MLT2A1_dup978,0,0
MLT2A1_dup979,0,0
MLT2A1_dup980,0,0
MLT2A1_dup981,0,0
MLT2A1_dup982,0,0
MLT2A1_dup983,0,0
MLT2A1_dup984,0.239268227,0
MLT2A1_dup985,0.025186129,0
MLT2A1_dup986,0,0
MLT2A1_dup987,0,0
MLT2A1_dup988,0,0
MLT2A1_dup989,0,0
MLT2A1_dup990,0,0
MLT2A1_dup991,0,0
MLT2A1_dup992,0,0
MLT2A1_dup993,0,0
MLT2A1_dup994,0,0
MLT2A1_dup995,0,0
MLT2A1_dup996,0,0
MLT2A1_dup997,0,0
MLT2A1_dup998,0.060962206,0.307431102
MLT2A1_dup999,0,0
MLT2A1_dup1000,0,0
MLT2A1_dup1001,0,0
MLT2A1_dup1002,0,0
MLT2A1_dup1003,0,0
MLT2A1_dup1004,0.045681442,0
MLT2A1_dup1005,0.062881113,0
MLT2A1_dup1006,0.02185098,0
MLT2A1_dup1007,0,0
MLT2A1_dup1008,0,0
MLT2A1_dup1009,0,0
MLT2A1_dup1010,0,0
MLT2A1_dup1011,0,0
MLT2A1_dup1012,0.206110314,0
MLT2A1_dup1013,0,0
MLT2A1_dup1014,0,0.227370919
MLT2A1_dup1015,0,0
MLT2A1_dup1016,0,0
MLT2A1_dup1017,0.087421402,0
MLT2A1_dup1018,0,0
MLT2A1_dup1019,0.366925253,0.021033448
MLT2A1_dup1020,0,0
MLT2A1_dup1021,0,0
MLT2A1_dup1022,0.022426511,0
MLT2A1_dup1023,0,0.021523893
MLT2A1_dup1024,0.089185729,0
MLT2A1_dup1025,0,0
MLT2A1_dup1026,0,0
MLT2A1_dup1027,0.09533737,0.057830725
MLT2A1_dup1028,0,0
MLT2A1_dup1029,0,0
MLT2A1_dup1030,0,0
MLT2A1_dup1031,0,0
MLT2A1_dup1032,0,0
MLT2A1_dup1033,0.04821526,0
MLT2A1_dup1034,0,0
MLT2A1_dup1035,0.044723033,0
MLT2A1_dup1036,0.149252296,0
MLT2A1_dup1037,0.297225155,0.022474827
MLT2A1_dup1038,1.635958107,0.435495823
MLT2A1_dup1039,1.603511899,0.444433302
MLT2A1_dup1040,0,0
MLT2A1_dup1041,0.043801964,0.020263345
MLT2A1_dup1042,0.024047058,0
MLT2A1_dup1043,0,0
MLT2A1_dup1044,0,0
MLT2A1_dup1045,0,0
MLT2A1_dup1046,0.021751657,0
MLT2A1_dup1047,0.042069139,0
MLT2A1_dup1048,0,0
MLT2A1_dup1049,0,0
MLT2A1_dup1050,0,0
MLT2A1_dup1051,0,0
MLT2A1_dup1052,0.041425823,0
MLT2A1_dup1053,0.315820633,0.127673292
MLT2A1_dup1054,3.540419509,0.884359967
MLT2A1_dup1055,0,0
MLT2A1_dup1056,0,0
MLT2A1_dup1057,0,0
MLT2A1_dup1058,0,0
MLT2A1_dup1059,0,0
MLT2A1_dup1060,0,0
MLT2A1_dup1061,0,0
MLT2A1_dup1062,0,0
MLT2A1_dup1063,0,0
MLT2A1_dup1064,0,0.018336879
MLT2A1_dup1065,0,0
MLT2A1_dup1066,0,0
MLT2A1_dup1067,0,0.023241684
MLT2A1_dup1068,0,0
MLT2A1_dup1069,0,0
MLT2A1_dup1070,0,0
MLT2A1_dup1071,0,0
MLT2A1_dup1072,0,0
MLT2A1_dup1073,0.379736714,0
MLT2A1_dup1074,0.325289114,0.022427784
MLT2A1_dup1075,0,0
MLT2A1_dup1076,1.826207477,0.065683679
MLT2A1_dup1077,0.832237311,0
MLT2A1_dup1078,0,0.022310668
MLT2A1_dup1079,0.042330725,0.021650567
MLT2A1_dup1080,0,0
MLT2A1_dup1081,0,0
MLT2A1_dup1082,0,0
MLT2A1_dup1083,0.021750335,0.022248949
MLT2A1_dup1084,0,0.032992223
MLT2A1_dup1085,0,0
MLT2A1_dup1086,0,0
MLT2A1_dup1087,0.020494067,0
MLT2A1_dup1088,1.448777772,0.292130545
MLT2A1_dup1089,5.349916828,0.31648095
MLT2A1_dup1090,0,0
MLT2A1_dup1091,0,0.067638409
MLT2A1_dup1092,0.021533913,0.042512366
MLT2A1_dup1093,0.024047058,0
MLT2A1_dup1094,0,0
MLT2A1_dup1095,0,0
MLT2A1_dup1096,0.236477357,0
MLT2A1_dup1097,0,0
MLT2A1_dup1098,0,0
MLT2A1_dup1099,0,0
MLT2A1_dup1100,0,0
MLT2A1_dup1101,0,0.03928729
MLT2A1_dup1102,0.023748707,0
MLT2A1_dup866,0,0
MLT2A1_dup1103,0,0
MLT2A1_dup1104,0.159375016,0
MLT2A1_dup1105,0,0
MLT2A1_dup1106,0.047615568,0
MLT2A1_dup1107,0.043831054,0
MLT2A1_dup1108,0,0
MLT2A1_dup1109,0,0
MLT2A1_dup1110,0,0
MLT2A1_dup1111,0,0
MLT2A1_dup1112,0,0
MLT2A1_dup1113,0,0
MLT2A1_dup1114,0,0
MLT2A1_dup1115,0,0
MLT2A1_dup1116,0.039259107,0
MLT2A1_dup1117,0,0
MLT2A1_dup1118,0,0
MLT2A1_dup1119,0,0
MLT2A1_dup1120,0,0
MLT2A1_dup1121,0,0
MLT2A1_dup1122,0.022780614,0
MLT2A1_dup1123,0.098434882,0.038062297
MLT2A1_dup1124,0.206459303,0
MLT2A1_dup1125,0.07106977,0
MLT2A1_dup1126,0,0
MLT2A1_dup1127,0.341811753,0
MLT2A1_dup1128,0,0
MLT2A1_dup1129,0.214792131,0.0667577
MLT2A1_dup1130,0,0
MLT2A1_dup1131,0,0
MLT2A1_dup1132,0.044723033,0
MLT2A1_dup1133,0.042726469,0.137668473
MLT2A1_dup1134,0,0
MLT2A1_dup1135,0,0
MLT2A1_dup1136,0,0
MLT2A1_dup1137,0,0
MLT2A1_dup1138,0,0
MLT2A1_dup1139,0,0
MLT2A1_dup1140,0,0
MLT2A1_dup1141,0.239268227,0
MLT2A1_dup1142,0,0
MLT2A1_dup1143,0,0
MLT2A1_dup1144,0,0
MLT2A1_dup1145,0,0
MLT2A1_dup1146,0,0
MLT2A1_dup1147,0,0
MLT2A1_dup1148,0.02418054,0
MLT2A1_dup1149,0.017244289,0
MLT2A1_dup1150,0,0
MLT2A1_dup1151,0,0
MLT2A1_dup1152,0,0
MLT2A1_dup1153,0,0
MLT2A1_dup1154,0,0
MLT2A1_dup1155,0,0
MLT2A1_dup1156,0,0
MLT2A1_dup1157,0,0.043728799
MLT2A1_dup1158,0,0
MLT2A1_dup1159,0.193248222,0.040159101
MLT2A1_dup1160,0,0
MLT2A1_dup1161,0,0
MLT2A1_dup1162,0.021915527,0
MLT2A1_dup1163,0,0
MLT2A1_dup1164,0,0
MLT2A1_dup1165,0,0
MLT2A1_dup1166,0,0.03892932
MLT2A1_dup1167,0,0
MLT2A1_dup1168,0,0
MLT2A1_dup1169,0,0
MLT2A1_dup1170,0,0
MLT2A1_dup1171,0,0.075362398
MLT2A1_dup1172,0,0
MLT2A1_dup1173,0,0
MLT2A1_dup1174,0,0
MLT2A1_dup1175,0,0
MLT2A1_dup1176,0,0
MLT2A1_dup1177,0,0
MLT2A1_dup1178,0,0
MLT2A1_dup1179,0,0
MLT2A1_dup1180,0,0
MLT2A1_dup1181,0,0
MLT2A1_dup1182,0,0
MLT2A1_dup1183,0,0
MLT2A1_dup1184,0.092091842,0
MLT2A1_dup1185,0.03738566,0
MLT2A1_dup1186,0,0.208414284
MLT2A1_dup1187,0.024794635,0.022940626
MLT2A1_dup1188,0,0
MLT2A1_dup1189,0,0
MLT2A1_dup1190,0,0
MLT2A1_dup1191,0.123715129,0.118100005
MLT2A1_dup1192,0,0
MLT2A1_dup1193,0,0
MLT2A1_dup1194,0,0
MLT2A1_dup1195,0,0
MLT2A1_dup1196,0.323096624,0.040250372
MLT2A1_dup1197,0.039259107,0
MLT2A1_dup1198,0,0
MLT2A1_dup1199,0,0
MLT2A1_dup1200,0,0
MLT2A1_dup1201,0.138721387,0
MLT2A1_dup1202,0.142846703,0
MLT2A1_dup1203,0,0
MLT2A1_dup1204,0,0.049331932
MLT2A1_dup1205,0,0
MLT2A1_dup1206,0,0
MLT2A1_dup1207,0,0
MLT2A1_dup1208,0,0
MLT2A1_dup1209,0,0
MLT2A1_dup1210,0.050638778,0.022605782
MLT2A1_dup1211,0,0.237360713
MLT2A1_dup1212,0.038134948,0.056464663
MLT2A1_dup1213,0.183697501,0.057093445
MLT2A1_dup1214,0.644668906,0.090128058
MLT2A1_dup1215,0,0.221377043
MLT2A1_dup1216,0,0
MLT2A1_dup1217,0,0
MLT2A1_dup1218,0,0
MLT2A1_dup1219,0,0
MLT2A1_dup1220,0,0
MLT2A1_dup1221,0.024603417,0
MLT2A1_dup1222,0,0
MLT2A1_dup1223,0.024047058,0
MLT2A1_dup1224,0,0
MLT2A1_dup1225,0.031796442,0
MLT2A1_dup1226,0.038645684,0
MLT2A1_dup1227,0.312724353,0
MLT2A1_dup1228,0,0
MLT2A1_dup1229,0,0
MLT2A1_dup1230,0,0
MLT2A1_dup1231,0,0
MLT2A1_dup1232,0,0
MLT2A1_dup1233,0,0
MLT2A1_dup1234,0,0
MLT2A1_dup1235,0,0
MLT2A1_dup1236,0,0
MLT2A1_dup1237,0,0
MLT2A1_dup1238,0.043831054,0
MLT2A1_dup1239,0.104046072,0.123244986
MLT2A1_dup1240,0,0
MLT2A1_dup1241,0.042434476,0
MLT2A1_dup1242,0,0.019590889
MLT2A1_dup1243,0,0
MLT2A1_dup1244,0.045797393,0
MLT2A1_dup1245,0.16035119,0
MLT2A1_dup1246,0,0
MLT2A1_dup1247,0.045561227,0
MLT2A1_dup1248,0,0
MLT2A1_dup1249,0.43283166,0
MLT2A1_dup1250,0,0
MLT2A1_dup1251,0.022309392,0
MLT2A1_dup1252,0,0
MLT2A1_dup1253,0,0
MLT2A1_dup1254,0,0
MLT2A1_dup1255,0,0
MLT2A1_dup1256,0,0
MLT2A1_dup1257,0,0
MLT2A1_dup1258,0,0
MLT2A1_dup1259,0,0
MLT2A1_dup1260,0,0
MLT2A1_dup1261,0,0
MLT2A1_dup1262,0,0
MLT2A1_dup1263,0.152982895,0.126501168
MLT2A1_dup1264,0,0
MLT2A1_dup1265,0.023343242,0
MLT2A1_dup1266,0,0
MLT2A1_dup1267,0.089014223,0
MLT2A1_dup1268,0,0
MLT2A1_dup1269,0,0
MLT2A1_dup1270,0,0
MLT2A1_dup1271,0,0
MLT2A1_dup1272,0,0
MLT2A1_dup1273,0,0
MLT2A1_dup1274,0,0
MLT2A1_dup1275,0,0
MLT2A1_dup1276,0,0
MLT2A1_dup1277,0,0
MLT2A1_dup1278,0,0
MLT2A1_dup1279,0,0
MLT2A1_dup1280,0.044027445,0
MLT2A1_dup1281,0,0
MLT2A1_dup1282,0,0
MLT2A1_dup1283,0.121783168,0.079470135
MLT2A1_dup1284,0,0.078386452
MLT2A1_dup1285,0.247332377,0
MLT2A1_dup1286,0.019992224,0
MLT2A1_dup1287,0,0
MLT2A1_dup1288,0,0
MLT2A1_dup1289,0,0
MLT2A1_dup1290,0,0
MLT2A1_dup1291,0,0
MLT2A1_dup1292,0,0
MLT2A1_dup1293,0,0
MLT2A1_dup1294,0,0
MLT2A1_dup1295,0,0
MLT2A1_dup1296,0,0
MLT2A1_dup1297,0,0
MLT2A1_dup1298,0,0.02007955
MLT2A1_dup1299,0,0
MLT2A1_dup1300,0,0
MLT2A1_dup1301,0,0
MLT2A1_dup1302,0,0.020345204
MLT2A1_dup1303,0.021480479,0
MLT2A1_dup1304,0,0
MLT2A1_dup1305,0,0
MLT2A1_dup1306,0,0
MLT2A1_dup1307,0,0
MLT2A1_dup1308,0,0
MLT2A1_dup1309,0,0
MLT2A1_dup1310,0,0
MLT2A1_dup1311,0,0
MLT2A1_dup1312,0,0
MLT2A1_dup1313,0,0
MLT2A1_dup1314,0,0
MLT2A1_dup1315,0,0
MLT2A1_dup1316,0,0
MLT2A1_dup1317,0.040595462,0
MLT2A1_dup1318,0,0
MLT2A1_dup1319,0,0
MLT2A1_dup1320,0,0.036207566
MLT2A1_dup1321,0,0
MLT2A1_dup1322,0,0
MLT2A1_dup1323,3.829013725,0.463812246
MLT2A1_dup1324,0,0
MLT2A1_dup1325,0.064667088,0.059831633
MLT2A1_dup1326,0,0.060459804
MLT2A1_dup1327,0,0
MLT2A1_dup1328,0,0
MLT2A1_dup1329,0,0
MLT2A1_dup1330,0,0
MLT2A1_dup1331,0,0
MLT2A1_dup1332,0,0.045817617
MLT2A1_dup1333,0,0.020393761
MLT2A1_dup1334,0.137163242,0
MLT2A1_dup1335,0.772622362,0.185760558
MLT2A1_dup1336,0,0
MLT2A1_dup1337,0,0
MLT2A1_dup1338,0.023459711,0.023997511
MLT2A1_dup1339,0,0
MLT2A1_dup1340,0,0
MLT2A1_dup1341,0,0
MLT2A1_dup1342,0,0
MLT2A1_dup1343,0.022720822,0
MLT2A1_dup1344,0.254606859,0
MLT2A1_dup1345,0.058716129,0.157269675
MLT2A1_dup1346,0.191414582,0.51269914
MLT2A1_dup1347,0.92056659,0.058172765
MLT2A1_dup1348,0,0
MLT2A1_dup1349,0,0
MLT2A1_dup1350,0,0
MLT2A1_dup1351,0.290544587,0
MLT2A1_dup1352,0.666908271,0.541085685
MLT2A1_dup1353,0.024168508,0.021578247
MLT2A1_dup1354,0,0.184895416
MLT2A1_dup1355,0.037719535,0
MLT2A1_dup1356,0.046013121,0
MLT2A1_dup1357,0,0
MLT2A1_dup1358,0.024047058,0
MLT2A1_dup1359,0,0
MLT2A1_dup1360,0,0
MLT2A1_dup1361,0,0
MLT2A1_dup1362,0,0
MLT2A1_dup1363,0,0
MLT2A1_dup1364,0,0
MLT2A1_dup1365,0.598170567,0.718542473
MLT2A1_dup1366,0,0.040497562
MLT2A1_dup1367,0,0.020105849
MLT2A1_dup1368,0,0
MLT2A1_dup1369,0,0
MLT2A1_dup1370,0,0.040465273
MLT2A1_dup1371,0,0
MLT2A1_dup1372,0.019674166,0
MLT2A1_dup1373,0,0
MLT2A1_dup1374,0.083997061,0.060495735
MLT2A1_dup1375,0,0
MLT2A1_dup1376,0,0
MLT2A1_dup1377,0,0
MLT2A1_dup1378,0.503909209,0.042093525
MLT2A1_dup1379,0,0.020737896
MLT2A1_dup1380,0,0
MLT2A1_dup1381,0,0
MLT2A1_dup1382,0,0
MLT2A1_dup1383,0.191987609,0.045573257
MLT2A1_dup1384,1.125968127,0
MLT2A1_dup1385,0,0
MLT2A1_dup1386,0,0
MLT2A1_dup1387,0,0
MLT2A1_dup1388,0,0
MLT2A1_dup1389,0,0
MLT2A1_dup1390,0,0
MLT2A1_dup1391,0,0
MLT2A1_dup1392,0,0
MLT2A1_dup1393,0,0
MLT2A1_dup1394,0.298809218,0
MLT2A1_dup1395,0.423125118,0.086478401
MLT2A1_dup1396,0,0.019504585
MLT2A1_dup1397,0.11478717,0.022532015
MLT2A1_dup1398,0.020273146,0
MLT2A1_dup1399,0.022901146,0
MLT2A1_dup1400,0,0
MLT2A1_dup1401,0,0
MLT2A1_dup1402,0,0
MLT2A1_dup1403,0,0
MLT2A1_dup1404,0,0
MLT2A1_dup1405,0,0
MLT2A1_dup1406,0,0
MLT2A1_dup1407,0.298711061,0.038666816
MLT2A1_dup1408,0.065254971,0
MLT2A1_dup1409,0,0
MLT2A1_dup1410,0,0
MLT2A1_dup1411,0,0
MLT2A1_dup1412,0,0
MLT2A1_dup1413,0,0
MLT2A1_dup1414,0,0
MLT2A1_dup1415,0.151909351,0
MLT2A1_dup1416,0,0
MLT2A1_dup1417,0,0
MLT2A1_dup1418,0.083236858,0
MLT2A1_dup1419,1.577193032,0.665257771
MLT2A1_dup1420,0.77487537,0.045312676
MLT2A1_dup1421,0.837738696,0
MLT2A1_dup1422,0,0.019780059
MLT2A1_dup1423,0.019652421,0
MLT2A1_dup1424,0,0
MLT2A1_dup1425,0,0
MLT2A1_dup1426,0,0
MLT2A1_dup1427,0,0
MLT2A1_dup1428,0,0
MLT2A1_dup1429,0,0
MLT2A1_dup1430,0,0
MLT2A1_dup1431,0,0
MLT2A1_dup1432,0,0
MLT2A1_dup1433,0,0
MLT2A1_dup1434,0,0
MLT2A1_dup1435,0,0
MLT2A1_dup1436,0.022083248,0
MLT2A1_dup1437,0.039709327,0.060929462
MLT2A1_dup1438,0,0
MLT2A1_dup1439,0,0
MLT2A1_dup1440,0,0
MLT2A1_dup1441,0,0.04052669
MLT2A1_dup1442,0,0
MLT2A1_dup1443,0,0
MLT2A1_dup1444,0,0
MLT2A1_dup1445,0,0
MLT2A1_dup1446,0,0
MLT2A1_dup1447,0,0
MLT2A1_dup1448,0,0
MLT2A1_dup1449,0,0
MLT2A1_dup1450,0,0
MLT2A1_dup1451,0,0
MLT2A1_dup1452,0.088823472,0.122553119
MLT2A1_dup1453,0,0
MLT2A1_dup1454,0,0
MLT2A1_dup1456,0.045204351,0
MLT2A1_dup1457,0,0
MLT2A1_dup1458,0,0.134167905
MLT2A1_dup1459,0.048459388,0
MLT2A1_dup1460,0,0
MLT2A1_dup1461,0,0
MLT2A1_dup1462,0,0
MLT2A1_dup1463,0,0
MLT2A1_dup1464,2.383308466,2.731330684
MLT2A1_dup1465,0.016732044,0
MLT2A1_dup1466,0,0
MLT2A1_dup1467,0.407062681,0
MLT2A1_dup1468,0.126879317,0.017998134
MLT2A1_dup1469,0,0
MLT2A1_dup1470,0,0
MLT2A1_dup1471,0.041518624,0.042470416
MLT2A1_dup1472,0.131161109,0
MLT2A1_dup1473,0,0
MLT2A1_dup1474,0,0
MLT2A1_dup1475,0,0
MLT2A1_dup1476,0,0
MLT2A1_dup1477,0.056968625,0
MLT2A1_dup1478,0,0
MLT2A1_dup1479,0,0
MLT2A1_dup1480,0,0
MLT2A1_dup1481,0,0
MLT2A1_dup1482,0,0
MLT2A1_dup1483,0,0
MLT2A1_dup1484,0,0
MLT2A1_dup1485,0,0
MLT2A1_dup1486,0,0
MLT2A1_dup1487,0,0
MLT2A1_dup1488,0,0.020125186
MLT2A1_dup1489,0,0
MLT2A1_dup1490,0,0
MLT2A1_dup1491,0.072505523,0
MLT2A1_dup1492,0,0
MLT2A1_dup1493,0.212242069,0.091579302
MLT2A1_dup1494,0,0
MLT2A1_dup1495,0,0.096839896
MLT2A1_dup1496,0,0
MLT2A1_dup1497,0.247332377,0
MLT2A1_dup1498,0.069288648,0.066868693
MLT2A1_dup1499,0,0
MLT2A1_dup1500,0.398979793,0.152650199
MLT2A1_dup1501,0,0
MLT2A1_dup1502,0,0
MLT2A1_dup1503,0,0
MLT2A1_dup1504,0,0
MLT2A1_dup1505,0,0
MLT2A1_dup1506,0,0
MLT2A1_dup1507,0,0
MLT2A1_dup1508,0,0
MLT2A1_dup1509,0.049206833,0
MLT2A1_dup1510,0,0
MLT2A1_dup1511,0,0
MLT2A1_dup1512,0,0
MLT2A1_dup1513,0,0.093344613
MLT2A1_dup1514,0.019109566,0.019547642
MLT2A1_dup1515,0,0
MLT2A1_dup1516,0,0
MLT2A1_dup1517,0,0
MLT2A1_dup1518,0.106346845,0
MLT2A1_dup1519,0.558492464,0
MLT2A1_dup1520,0,0
MLT2A1_dup1521,0,0
MLT2A1_dup1522,0,0
MLT2A1_dup1523,0,0
MLT2A1_dup1524,0.166473715,0
MLT2A1_dup1525,0.068468205,0
MLT2A1_dup1526,0.420155318,0.019598591
MLT2A1_dup1527,0.09866731,0
MLT2A1_dup1528,0.290022093,0
MLT2A1_dup1455,0,0
MLT2A1_dup1529,0,0
MLT2A1_dup1530,0,0
MLT2A1_dup1531,0,0
MLT2A1_dup1532,0.039984449,0
MLT2A1_dup1533,0.1804295,0.116778976
MLT2A1_dup1534,0,0.037478007
MLT2A1_dup1535,0.124560562,0.020171029
MLT2A1_dup1536,0.025454067,0
MLT2A1_dup1537,0,0
MLT2A1_dup1538,0,0
MLT2A1_dup1539,0,0
MLT2A1_dup1540,0,0
MLT2A1_dup1541,0.024666828,0
MLT2A1_dup1542,0,0
MLT2A1_dup1543,0,0
MLT2A1_dup1544,0.023173678,0
MLT2A1_dup1545,0.021653233,0
MLT2A1_dup1546,0,0
MLT2A1_dup1547,0.058888661,0.059183903
MLT2A1_dup1548,0.730771164,0.330253448
MLT2A1_dup1549,0.178241797,0.091638732
MLT2A1_dup1550,0.268130967,0.206188009
MLT2A1_dup1551,0,0
MLT2A1_dup1552,0,0
MLT2A1_dup1553,0,0
MLT2A1_dup1554,0.019585143,0
MLT2A1_dup1555,0,0
MLT2A1_dup1556,0,0
MLT2A1_dup1557,0,0
MLT2A1_dup1558,0,0
MLT2A1_dup1559,0,0
MLT2A1_dup1560,0,0
MLT2A1_dup1561,0,0
MLT2A1_dup1562,0,0
MLT2A1_dup1563,0,0
MLT2A1_dup1564,0,0
MLT2A1_dup1565,0.263331213,0.018145659
MLT2A1_dup1566,0,0
MLT2A1_dup1567,0,0
MLT2A1_dup1568,0,0
MLT2A1_dup1569,0.187029882,0.05883232
MLT2A1_dup1570,0,0
MLT2A1_dup1571,0,0
MLT2A1_dup1572,0,0
MLT2A1_dup1573,0,0.020217082
MLT2A1_dup1574,0,0
MLT2A1_dup1575,0,0
MLT2A1_dup1576,0,0
MLT2A1_dup1577,0.021507256,0
MLT2A1_dup1578,0,0
MLT2A1_dup1579,0,0
MLT2A1_dup1580,0.22880233,0
MLT2A1_dup1581,0.33083631,0
MLT2A1_dup1582,2.084856851,0
MLT2A1_dup1583,0.079944571,0.037478007
MLT2A1_dup1584,0.475853915,0.343539881
MLT2A1_dup1585,0.020038503,0
MLT2A1_dup1586,0.04726286,0
MLT2A1_dup1587,0,0
MLT2A1_dup1588,0.018616415,0
MLT2A1_dup1589,0,0
MLT2A1_dup1590,0,0
MLT2A1_dup1591,0,0
MLT2A1_dup1592,0.108207915,0
MLT2A1_dup1593,0.040929708,0.020933999
MLT2A1_dup1594,0,0
MLT2A1_dup1595,0.803750525,0.019002321
MLT2A1_dup1596,0,0
MLT2A1_dup1597,0,0
MLT2A1_dup1598,0.079756076,0
MLT2A1_dup1599,0,0
MLT2A1_dup1600,0,0
MLT2A1_dup1601,0,0
MLT2A1_dup1602,0,0
MLT2A1_dup1603,0,0.01946466
MLT2A1_dup1604,0,0
MLT2A1_dup1605,0,0
MLT2A1_dup1606,0,0
MLT2A1_dup1607,0,0
MLT2A1_dup1608,0,0
MLT2A1_dup1609,0.599774214,0.925632465
MLT2A1_dup1610,0.354471447,1.588147272
MLT2A1_dup1611,0.245043215,0.679749735
MLT2A1_dup1612,0.339447973,0.038926325
MLT2A1_dup1613,0.188895969,0.112434022
MLT2A1_dup1614,0.88973382,0.20345204
MLT2A1_dup1615,0.095817488,0
MLT2A1_dup1616,0.091129817,0
MLT2A1_dup1617,0,0
MLT2A1_dup1618,0.060193265,0
MLT2A1_dup1619,0,0
MLT2A1_dup1620,0,0
MLT2A1_dup1621,0,0
MLT2A1_dup1622,0,0
MLT2A1_dup1623,0,0
MLT2A1_dup1624,0.173758554,0.025014355
MLT2A1_dup1625,0,0
MLT2A1_dup1626,0.051573453,0.048710852
MLT2A1_dup1627,0,0
MLT2A1_dup1628,0,0
MLT2A1_dup1629,0.30523903,0.432863572
MLT2A1_dup1630,0,0
MLT2A1_dup1631,2.000271238,0.183439566
MLT2A1_dup1632,0,0
MLT2A1_dup1633,0.143951636,0.019420422
MLT2A1_dup1634,0.091858218,0.034657854
MLT2A1_dup1635,0,0
MLT2A1_dup1636,0,0
MLT2A1_dup1637,0,0
MLT2A1_dup1638,0,0.067389748
MLT2A1_dup1639,0,0.524033297
MLT2A1_dup1640,0,0
MLT2A1_dup1641,0,0
MLT2A1_dup1642,0,0
MLT2A1_dup1643,0,0
MLT2A1_dup1644,0.077769428,0
MLT2A1_dup1645,0,0
MLT2A1_dup1646,0,0
MLT2A1_dup1647,0.112423808,0.07398256
MLT2A1_dup1648,0,0
MLT2A1_dup1649,0,0
MLT2A1_dup1650,0,0
MLT2A1_dup1651,0.058121837,0.017297542
MLT2A1_dup1652,0.019674166,0
MLT2A1_dup1653,0.060535896,0
MLT2A1_dup1654,0,0
MLT2A1_dup1655,0,0.019943878
MLT2A1_dup1656,0.406059671,0.631963707
MLT2A1_dup1657,0.313794396,0.280163464
MLT2A1_dup1658,0,0
MLT2A1_dup1659,0,0
MLT2A1_dup1660,0,0
MLT2A1_dup1661,0,0
MLT2A1_dup1662,0,0
MLT2A1_dup1663,0,0
MLT2A1_dup1664,0,0
MLT2A1_dup1665,0,0
MLT2A1_dup1666,0,0
MLT2A1_dup1667,0,0
MLT2A1_dup1668,0,0
MLT2A1_dup1669,0,0.018415917
MLT2A1_dup1670,0,0
MLT2A1_dup1671,0,0
MLT2A1_dup1672,0,0
MLT2A1_dup1673,0.064377101,0
MLT2A1_dup1674,0,1.180677565
MLT2A1_dup1675,0.461747313,0.09255355
MLT2A1_dup1676,0,0.159591959
MLT2A1_dup1677,0.168771873,0.079120238
MLT2A1_dup1678,0,0.070040866
MLT2A1_dup1679,1.301954448,0.20345204
MLT2A1_dup1680,0.121439192,0.023364332
MLT2A1_dup1681,0,0
MLT2A1_dup1682,0,0
MLT2A1_dup1683,0,0
MLT2A1_dup1684,0,0
MLT2A1_dup1685,0.042290864,0
MLT2A1_dup1686,0.143900228,0
MLT2A1_dup1687,0,0
MLT2A1_dup1688,0,0
MLT2A1_dup1689,0,0
MLT2A1_dup1690,0.113915235,0.073729099
MLT2A1_dup1691,0.856216342,0.52727477
MLT2A1_dup1692,1.634813302,1.072546896
MLT2A1_dup1693,0.118584016,0.050773098
MLT2A1_dup1694,0,0.017618527
MLT2A1_dup1695,0.26908349,0.17820237
MLT2A1_dup1696,0,0
MLT2A1_dup1697,0,0
MLT2A1_dup1698,0,0
MLT2A1_dup1699,0,0
MLT2A1_dup1700,0,0
MLT2A1_dup1701,0,0
MLT2A1_dup1702,0,0
MLT2A1_dup1703,0,0
MLT2A1_dup1704,0,0
MLT2A1_dup1705,0,0
MLT2A1_dup1706,0,0
MLT2A1_dup1707,0,0
MLT2A1_dup1708,0,0
MLT2A1_dup1709,0,0
MLT2A1_dup1710,0,0
MLT2A1_dup1711,0,0
MLT2A1_dup1712,0.023343242,0
MLT2A1_dup1713,0,0
MLT2A1_dup1714,0.120122489,0.019420422
MLT2A1_dup1715,0.059156947,0
MLT2A1_dup1716,0,0
MLT2A1_dup1717,0,0
MLT2A1_dup1718,0.050344561,0.064588088
MLT2A1_dup1719,0.044411736,0
MLT2A1_dup1720,0,0
MLT2A1_dup1721,0,0
MLT2A1_dup1722,0,0
MLT2A1_dup1723,0,0.020995051
MLT2A1_dup1724,0,0
MLT2A1_dup1725,0,0.022786628
MLT2A1_dup1726,0,0
MLT2A1_dup1727,0,0
MLT2A1_dup1728,0,0
MLT2A1_dup1729,0,0.020786577
MLT2A1_dup1730,0.487553182,0.019288907
MLT2A1_dup1731,0,0
MLT2A1_dup1732,0,0.044609984
MLT2A1_dup1733,0.208366548,0.059919291
MLT2A1_dup1734,0.455706416,0
MLT2A1_dup1735,0.019453108,0
MLT2A1_dup1736,0.152965296,0.121551616
MLT2A1_dup1737,0,0
MLT2A1_dup1738,0,0
MLT2A1_dup1739,0,0
MLT2A1_dup1740,0,0
MLT2A1_dup1741,0,0
MLT2A1_dup1742,0,0
MLT2A1_dup1743,0.128141221,0.079615036
MLT2A1_dup1744,0,0
MLT2A1_dup1745,0,0
MLT2A1_dup1746,0,0
MLT2A1_dup1747,12.0631313,1.065604031
MLT2A1_dup1748,1.782025796,0.15812646
MLT2A1_dup1749,0,0
MLT2A1_dup1750,0,0
MLT2A1_dup1751,0.591554954,0.035209073
MLT2A1_dup1752,0,0
MLT2A1_dup1753,0,0
MLT2A1_dup1754,0,0.056589309
MLT2A1_dup1755,0,0
MLT2A1_dup1756,0,0
MLT2A1_dup1757,1.692678231,0.101497699
MLT2A1_dup1758,0.235427021,0.145369724
MLT2A1_dup1759,0.091367342,0
MLT2A1_dup1760,0,0
MLT2A1_dup1761,0,0
MLT2A1_dup1762,0.042124736,0
MLT2A1_dup1763,0,0
MLT2A1_dup1764,0,0
MLT2A1_dup1765,0.208783837,0.020393761
MLT2A1_dup1766,0.140196008,0
MLT2A1_dup1767,0.120231017,0.237360713
MLT2A1_dup1768,0,0.029773469
MLT2A1_dup1769,0,0
MLT2A1_dup1770,0,0
MLT2A1_dup1771,0,0
MLT2A1_dup1772,0,0
MLT2A1_dup1773,0.247038901,0
MLT2A1_dup1774,0,0
MLT2A1_dup1775,0,0
MLT2A1_dup1776,0,0
MLT2A1_dup1777,0,0
MLT2A1_dup1778,0,0
MLT2A1_dup1779,0,0
MLT2A1_dup1780,0,0
MLT2A1_dup1781,0,0
MLT2A1_dup1782,0,0
MLT2A1_dup1783,0,0
MLT2A1_dup1784,0,0
MLT2A1_dup1785,0.877923412,0.240161698
MLT2A1_dup1786,0,0
MLT2A1_dup1787,0,0
MLT2A1_dup1788,0,0
MLT2A1_dup1789,0,0
MLT2A1_dup1790,0,0
MLT2A1_dup1791,0,0
MLT2A1_dup1792,0,0
MLT2A1_dup1793,0,0
MLT2A1_dup1794,0,0
MLT2A1_dup1795,0,0
MLT2A1_dup1796,0,0
MLT2A1_dup1797,0,0
MLT2A1_dup1798,0,0
MLT2A1_dup1799,0,0
MLT2A1_dup1800,0,0
MLT2A1_dup1801,0,0
MLT2A1_dup1802,0.128246418,0
MLT2A1_dup1803,0.054534069,0
MLT2A1_dup1804,0,0
MLT2A1_dup1805,0,0
MLT2A1_dup1806,1.56986182,0.179591974
MLT2A1_dup1807,0,0
MLT2A1_dup1808,0,0
MLT2A1_dup1809,0.432622576,0.081613657
MLT2A1_dup1810,0.192198755,0.09499081
MLT2A1_dup1811,0,0
MLT2A1_dup1812,0,0
MLT2A1_dup1813,0,0
MLT2A1_dup1814,0,0
MLT2A1_dup1815,0,0
MLT2A1_dup1816,0.039528005,0
MLT2A1_dup1817,0,0
MLT2A1_dup1818,0,0
MLT2A1_dup1819,0,0
MLT2A1_dup1820,0,0
MLT2A1_dup1821,0,0
MLT2A1_dup1822,0,0
MLT2A1_dup1823,0,0
MLT2A1_dup1824,0.021604355,0
MLT2A1_dup1825,0.06573104,0.041784771
MLT2A1_dup1826,0.221964954,0
MLT2A1_dup1827,0,0
MLT2A1_dup1828,0,0
MLT2A1_dup1829,0,0
MLT2A1_dup1830,0,0
MLT2A1_dup1831,0,0
MLT2A1_dup1832,0,0
MLT2A1_dup1833,0,0
MLT2A1_dup1834,0,0
MLT2A1_dup1835,2.308816388,0.332960943
MLT2A1_dup1836,0.582627473,0.137202885
MLT2A1_dup1837,0,0.047227103
MLT2A1_dup1838,0,0
MLT2A1_dup1839,0,0
MLT2A1_dup1840,0,0
MLT2A1_dup1841,0.069068882,0.09255355
MLT2A1_dup1842,0.477071646,0.058605244
MLT2A1_dup1843,0,0
MLT2A1_dup1844,0,0
MLT2A1_dup1845,0,0
MLT2A1_dup1846,0,0
MLT2A1_dup1847,0.262322218,0
MLT2A1_dup1848,0.019946159,0.039377814
MLT2A1_dup1849,0,0
MLT2A1_dup1850,0,0
MLT2A1_dup1851,0,0.100136551
MLT2A1_dup1852,0,0.712082139
MLT2A1_dup1853,0,0
MLT2A1_dup1854,0,0
MLT2A1_dup1855,0,0
MLT2A1_dup1856,0,0
MLT2A1_dup1857,0.049080662,0
MLT2A1_dup1858,0,0
MLT2A1_dup1859,0,0
MLT2A1_dup1860,1.672822424,0.174127873
MLT2A1_dup1861,0,0
MLT2A1_dup1862,0.922916447,0.421982234
MLT2A1_dup1863,0,0
MLT2A1_dup1864,0,0
MLT2A1_dup1865,0,0
MLT2A1_dup1866,0,0
MLT2A1_dup1867,0,0
MLT2A1_dup1868,0,0
MLT2A1_dup1869,0.052586424,0
MLT2A1_dup1870,0,0
MLT2A1_dup1871,0,0
MLT2A1_dup1872,0,0
MLT2A1_dup1873,0.048907532,0
MLT2A1_dup1874,0,0
MLT2A1_dup1875,0,0
MLT2A1_dup1876,0,0
MLT2A1_dup1877,0,0
MLT2A1_dup1878,0,0
MLT2A1_dup1879,0,0
MLT2A1_dup1880,0.038132557,0
MLT2A1_dup1881,0.022196495,0
MLT2A1_dup1882,0,0
MLT2A1_dup1884,0.066617604,0.099129764
MLT2A1_dup1885,0,0
MLT2A1_dup1886,0,0
MLT2A1_dup1887,0,0
MLT2A1_dup1888,0,0.022194768
MLT2A1_dup1889,0,0.073034065
MLT2A1_dup1890,0,0
MLT2A1_dup1891,0,0
MLT2A1_dup1892,0.022052371,0
MLT2A1_dup1893,0,0.390665371
MLT2A1_dup1894,1.323990498,0.141406382
MLT2A1_dup1895,0,0
MLT2A1_dup1896,0,0
MLT2A1_dup1897,0,0
MLT2A1_dup1898,0.856237604,0.315685505
MLT2A1_dup1899,0,0
MLT2A1_dup1900,0,0.039560119
MLT2A1_dup1901,2.946938795,0.902371859
MLT2A1_dup1902,0.298177545,0.101359616
MLT2A1_dup1903,0,0
MLT2A1_dup1904,0,0
MLT2A1_dup1905,0,0
MLT2A1_dup1906,0,0
MLT2A1_dup1907,0,0
MLT2A1_dup1908,0,0
MLT2A1_dup1909,0,0
MLT2A1_dup1910,0,0
MLT2A1_dup1911,0,0
MLT2A1_dup1912,0,0
MLT2A1_dup1913,0,0
MLT2A1_dup1914,0,0.020689443
MLT2A1_dup1915,0,0
MLT2A1_dup1916,0,0
MLT2A1_dup1917,0,0
MLT2A1_dup1918,0,0
MLT2A1_dup1919,0,0
MLT2A1_dup1920,0,0
MLT2A1_dup1921,0,0
MLT2A1_dup1922,0,0
MLT2A1_dup1923,0,0
MLT2A1_dup1924,1.147420701,0.133737387
MLT2A1_dup1925,0.038645684,0.038147257
MLT2A1_dup1926,0,0
MLT2A1_dup1927,0,0
MLT2A1_dup1928,0,0
MLT2A1_dup1929,0.022661343,0
MLT2A1_dup1930,0,0
MLT2A1_dup1931,0,0
MLT2A1_dup1932,0,0
MLT2A1_dup1933,0.044621821,0.112513445
MLT2A1_dup1934,0,0
MLT2A1_dup1935,0,0
MLT2A1_dup1936,0,0
MLT2A1_dup1937,0,0
MLT2A1_dup1938,0.151916335,0
MLT2A1_dup1939,0.041805877,0
MLT2A1_dup1940,0,0
MLT2A1_dup1941,0,0
MLT2A1_dup1942,0,0
MLT2A1_dup1943,0,0
MLT2A1_dup1944,0,0
MLT2A1_dup1945,0,0
MLT2A1_dup1946,0,0
MLT2A1_dup1947,15.86026088,2.322810405
MLT2A1_dup1948,1.993501168,0.176203214
MLT2A1_dup1949,0,0.021756958
MLT2A1_dup1950,0.024353,0.022532015
MLT2A1_dup1951,0,0
MLT2A1_dup1952,0.0649597,0.020034122
MLT2A1_dup1953,0,0
MLT2A1_dup1954,0.045792962,0
MLT2A1_dup1955,0,0
MLT2A1_dup1956,0,0
MLT2A1_dup1957,0,0
MLT2A1_dup1958,0,0
MLT2A1_dup1959,0,0
MLT2A1_dup1960,0.101842743,0
MLT2A1_dup1961,0,0
MLT2A1_dup1962,0.021751657,0
MLT2A1_dup1963,0,0
MLT2A1_dup1964,0,0
MLT2A1_dup1965,0.043067827,0
MLT2A1_dup1966,0,0.021966544
MLT2A1_dup1967,0,0.20345204
MLT2A1_dup1968,0.164210471,0.019943878
MLT2A1_dup1969,0.211126919,0
MLT2A1_dup1970,0,0
MLT2A1_dup1971,0,0.019734378
MLT2A1_dup1972,0,0
MLT2A1_dup1973,0,0
MLT2A1_dup1974,0,0
MLT2A1_dup1975,0.051501907,0.099406334
MLT2A1_dup1976,0.127207451,0
MLT2A1_dup1977,0,0
MLT2A1_dup1978,0.022027056,0
MLT2A1_dup1979,0,0
MLT2A1_dup1980,0,0
MLT2A1_dup1981,0,0
MLT2A1_dup1982,0.035550855,0.018182919
MLT2A1_dup1983,0.173808467,0.01987206
MLT2A1_dup1984,0,0
MLT2A1_dup1985,0,0
MLT2A1_dup1986,0.039800612,0
MLT2A1_dup1987,0,0
MLT2A1_dup1988,0,0
MLT2A1_dup1989,0.02142731,0
MLT2A1_dup1990,0,0
MLT2A1_dup1991,0,0
MLT2A1_dup1992,0.2589978,0
MLT2A1_dup1993,0.048348441,0
MLT2A1_dup1994,0.058896794,0
MLT2A1_dup1995,0,0
MLT2A1_dup1996,0,0
MLT2A1_dup1883,0,0.019202215
MLT2A1_dup1997,0,0
MLT2A1_dup1998,0,0
MLT2A1_dup1999,0,0
MLT2A1_dup2000,0,0
MLT2A1_dup2001,0,0
MLT2A1_dup2002,0,0
MLT2A1_dup2003,0,0
MLT2A1_dup2004,0,0
MLT2A1_dup2005,0.103427986,0
MLT2A1_dup2006,0,0
MLT2A1_dup2007,0,0
MLT2A1_dup2008,0,0
MLT2A1_dup2009,0.075360071,0.045669468
MLT2A1_dup2010,0,0.196436452
MLT2A1_dup2011,0.072339553,0
MLT2A1_dup2012,0,0
MLT2A1_dup2013,0,0
MLT2A1_dup2014,0.019109566,0
MLT2A1_dup2015,0,0
MLT2A1_dup2016,0,0
MLT2A1_dup2017,0,0
MLT2A1_dup2018,0.260242975,0.242500819
MLT2A1_dup2019,0.492631413,0.230945558
MLT2A1_dup2020,0,0.188405994
MLT2A1_dup2021,0,0.023060109
MLT2A1_dup2022,0,0
MLT2A1_dup2023,0,0
MLT2A1_dup2024,0,0
MLT2A1_dup2025,0,0
MLT2A1_dup2026,0,0
MLT2A1_dup2027,0,0
MLT2A1_dup2028,0,0
MLT2A1_dup2029,0,0
MLT2A1_dup2030,0,0
MLT2A1_dup2031,0,0
MLT2A1_dup2032,0,0.022647268
MLT2A1_dup2033,0.066617604,0.080023292
MLT2A1_dup2034,0,0
MLT2A1_dup2035,0,0.020835486
MLT2A1_dup2036,0.118645402,0
MLT2A1_dup2037,0.452452255,0.463317566
MLT2A1_dup2038,0,0
MLT2A1_dup2039,0,0
MLT2A1_dup2040,0.639942796,0.330790074
MLT2A1_dup2041,1.124927394,1.082658961
MLT2A1_dup2042,0.062282402,0
MLT2A1_dup2043,0.470778398,0.668069953
MLT2A1_dup2044,2.067999651,3.041367058
MLT2A1_dup2045,1.235631075,1.356356882
MLT2A1_dup2046,1.636258027,2.997634951
MLT2A1_dup2047,0,0
MLT2A1_dup2048,0,0
MLT2A1_dup2049,0.162215747,0
MLT2A1_dup2050,0,0.042939626
MLT2A1_dup2051,0.040505249,0.019677959
MLT2A1_dup2052,0,0
MLT2A1_dup2053,0.022139727,0
MLT2A1_dup2054,0,0
MLT2A1_dup2055,0,0
MLT2A1_dup2056,0,0
MLT2A1_dup2057,0,0
MLT2A1_dup2058,0,0
MLT2A1_dup2059,0.019946159,0.019688907
MLT2A1_dup2060,0,0
MLT2A1_dup2061,0,0
MLT2A1_dup2062,0,0
MLT2A1_dup2063,0.124560562,0.059806718
MLT2A1_dup2064,0.217716635,0.060761248
MLT2A1_dup2065,0,0
MLT2A1_dup2066,0,0
MLT2A1_dup2067,0,0
MLT2A1_dup2068,0,0.020933999
MLT2A1_dup2069,2.655992174,0.080160344
MLT2A1_dup2070,0,0
MLT2A1_dup2071,0,0
MLT2A1_dup2072,0,0.018739004
MLT2A1_dup2073,0,0.022137704
MLT2A1_dup2074,0,0
MLT2A1_dup2075,0,0
MLT2A1_dup2076,0,0
MLT2A1_dup2077,0,0
MLT2A1_dup2078,0,0
MLT2A1_dup2079,0,0
MLT2A1_dup2080,0,0
MLT2A1_dup2081,0.022083248,0
MLT2A1_dup2082,0.042918068,0
MLT2A1_dup2083,0.148121187,0.240524609
MLT2A1_dup2084,0,0.816516997
MLT2A1_dup2085,0,0
MLT2A1_dup2086,0,0
MLT2A1_dup2087,0,0
MLT2A1_dup2088,1.33460073,1.417600707
MLT2A1_dup2089,0.48547454,0.127143579
MLT2A1_dup2090,0.062049311,0.038839436
MLT2A1_dup2091,0,0
MLT2A1_dup2092,0,0
MLT2A1_dup2093,0.044241171,0.148192437
MLT2A1_dup2094,0,0
MLT2A1_dup2095,0.465600115,0
MLT2A1_dup2096,0,0
MLT2A1_dup2097,0,0
MLT2A1_dup2098,0,0
MLT2A1_dup2099,0,0
MLT2A1_dup2100,0,0
MLT2A1_dup2101,0.067806526,0
MLT2A1_dup2102,0,0
MLT2A1_dup2103,0,0
MLT2A1_dup2104,0,0.02341092
MLT2A1_dup2105,0,0
MLT2A1_dup2106,0,0
MLT2A1_dup2107,0,0
MLT2A1_dup2108,0,0
MLT2A1_dup2109,0.151916335,0
MLT2A1_dup2110,0.024988849,0
MLT2A1_dup2111,0,0
MLT2A1_dup2112,0,0
MLT2A1_dup2113,0.026221176,0.12130249
MLT2A1_dup2114,0,0
MLT2A1_dup2115,0.074966546,0.022310668
MLT2A1_dup2116,0,0
MLT2A1_dup2117,0.229596165,0.022194768
MLT2A1_dup2118,0.285693405,0.264330798
MLT2A1_dup2119,0.052442351,0.048520996
MLT2A1_dup2120,0,0
MLT2A1_dup2121,0,0
MLT2A1_dup2122,0.064233081,0
MLT2A1_dup2123,0.062188124,0
MLT2A1_dup2124,0,0
MLT2A1_dup2125,0,0
MLT2A1_dup2126,0,0
MLT2A1_dup2127,0,0
MLT2A1_dup2128,0.017885606,0.089556034
MLT2A1_dup2129,0,0
MLT2A1_dup2130,0,0
MLT2A1_dup2131,0.092619959,0
MLT2A1_dup2132,0,0
MLT2A1_dup2133,0.021653233,0
MLT2A1_dup2134,0,0
MLT2A1_dup2135,0,0
MLT2A1_dup2136,0,0.019780059
MLT2A1_dup2137,0,0
MLT2A1_dup2138,0,0.044501451
MLT2A1_dup2139,0,0
MLT2A1_dup2140,0,0
MLT2A1_dup2141,0,0
MLT2A1_dup2142,0.138982643,0
MLT2A1_dup2143,0.02197115,0
MLT2A1_dup2144,0,0
MLT2A1_dup2145,0.021604355,0.099244498
MLT2A1_dup2146,0,0
MLT2A1_dup2147,0,0
MLT2A1_dup2148,0,0
MLT2A1_dup2149,0,0
MLT2A1_dup2150,0,0
MLT2A1_dup2151,0,0
MLT2A1_dup2152,0.068362351,0.040690408
MLT2A1_dup2153,0.146617407,0.240231973
MLT2A1_dup2154,0,0
MLT2A1_dup2155,0,0
MLT2A1_dup2156,0.607883589,0.302577177
MLT2A1_dup2157,0,0
MLT2A1_dup2158,0,0
MLT2A1_dup2159,0.122919231,0
MLT2A1_dup2160,0.326665404,0
MLT2A1_dup2161,0,0
MLT2A1_dup2162,0,0
MLT2A1_dup2163,0,0
MLT2A1_dup2164,0,0
MLT2A1_dup2165,0,0
MLT2A1_dup2166,0,0
MLT2A1_dup2167,0,0
MLT2A1_dup2168,0,0
MLT2A1_dup2169,0,0
MLT2A1_dup2170,0.044969523,0
MLT2A1_dup2171,0,0
MLT2A1_dup2172,0,0
MLT2A1_dup2173,0.044166496,0
MLT2A1_dup2174,0,0
MLT2A1_dup2175,0,0
MLT2A1_dup2176,0.039528005,0.078744381
MLT2A1_dup2177,0,0
MLT2A1_dup2178,0,0
MLT2A1_dup2179,0.119452059,0
MLT2A1_dup2180,0,0
MLT2A1_dup2181,0.960465831,0.616936226
MLT2A1_dup2182,1.74664423,0.934476911
MLT2A1_dup2183,2.164158298,3.301274648
MLT2A1_dup2184,0.772447884,0.81375971
MLT2A1_dup2185,0,0
MLT2A1_dup2186,0.212065313,0.038232598
MLT2A1_dup2187,0.065452355,0.015736622
MLT2A1_dup2188,0,0
MLT2A1_dup2189,0,0
MLT2A1_dup2190,0,0
MLT2A1_dup2191,0.287787973,0.039817088
MLT2A1_dup2192,0,0
MLT2A1_dup2193,0,0
MLT2A1_dup2194,0,0
MLT2A1_dup2195,0.021411027,0
MLT2A1_dup2196,0,0
MLT2A1_dup2197,0,0
MLT2A1_dup2198,0.136324932,0.27483071
MLT2A1_dup2199,0,0
MLT2A1_dup2200,0,0
MLT2A1_dup2201,0.565189528,0.339213813
MLT2A1_dup2202,0,0.264330798
MLT2A1_dup2203,0,0
MLT2A1_dup2204,0.024477568,0
MLT2A1_dup2205,0.097587421,0.036174776
MLT2A1_dup3728,0.764599284,0.661371948
MLT2A1_dup3729,1.952621334,2.827667235
MLT2A1_dup3837,1.325821863,1.431561094
MLT2A1_dup3737,0,0
MLT2A1_dup3738,0,0
MLT2A1_dup3739,0,0
MLT2A1_dup3740,0,0
MLT2A1_dup3741,0,0
MLT2A1_dup3742,0,0
MLT2A1_dup3743,0,0
MLT2A1_dup3744,0,0
MLT2A1_dup3745,0,0
MLT2A1_dup3746,0,0
MLT2A1_dup3747,0,0
MLT2A1_dup3748,0,0
MLT2A1_dup3749,0,0
MLT2A1_dup3750,0,0
MLT2A1_dup3795,0,0
MLT2A1_dup3796,0,0
MLT2A1_dup3797,0,0
MLT2A1_dup3732,0,0
MLT2A1_dup3733,0,0
MLT2A1_dup3766,0,0
MLT2A1_dup3767,0,0
MLT2A1_dup3816,0,0
MLT2A1_dup3817,0,0
MLT2A1_dup3818,0,0
MLT2A1_dup3819,0,0
MLT2A1_dup3820,0,0
MLT2A1_dup3826,0,0
MLT2A1_dup3827,0,0.046821839
MLT2A1_dup3828,0,0
MLT2A1_dup3829,0,0
MLT2A1_dup3830,0,0
MLT2A1_dup3831,0.144405669,0.022194768
MLT2A1_dup3832,0,0
MLT2A1_dup3833,0,0
MLT2A1_dup3834,0,0
MLT2A1_dup3835,0,0
MLT2A1_dup3836,0,0
MLT2A1_dup3730,0,0
MLT2A1_dup3731,0,0
MLT2A1_dup3734,0,0
MLT2A1_dup3735,0,0
MLT2A1_dup3736,0,0
MLT2A1_dup3751,0,0
MLT2A1_dup3752,0,0
MLT2A1_dup3753,0,0
MLT2A1_dup3754,0,0
MLT2A1_dup3755,0,0
MLT2A1_dup3756,0,0
MLT2A1_dup3757,0,0
MLT2A1_dup3758,0,0
MLT2A1_dup3759,0,0
MLT2A1_dup3761,0,0
MLT2A1_dup3762,0,0
MLT2A1_dup3763,0,0
MLT2A1_dup3764,0,0
MLT2A1_dup3765,0,0
MLT2A1_dup3768,0,0
MLT2A1_dup3769,0,0
MLT2A1_dup3770,0,0
MLT2A1_dup3771,0,0
MLT2A1_dup3772,0,0
MLT2A1_dup3773,0,0
MLT2A1_dup3774,0,0
MLT2A1_dup3775,0,0
MLT2A1_dup3776,0,0
MLT2A1_dup3777,0,0
MLT2A1_dup3778,0,0
MLT2A1_dup3779,0,0
MLT2A1_dup3780,0,0
MLT2A1_dup3781,0,0
MLT2A1_dup3782,0,0
MLT2A1_dup3783,0,0
MLT2A1_dup3784,0,0
MLT2A1_dup3785,0,0
MLT2A1_dup3786,0,0
MLT2A1_dup3787,0,0
MLT2A1_dup3788,0,0
MLT2A1_dup3798,0,0
MLT2A1_dup3799,0,0
MLT2A1_dup3800,0,0
MLT2A1_dup3801,0,0
MLT2A1_dup3802,0,0
MLT2A1_dup3803,0,0
MLT2A1_dup3804,0,0
MLT2A1_dup3822,0,0
MLT2A1_dup3823,0,0
MLT2A1_dup3824,0,0
MLT2A1_dup3825,0,0
MLT2A1_dup3760,0,0
MLT2A1_dup3789,0,0
MLT2A1_dup3790,0,0
MLT2A1_dup3791,0,0
MLT2A1_dup3792,0,0
MLT2A1_dup3793,0,0
MLT2A1_dup3794,0,0
MLT2A1_dup3805,0,0
MLT2A1_dup3806,0,0
MLT2A1_dup3807,0,0
MLT2A1_dup3808,0,0
MLT2A1_dup3809,0,0
MLT2A1_dup3810,0,0
MLT2A1_dup3811,0,0
MLT2A1_dup3812,0,0
MLT2A1_dup3813,0,0
MLT2A1_dup3814,0,0
MLT2A1_dup3815,0,0
MLT2A1_dup3821,0,0
MLT2A1_dup2207,0,0
MLT2A1_dup2208,0,0
MLT2A1_dup2209,0,0
MLT2A1_dup2210,0.044166496,0
MLT2A1_dup2211,0,0
MLT2A1_dup2212,0,0
MLT2A1_dup2213,0.09644107,0.135634693
MLT2A1_dup2214,0.077812433,0.233910805
MLT2A1_dup2215,0,0
MLT2A1_dup2216,0,0.038666816
MLT2A1_dup2217,0,0.020263345
MLT2A1_dup2218,0,0
MLT2A1_dup2219,0,0
MLT2A1_dup2220,0,0.025300234
MLT2A1_dup2221,0,0
MLT2A1_dup2222,0,0.221377043
MLT2A1_dup2223,0,0
MLT2A1_dup2224,0,0
MLT2A1_dup2225,0,0
MLT2A1_dup2226,0.16624336,0.067283352
MLT2A1_dup2227,0,0.178020535
MLT2A1_dup2228,0.062553785,0
MLT2A1_dup2229,0.020582213,0
MLT2A1_dup2230,0,0
MLT2A1_dup2231,0,0
MLT2A1_dup2232,0.067965994,0.020892385
MLT2A1_dup2233,0,0
MLT2A1_dup2234,0,0
MLT2A1_dup2235,0.025120024,0
MLT2A1_dup2236,0.044104742,0.039377814
MLT2A1_dup2237,0,0
MLT2A1_dup2238,0.018777946,0
MLT2A1_dup2239,0,0
MLT2A1_dup2240,0,0
MLT2A1_dup2241,0,0
MLT2A1_dup2242,0,0.038666816
MLT2A1_dup2243,1.183020459,0.060197339
MLT2A1_dup2244,0,0
MLT2A1_dup2245,0,0
MLT2A1_dup2246,0,0
MLT2A1_dup2247,0,0
MLT2A1_dup2248,0,0
MLT2A1_dup2249,0,0
MLT2A1_dup2250,0,0
MLT2A1_dup2251,0,0
MLT2A1_dup2252,0,0
MLT2A1_dup2253,0,0
MLT2A1_dup2254,0,0
MLT2A1_dup2255,0,0
MLT2A1_dup2256,0,0.022647268
MLT2A1_dup2257,0,0
MLT2A1_dup2258,0,0
MLT2A1_dup2259,0.021315655,0
MLT2A1_dup2260,1.604951565,0.153982897
MLT2A1_dup2261,0.019992224,0
MLT2A1_dup2262,0.473429657,0.520231808
MLT2A1_dup2263,0,0
MLT2A1_dup2264,0,0
MLT2A1_dup2265,0,0
MLT2A1_dup2266,0,0
MLT2A1_dup2267,0,0
MLT2A1_dup2268,0,0.016520675
MLT2A1_dup2269,0,0
MLT2A1_dup2270,0,0.022310668
MLT2A1_dup2271,0.043701959,0
MLT2A1_dup2272,0,0
MLT2A1_dup2273,0,0
MLT2A1_dup2274,0.040737097,0
MLT2A1_dup2275,0,0
MLT2A1_dup2276,0,0
MLT2A1_dup2277,0,0
MLT2A1_dup2278,0,0
MLT2A1_dup2279,0,0
MLT2A1_dup2280,0,0
MLT2A1_dup2281,0,0
MLT2A1_dup2282,0,0
MLT2A1_dup2283,0,0
MLT2A1_dup2284,0,0
MLT2A1_dup2285,0,0
MLT2A1_dup2286,0,0
MLT2A1_dup2287,0,0
MLT2A1_dup2288,0,0
MLT2A1_dup2289,0,0
MLT2A1_dup2290,0,0
MLT2A1_dup2291,0,0
MLT2A1_dup2292,0,0
MLT2A1_dup2293,0,0
MLT2A1_dup2294,0,0
MLT2A1_dup2295,0,0
MLT2A1_dup2296,0,0
MLT2A1_dup2297,0,0.037908644
MLT2A1_dup2298,0.019674166,0.038840844
MLT2A1_dup2299,0,0
MLT2A1_dup2300,1.063414342,0
MLT2A1_dup2301,0.050505167,0
MLT2A1_dup2302,0,0
MLT2A1_dup2303,0,0.108438904
MLT2A1_dup2304,0.019540933,0
MLT2A1_dup2305,0,0.022427784
MLT2A1_dup2306,0,0
MLT2A1_dup2307,0.059156947,0
MLT2A1_dup2308,0,0
MLT2A1_dup2309,0,0
MLT2A1_dup2310,0,0
MLT2A1_dup2311,0,0
MLT2A1_dup2312,0,0
MLT2A1_dup2313,0,0
MLT2A1_dup2314,0,0
MLT2A1_dup2315,0,0
MLT2A1_dup2316,0,0
MLT2A1_dup2317,0,0
MLT2A1_dup2318,0,0
MLT2A1_dup2319,5.4947178,1.198413053
MLT2A1_dup2320,0,0
MLT2A1_dup2321,0.083236858,0
MLT2A1_dup2322,0.31085098,0
MLT2A1_dup2323,0,0
MLT2A1_dup2324,0,0
MLT2A1_dup2325,0,0
MLT2A1_dup2326,0,0
MLT2A1_dup2327,0.197918351,0
MLT2A1_dup2328,0,0
MLT2A1_dup2329,0,0
MLT2A1_dup2330,0,0
MLT2A1_dup2331,0,0
MLT2A1_dup2332,0,0
MLT2A1_dup2333,0,0
MLT2A1_dup2334,0.064948812,0.082757773
MLT2A1_dup2335,0.023457669,0
MLT2A1_dup2336,0,0
MLT2A1_dup2337,0,0
MLT2A1_dup2338,0,0
MLT2A1_dup2339,0,0
MLT2A1_dup2340,0.021480479,0.021972908
MLT2A1_dup2341,0,0
MLT2A1_dup2342,0,0
MLT2A1_dup2343,0,0
MLT2A1_dup2344,0.018818768,0
MLT2A1_dup2345,0,0
MLT2A1_dup2346,0,0
MLT2A1_dup2347,0,0
MLT2A1_dup2348,0,0.046483369
MLT2A1_dup2349,0,0
MLT2A1_dup2350,0,0
MLT2A1_dup2351,0,0
MLT2A1_dup2352,0,0
MLT2A1_dup2353,0,0
MLT2A1_dup2354,0,0
MLT2A1_dup2355,0,0
MLT2A1_dup2356,0.462768602,0.069180326
MLT2A1_dup2357,0.090717811,0
MLT2A1_dup2358,0,0
MLT2A1_dup2359,0.026365645,0
MLT2A1_dup2360,0.090262851,0
MLT2A1_dup2361,0,0
MLT2A1_dup2362,0,0
MLT2A1_dup2363,0,0
MLT2A1_dup2364,0,0
MLT2A1_dup2206,0,0
MLT2A1_dup2365,0,0.224868044
MLT2A1_dup2366,0,0
MLT2A1_dup2367,0,0
MLT2A1_dup2368,0,0.136292956
MLT2A1_dup2369,0,0
MLT2A1_dup2370,0,0
MLT2A1_dup2371,0,0.092219355
MLT2A1_dup2372,0,0.035020433
MLT2A1_dup2373,0,0
MLT2A1_dup2374,0,0
MLT2A1_dup2375,0,0
MLT2A1_dup2376,0,0
MLT2A1_dup2377,0,0
MLT2A1_dup2378,0,0
MLT2A1_dup2379,0,0
MLT2A1_dup2380,0,0
MLT2A1_dup2381,0,0
MLT2A1_dup2382,0,0
MLT2A1_dup2383,0,0
MLT2A1_dup2384,0,0
MLT2A1_dup2385,0.044411736,0
MLT2A1_dup2386,0.075111785,0.037744181
MLT2A1_dup2387,0.083974877,0.097404765
MLT2A1_dup2388,0,0.113526689
MLT2A1_dup2389,0.884680619,0.25766046
MLT2A1_dup2390,0.561688812,0.752573896
MLT2A1_dup2391,0,0
MLT2A1_dup2392,0,0
MLT2A1_dup2393,0,0
MLT2A1_dup2394,0,0
MLT2A1_dup2395,0,0
MLT2A1_dup2396,0,0
MLT2A1_dup2397,0,0
MLT2A1_dup2398,13.35348296,13.22632073
MLT2A1_dup2399,0.140933213,0
MLT2A1_dup2400,0,0
MLT2A1_dup2401,0,0
MLT2A1_dup2402,0,0
MLT2A1_dup2403,0,0
MLT2A1_dup2404,0.034351719,0.119295626
MLT2A1_dup2405,0.206110314,0
MLT2A1_dup2406,0.100453818,0.046774375
MLT2A1_dup2407,0.425365737,0
MLT2A1_dup2408,0.106915736,0
MLT2A1_dup2409,0,0
MLT2A1_dup2410,0,0
MLT2A1_dup2411,0,0
MLT2A1_dup2412,0,0
MLT2A1_dup2413,0,0
MLT2A1_dup2414,0,0
MLT2A1_dup2415,0.024415125,0
MLT2A1_dup2416,1.068854852,0.04219746
MLT2A1_dup2417,2.451794599,0.429751964
MLT2A1_dup2418,0.269588434,0.019825953
MLT2A1_dup2419,0.479823784,0.080899149
MLT2A1_dup2420,2.380673326,0.745158182
MLT2A1_dup2421,0.063663386,0
MLT2A1_dup2422,0.039170286,0
MLT2A1_dup2423,0,0
MLT2A1_dup2424,0,0
MLT2A1_dup2425,0,0.021337546
MLT2A1_dup2426,0,0
MLT2A1_dup2427,0,0.041180654
MLT2A1_dup2428,0,0
MLT2A1_dup2429,0.083437428,0.041180654
MLT2A1_dup2430,0.186185504,0.136422329
MLT2A1_dup2431,0,0.080136486
MLT2A1_dup2432,0,0
MLT2A1_dup2433,0,0
MLT2A1_dup2434,0,0
MLT2A1_dup2435,0,0
MLT2A1_dup2436,0,0
MLT2A1_dup2437,0,0
MLT2A1_dup2438,0,0
MLT2A1_dup2439,0,0
MLT2A1_dup2440,0,0
MLT2A1_dup2441,0,0
MLT2A1_dup2442,0,0
MLT2A1_dup2443,0,0
MLT2A1_dup2444,0,0
MLT2A1_dup2445,0,0
MLT2A1_dup2446,0,0.019245463
MLT2A1_dup2447,0.129203481,0
MLT2A1_dup2448,0,0
MLT2A1_dup2449,0.043090691,0
MLT2A1_dup2450,0,0
MLT2A1_dup2451,0,0
MLT2A1_dup2452,0,0.019504585
MLT2A1_dup2453,0,0.161226145
MLT2A1_dup2454,0,0.072328235
MLT2A1_dup2455,0,0.067817347
MLT2A1_dup2456,0,0
MLT2A1_dup2457,0,0
MLT2A1_dup2458,0,0
MLT2A1_dup2459,0,0
MLT2A1_dup2460,0,0
MLT2A1_dup2461,0,0
MLT2A1_dup2462,0,0
MLT2A1_dup2463,0,0.022486804
MLT2A1_dup2464,0,0.251323108
MLT2A1_dup2465,0,0
MLT2A1_dup2466,0,0
MLT2A1_dup2467,0,0
MLT2A1_dup2468,0,0
MLT2A1_dup2469,0.019900306,0
MLT2A1_dup2470,0,0
MLT2A1_dup2471,0,0
MLT2A1_dup2472,0,0
MLT2A1_dup2473,0,0
MLT2A1_dup2474,0.022780614,0.044973609
MLT2A1_dup2475,0,0
MLT2A1_dup2476,0,0
MLT2A1_dup2477,9.788062298,1.227605609
MLT2A1_dup2478,0.222575095,0
MLT2A1_dup2479,0,0
MLT2A1_dup2480,0,0
MLT2A1_dup2481,0,0
MLT2A1_dup2482,0,0
MLT2A1_dup2483,0.067717873,0
MLT2A1_dup2484,0.199390189,0
MLT2A1_dup2485,0,0.079955591
MLT2A1_dup2486,0,0
MLT2A1_dup2487,0,0
MLT2A1_dup2488,0,0
MLT2A1_dup2489,0,0
MLT2A1_dup2490,0.025590185,0
MLT2A1_dup2491,0,0
MLT2A1_dup2492,0,0
MLT2A1_dup2493,0,0
MLT2A1_dup2494,0.031138968,0
MLT2A1_dup2495,0,0
MLT2A1_dup2496,0,0
MLT2A1_dup2497,0,0.0195091
MLT2A1_dup2498,0,0
MLT2A1_dup2499,0,0.04090107
MLT2A1_dup2500,0,0
MLT2A1_dup2501,0.077865802,0
MLT2A1_dup2502,0,0
MLT2A1_dup2503,0,0
MLT2A1_dup2504,0,0
MLT2A1_dup2505,0,0
MLT2A1_dup2506,0,0
MLT2A1_dup2507,0,0
MLT2A1_dup2508,0,0
MLT2A1_dup2509,0,0
MLT2A1_dup2510,0,0
MLT2A1_dup2511,0,0
MLT2A1_dup2512,0,0
MLT2A1_dup2513,0,0
MLT2A1_dup2514,0,0
MLT2A1_dup2515,0,0
MLT2A1_dup2516,0,0
MLT2A1_dup2517,0.045086631,0
MLT2A1_dup2518,0,0
MLT2A1_dup2519,0,0
MLT2A1_dup2520,0,0
MLT2A1_dup2521,0,0.080023292
MLT2A1_dup2522,0,0
MLT2A1_dup2523,0,0
MLT2A1_dup2524,0,0
MLT2A1_dup2525,0,0
MLT2A1_dup2526,0,0
MLT2A1_dup2527,0,0
MLT2A1_dup2528,0,0
MLT2A1_dup2529,0,0
MLT2A1_dup2530,0,0
MLT2A1_dup2531,0,0
MLT2A1_dup2532,0,0
MLT2A1_dup2533,0,0
MLT2A1_dup2534,0,0.020933999
MLT2A1_dup2535,0,0
MLT2A1_dup2536,0,0
MLT2A1_dup2537,0,0
MLT2A1_dup2538,0.325128251,0.046120217
MLT2A1_dup2539,0,0.043945815
MLT2A1_dup2540,0.027035958,0.269026064
MLT2A1_dup2541,0,0
MLT2A1_dup2542,0,0
MLT2A1_dup2543,0,0
MLT2A1_dup2544,0,0
MLT2A1_dup2545,0,0
MLT2A1_dup2546,0,0
MLT2A1_dup2547,0,0
MLT2A1_dup2548,0,0
MLT2A1_dup2549,0,0
MLT2A1_dup2550,0,0
MLT2A1_dup2551,0,0
MLT2A1_dup2552,0,0.039107486
MLT2A1_dup2553,0,0
MLT2A1_dup2554,0,0
MLT2A1_dup2555,0,0
MLT2A1_dup2556,0,0
MLT2A1_dup2557,0,0
MLT2A1_dup2558,0,0
MLT2A1_dup2559,0,0
MLT2A1_dup2560,0,0
MLT2A1_dup2561,0.022780614,0
MLT2A1_dup2562,0,0
MLT2A1_dup2563,0,0
MLT2A1_dup2564,0,0
MLT2A1_dup2565,0,0
MLT2A1_dup2566,0,0
MLT2A1_dup2567,0.019540933,0
MLT2A1_dup2568,0,0
MLT2A1_dup2569,0,0
MLT2A1_dup2570,0,0
MLT2A1_dup2571,0,0
MLT2A1_dup2572,0,0
MLT2A1_dup2573,0,0
MLT2A1_dup2574,0,0
MLT2A1_dup2575,0,0
MLT2A1_dup2576,0,0
MLT2A1_dup2577,0,0
MLT2A1_dup2578,0,0
MLT2A1_dup2579,0,0
MLT2A1_dup2580,0,0
MLT2A1_dup2581,0,0
MLT2A1_dup2582,0,0
MLT2A1_dup2583,0,0
MLT2A1_dup2584,0,0
MLT2A1_dup2585,0,0
MLT2A1_dup2586,0,0
